Command line invocation:
    /Applications/Xcode_26.6.app/Contents/Developer/usr/bin/xcodebuild archive -project GeoAlarm.xcodeproj -scheme GeoAlarm -destination generic/platform=iOS -archivePath build/GeoAlarm.xcarchive CODE_SIGNING_ALLOWED=NO CODE_SIGNING_REQUIRED=NO CODE_SIGN_IDENTITY=

Build settings from command line:
    CODE_SIGN_IDENTITY = 
    CODE_SIGNING_ALLOWED = NO
    CODE_SIGNING_REQUIRED = NO

note: Using codesigning identity override: 
ComputePackagePrebuildTargetDependencyGraph

Prepare packages

CreateBuildRequest

SendProjectDescription

CreateBuildOperation

ComputeTargetDependencyGraph
note: Building targets in dependency order
note: Target dependency graph (1 target)
    Target 'GeoAlarm' in project 'GeoAlarm' (no dependencies)

GatherProvisioningInputs

CreateBuildDescription

ExecuteExternalTool /Applications/Xcode_26.6.app/Contents/Developer/usr/bin/actool --print-asset-tag-combinations --output-format xml1 /Users/runner/work/GeoAlarm-iOS/GeoAlarm-iOS/GeoAlarm/Resources/Assets.xcassets

ExecuteExternalTool /Applications/Xcode_26.6.app/Contents/Developer/Toolchains/XcodeDefault.xctoolchain/usr/bin/clang -v -E -dM -isysroot /Applications/Xcode_26.6.app/Contents/Developer/Platforms/iPhoneOS.platform/Developer/SDKs/iPhoneOS26.5.sdk -x c -c /dev/null

ExecuteExternalTool /Applications/Xcode_26.6.app/Contents/Developer/usr/bin/actool --version --output-format xml1

ExecuteExternalTool /Applications/Xcode_26.6.app/Contents/Developer/Toolchains/XcodeDefault.xctoolchain/usr/bin/swiftc --version

ExecuteExternalTool /Applications/Xcode_26.6.app/Contents/Developer/Toolchains/XcodeDefault.xctoolchain/usr/bin/ld -version_details

Build description signature: 2e16d2cd3d88edb8c3cfca94463bb1df
Build description path: /Users/runner/Library/Developer/Xcode/DerivedData/GeoAlarm-bgjyfjejddafizazceyaykvykrwr/Build/Intermediates.noindex/ArchiveIntermediates/GeoAlarm/IntermediateBuildFilesPath/XCBuildData/2e16d2cd3d88edb8c3cfca94463bb1df.xcbuilddata
CreateBuildDirectory /Users/runner/Library/Developer/Xcode/DerivedData/GeoAlarm-bgjyfjejddafizazceyaykvykrwr/Build/Intermediates.noindex/ArchiveIntermediates/GeoAlarm/InstallationBuildProductsLocation
    cd /Users/runner/work/GeoAlarm-iOS/GeoAlarm-iOS/GeoAlarm.xcodeproj
    builtin-create-build-directory /Users/runner/Library/Developer/Xcode/DerivedData/GeoAlarm-bgjyfjejddafizazceyaykvykrwr/Build/Intermediates.noindex/ArchiveIntermediates/GeoAlarm/InstallationBuildProductsLocation

ClangStatCache /Applications/Xcode_26.6.app/Contents/Developer/Toolchains/XcodeDefault.xctoolchain/usr/bin/clang-stat-cache /Applications/Xcode_26.6.app/Contents/Developer/Platforms/iPhoneOS.platform/Developer/SDKs/iPhoneOS26.5.sdk /Users/runner/Library/Developer/Xcode/DerivedData/SDKStatCaches.noindex/iphoneos26.5-23F81a-688ef53f1462e2c8f657fdc38a81448fee66e23052a0157c865c76b268046726.sdkstatcache
    cd /Users/runner/work/GeoAlarm-iOS/GeoAlarm-iOS/GeoAlarm.xcodeproj
    /Applications/Xcode_26.6.app/Contents/Developer/Toolchains/XcodeDefault.xctoolchain/usr/bin/clang-stat-cache /Applications/Xcode_26.6.app/Contents/Developer/Platforms/iPhoneOS.platform/Developer/SDKs/iPhoneOS26.5.sdk -o /Users/runner/Library/Developer/Xcode/DerivedData/SDKStatCaches.noindex/iphoneos26.5-23F81a-688ef53f1462e2c8f657fdc38a81448fee66e23052a0157c865c76b268046726.sdkstatcache

CreateBuildDirectory /Users/runner/Library/Developer/Xcode/DerivedData/GeoAlarm-bgjyfjejddafizazceyaykvykrwr/Build/Intermediates.noindex/ArchiveIntermediates/GeoAlarm/IntermediateBuildFilesPath
    cd /Users/runner/work/GeoAlarm-iOS/GeoAlarm-iOS/GeoAlarm.xcodeproj
    builtin-create-build-directory /Users/runner/Library/Developer/Xcode/DerivedData/GeoAlarm-bgjyfjejddafizazceyaykvykrwr/Build/Intermediates.noindex/ArchiveIntermediates/GeoAlarm/IntermediateBuildFilesPath

CreateBuildDirectory /Users/runner/Library/Developer/Xcode/DerivedData/GeoAlarm-bgjyfjejddafizazceyaykvykrwr/Build/Intermediates.noindex/ArchiveIntermediates/GeoAlarm/BuildProductsPath
    cd /Users/runner/work/GeoAlarm-iOS/GeoAlarm-iOS/GeoAlarm.xcodeproj
    builtin-create-build-directory /Users/runner/Library/Developer/Xcode/DerivedData/GeoAlarm-bgjyfjejddafizazceyaykvykrwr/Build/Intermediates.noindex/ArchiveIntermediates/GeoAlarm/BuildProductsPath

CreateBuildDirectory /Users/runner/Library/Developer/Xcode/DerivedData/GeoAlarm-bgjyfjejddafizazceyaykvykrwr/Build/Intermediates.noindex/ArchiveIntermediates/GeoAlarm/IntermediateBuildFilesPath/SwiftExplicitPrecompiledModules
    cd /Users/runner/work/GeoAlarm-iOS/GeoAlarm-iOS/GeoAlarm.xcodeproj
    builtin-create-build-directory /Users/runner/Library/Developer/Xcode/DerivedData/GeoAlarm-bgjyfjejddafizazceyaykvykrwr/Build/Intermediates.noindex/ArchiveIntermediates/GeoAlarm/IntermediateBuildFilesPath/SwiftExplicitPrecompiledModules

WriteAuxiliaryFile /Users/runner/Library/Developer/Xcode/DerivedData/GeoAlarm-bgjyfjejddafizazceyaykvykrwr/Build/Intermediates.noindex/ArchiveIntermediates/GeoAlarm/IntermediateBuildFilesPath/GeoAlarm.build/Release-iphoneos/GeoAlarm-a5a4bce0800b709a8135eb17424f18cf-VFS-iphoneos/all-product-headers.yaml
    cd /Users/runner/work/GeoAlarm-iOS/GeoAlarm-iOS/GeoAlarm.xcodeproj
    write-file /Users/runner/Library/Developer/Xcode/DerivedData/GeoAlarm-bgjyfjejddafizazceyaykvykrwr/Build/Intermediates.noindex/ArchiveIntermediates/GeoAlarm/IntermediateBuildFilesPath/GeoAlarm.build/Release-iphoneos/GeoAlarm-a5a4bce0800b709a8135eb17424f18cf-VFS-iphoneos/all-product-headers.yaml

CreateBuildDirectory /Users/runner/Library/Developer/Xcode/DerivedData/GeoAlarm-bgjyfjejddafizazceyaykvykrwr/Build/Intermediates.noindex/ArchiveIntermediates/GeoAlarm/IntermediateBuildFilesPath/ExplicitPrecompiledModules
    cd /Users/runner/work/GeoAlarm-iOS/GeoAlarm-iOS/GeoAlarm.xcodeproj
    builtin-create-build-directory /Users/runner/Library/Developer/Xcode/DerivedData/GeoAlarm-bgjyfjejddafizazceyaykvykrwr/Build/Intermediates.noindex/ArchiveIntermediates/GeoAlarm/IntermediateBuildFilesPath/ExplicitPrecompiledModules

CreateBuildDirectory /Users/runner/Library/Developer/Xcode/DerivedData/GeoAlarm-bgjyfjejddafizazceyaykvykrwr/Build/Intermediates.noindex/ArchiveIntermediates/GeoAlarm/IntermediateBuildFilesPath/EagerLinkingTBDs/Release-iphoneos
    cd /Users/runner/work/GeoAlarm-iOS/GeoAlarm-iOS/GeoAlarm.xcodeproj
    builtin-create-build-directory /Users/runner/Library/Developer/Xcode/DerivedData/GeoAlarm-bgjyfjejddafizazceyaykvykrwr/Build/Intermediates.noindex/ArchiveIntermediates/GeoAlarm/IntermediateBuildFilesPath/EagerLinkingTBDs/Release-iphoneos

CreateBuildDirectory /Users/runner/Library/Developer/Xcode/DerivedData/GeoAlarm-bgjyfjejddafizazceyaykvykrwr/Build/Intermediates.noindex/ArchiveIntermediates/GeoAlarm/BuildProductsPath/Release-iphoneos
    cd /Users/runner/work/GeoAlarm-iOS/GeoAlarm-iOS/GeoAlarm.xcodeproj
    builtin-create-build-directory /Users/runner/Library/Developer/Xcode/DerivedData/GeoAlarm-bgjyfjejddafizazceyaykvykrwr/Build/Intermediates.noindex/ArchiveIntermediates/GeoAlarm/BuildProductsPath/Release-iphoneos

WriteAuxiliaryFile /Users/runner/Library/Developer/Xcode/DerivedData/GeoAlarm-bgjyfjejddafizazceyaykvykrwr/Build/Intermediates.noindex/ArchiveIntermediates/GeoAlarm/IntermediateBuildFilesPath/GeoAlarm.build/Release-iphoneos/GeoAlarm.build/Objects-normal/arm64/GeoAlarm_const_extract_protocols.json (in target 'GeoAlarm' from project 'GeoAlarm')
    cd /Users/runner/work/GeoAlarm-iOS/GeoAlarm-iOS
    write-file /Users/runner/Library/Developer/Xcode/DerivedData/GeoAlarm-bgjyfjejddafizazceyaykvykrwr/Build/Intermediates.noindex/ArchiveIntermediates/GeoAlarm/IntermediateBuildFilesPath/GeoAlarm.build/Release-iphoneos/GeoAlarm.build/Objects-normal/arm64/GeoAlarm_const_extract_protocols.json

WriteAuxiliaryFile /Users/runner/Library/Developer/Xcode/DerivedData/GeoAlarm-bgjyfjejddafizazceyaykvykrwr/Build/Intermediates.noindex/ArchiveIntermediates/GeoAlarm/IntermediateBuildFilesPath/GeoAlarm.build/Release-iphoneos/GeoAlarm.build/Objects-normal/arm64/GeoAlarm.SwiftFileList (in target 'GeoAlarm' from project 'GeoAlarm')
    cd /Users/runner/work/GeoAlarm-iOS/GeoAlarm-iOS
    write-file /Users/runner/Library/Developer/Xcode/DerivedData/GeoAlarm-bgjyfjejddafizazceyaykvykrwr/Build/Intermediates.noindex/ArchiveIntermediates/GeoAlarm/IntermediateBuildFilesPath/GeoAlarm.build/Release-iphoneos/GeoAlarm.build/Objects-normal/arm64/GeoAlarm.SwiftFileList

WriteAuxiliaryFile /Users/runner/Library/Developer/Xcode/DerivedData/GeoAlarm-bgjyfjejddafizazceyaykvykrwr/Build/Intermediates.noindex/ArchiveIntermediates/GeoAlarm/IntermediateBuildFilesPath/GeoAlarm.build/Release-iphoneos/GeoAlarm.build/Objects-normal/arm64/GeoAlarm.SwiftConstValuesFileList (in target 'GeoAlarm' from project 'GeoAlarm')
    cd /Users/runner/work/GeoAlarm-iOS/GeoAlarm-iOS
    write-file /Users/runner/Library/Developer/Xcode/DerivedData/GeoAlarm-bgjyfjejddafizazceyaykvykrwr/Build/Intermediates.noindex/ArchiveIntermediates/GeoAlarm/IntermediateBuildFilesPath/GeoAlarm.build/Release-iphoneos/GeoAlarm.build/Objects-normal/arm64/GeoAlarm.SwiftConstValuesFileList

WriteAuxiliaryFile /Users/runner/Library/Developer/Xcode/DerivedData/GeoAlarm-bgjyfjejddafizazceyaykvykrwr/Build/Intermediates.noindex/ArchiveIntermediates/GeoAlarm/IntermediateBuildFilesPath/GeoAlarm.build/Release-iphoneos/GeoAlarm.build/Objects-normal/arm64/GeoAlarm.LinkFileList (in target 'GeoAlarm' from project 'GeoAlarm')
    cd /Users/runner/work/GeoAlarm-iOS/GeoAlarm-iOS
    write-file /Users/runner/Library/Developer/Xcode/DerivedData/GeoAlarm-bgjyfjejddafizazceyaykvykrwr/Build/Intermediates.noindex/ArchiveIntermediates/GeoAlarm/IntermediateBuildFilesPath/GeoAlarm.build/Release-iphoneos/GeoAlarm.build/Objects-normal/arm64/GeoAlarm.LinkFileList

WriteAuxiliaryFile /Users/runner/Library/Developer/Xcode/DerivedData/GeoAlarm-bgjyfjejddafizazceyaykvykrwr/Build/Intermediates.noindex/ArchiveIntermediates/GeoAlarm/IntermediateBuildFilesPath/GeoAlarm.build/Release-iphoneos/GeoAlarm.build/Objects-normal/arm64/GeoAlarm-OutputFileMap.json (in target 'GeoAlarm' from project 'GeoAlarm')
    cd /Users/runner/work/GeoAlarm-iOS/GeoAlarm-iOS
    write-file /Users/runner/Library/Developer/Xcode/DerivedData/GeoAlarm-bgjyfjejddafizazceyaykvykrwr/Build/Intermediates.noindex/ArchiveIntermediates/GeoAlarm/IntermediateBuildFilesPath/GeoAlarm.build/Release-iphoneos/GeoAlarm.build/Objects-normal/arm64/GeoAlarm-OutputFileMap.json

WriteAuxiliaryFile /Users/runner/Library/Developer/Xcode/DerivedData/GeoAlarm-bgjyfjejddafizazceyaykvykrwr/Build/Intermediates.noindex/ArchiveIntermediates/GeoAlarm/IntermediateBuildFilesPath/GeoAlarm.build/Release-iphoneos/GeoAlarm.build/GeoAlarm.hmap (in target 'GeoAlarm' from project 'GeoAlarm')
    cd /Users/runner/work/GeoAlarm-iOS/GeoAlarm-iOS
    write-file /Users/runner/Library/Developer/Xcode/DerivedData/GeoAlarm-bgjyfjejddafizazceyaykvykrwr/Build/Intermediates.noindex/ArchiveIntermediates/GeoAlarm/IntermediateBuildFilesPath/GeoAlarm.build/Release-iphoneos/GeoAlarm.build/GeoAlarm.hmap

WriteAuxiliaryFile /Users/runner/Library/Developer/Xcode/DerivedData/GeoAlarm-bgjyfjejddafizazceyaykvykrwr/Build/Intermediates.noindex/ArchiveIntermediates/GeoAlarm/IntermediateBuildFilesPath/GeoAlarm.build/Release-iphoneos/GeoAlarm.build/GeoAlarm.DependencyStaticMetadataFileList (in target 'GeoAlarm' from project 'GeoAlarm')
    cd /Users/runner/work/GeoAlarm-iOS/GeoAlarm-iOS
    write-file /Users/runner/Library/Developer/Xcode/DerivedData/GeoAlarm-bgjyfjejddafizazceyaykvykrwr/Build/Intermediates.noindex/ArchiveIntermediates/GeoAlarm/IntermediateBuildFilesPath/GeoAlarm.build/Release-iphoneos/GeoAlarm.build/GeoAlarm.DependencyStaticMetadataFileList

WriteAuxiliaryFile /Users/runner/Library/Developer/Xcode/DerivedData/GeoAlarm-bgjyfjejddafizazceyaykvykrwr/Build/Intermediates.noindex/ArchiveIntermediates/GeoAlarm/IntermediateBuildFilesPath/GeoAlarm.build/Release-iphoneos/GeoAlarm.build/GeoAlarm.DependencyMetadataFileList (in target 'GeoAlarm' from project 'GeoAlarm')
    cd /Users/runner/work/GeoAlarm-iOS/GeoAlarm-iOS
    write-file /Users/runner/Library/Developer/Xcode/DerivedData/GeoAlarm-bgjyfjejddafizazceyaykvykrwr/Build/Intermediates.noindex/ArchiveIntermediates/GeoAlarm/IntermediateBuildFilesPath/GeoAlarm.build/Release-iphoneos/GeoAlarm.build/GeoAlarm.DependencyMetadataFileList

WriteAuxiliaryFile /Users/runner/Library/Developer/Xcode/DerivedData/GeoAlarm-bgjyfjejddafizazceyaykvykrwr/Build/Intermediates.noindex/ArchiveIntermediates/GeoAlarm/IntermediateBuildFilesPath/GeoAlarm.build/Release-iphoneos/GeoAlarm.build/GeoAlarm-project-headers.hmap (in target 'GeoAlarm' from project 'GeoAlarm')
    cd /Users/runner/work/GeoAlarm-iOS/GeoAlarm-iOS
    write-file /Users/runner/Library/Developer/Xcode/DerivedData/GeoAlarm-bgjyfjejddafizazceyaykvykrwr/Build/Intermediates.noindex/ArchiveIntermediates/GeoAlarm/IntermediateBuildFilesPath/GeoAlarm.build/Release-iphoneos/GeoAlarm.build/GeoAlarm-project-headers.hmap

WriteAuxiliaryFile /Users/runner/Library/Developer/Xcode/DerivedData/GeoAlarm-bgjyfjejddafizazceyaykvykrwr/Build/Intermediates.noindex/ArchiveIntermediates/GeoAlarm/IntermediateBuildFilesPath/GeoAlarm.build/Release-iphoneos/GeoAlarm.build/GeoAlarm-own-target-headers.hmap (in target 'GeoAlarm' from project 'GeoAlarm')
    cd /Users/runner/work/GeoAlarm-iOS/GeoAlarm-iOS
    write-file /Users/runner/Library/Developer/Xcode/DerivedData/GeoAlarm-bgjyfjejddafizazceyaykvykrwr/Build/Intermediates.noindex/ArchiveIntermediates/GeoAlarm/IntermediateBuildFilesPath/GeoAlarm.build/Release-iphoneos/GeoAlarm.build/GeoAlarm-own-target-headers.hmap

WriteAuxiliaryFile /Users/runner/Library/Developer/Xcode/DerivedData/GeoAlarm-bgjyfjejddafizazceyaykvykrwr/Build/Intermediates.noindex/ArchiveIntermediates/GeoAlarm/IntermediateBuildFilesPath/GeoAlarm.build/Release-iphoneos/GeoAlarm.build/GeoAlarm-generated-files.hmap (in target 'GeoAlarm' from project 'GeoAlarm')
    cd /Users/runner/work/GeoAlarm-iOS/GeoAlarm-iOS
    write-file /Users/runner/Library/Developer/Xcode/DerivedData/GeoAlarm-bgjyfjejddafizazceyaykvykrwr/Build/Intermediates.noindex/ArchiveIntermediates/GeoAlarm/IntermediateBuildFilesPath/GeoAlarm.build/Release-iphoneos/GeoAlarm.build/GeoAlarm-generated-files.hmap

WriteAuxiliaryFile /Users/runner/Library/Developer/Xcode/DerivedData/GeoAlarm-bgjyfjejddafizazceyaykvykrwr/Build/Intermediates.noindex/ArchiveIntermediates/GeoAlarm/IntermediateBuildFilesPath/GeoAlarm.build/Release-iphoneos/GeoAlarm.build/GeoAlarm-all-target-headers.hmap (in target 'GeoAlarm' from project 'GeoAlarm')
    cd /Users/runner/work/GeoAlarm-iOS/GeoAlarm-iOS
    write-file /Users/runner/Library/Developer/Xcode/DerivedData/GeoAlarm-bgjyfjejddafizazceyaykvykrwr/Build/Intermediates.noindex/ArchiveIntermediates/GeoAlarm/IntermediateBuildFilesPath/GeoAlarm.build/Release-iphoneos/GeoAlarm.build/GeoAlarm-all-target-headers.hmap

WriteAuxiliaryFile /Users/runner/Library/Developer/Xcode/DerivedData/GeoAlarm-bgjyfjejddafizazceyaykvykrwr/Build/Intermediates.noindex/ArchiveIntermediates/GeoAlarm/IntermediateBuildFilesPath/GeoAlarm.build/Release-iphoneos/GeoAlarm.build/GeoAlarm-all-non-framework-target-headers.hmap (in target 'GeoAlarm' from project 'GeoAlarm')
    cd /Users/runner/work/GeoAlarm-iOS/GeoAlarm-iOS
    write-file /Users/runner/Library/Developer/Xcode/DerivedData/GeoAlarm-bgjyfjejddafizazceyaykvykrwr/Build/Intermediates.noindex/ArchiveIntermediates/GeoAlarm/IntermediateBuildFilesPath/GeoAlarm.build/Release-iphoneos/GeoAlarm.build/GeoAlarm-all-non-framework-target-headers.hmap

SymLink /Users/runner/Library/Developer/Xcode/DerivedData/GeoAlarm-bgjyfjejddafizazceyaykvykrwr/Build/Intermediates.noindex/ArchiveIntermediates/GeoAlarm/BuildProductsPath/Release-iphoneos/GeoAlarm.app ../../InstallationBuildProductsLocation/Applications/GeoAlarm.app (in target 'GeoAlarm' from project 'GeoAlarm')
    cd /Users/runner/work/GeoAlarm-iOS/GeoAlarm-iOS
    /bin/ln -sfh ../../InstallationBuildProductsLocation/Applications/GeoAlarm.app /Users/runner/Library/Developer/Xcode/DerivedData/GeoAlarm-bgjyfjejddafizazceyaykvykrwr/Build/Intermediates.noindex/ArchiveIntermediates/GeoAlarm/BuildProductsPath/Release-iphoneos/GeoAlarm.app

MkDir /Users/runner/Library/Developer/Xcode/DerivedData/GeoAlarm-bgjyfjejddafizazceyaykvykrwr/Build/Intermediates.noindex/ArchiveIntermediates/GeoAlarm/InstallationBuildProductsLocation/Applications/GeoAlarm.app (in target 'GeoAlarm' from project 'GeoAlarm')
    cd /Users/runner/work/GeoAlarm-iOS/GeoAlarm-iOS
    /bin/mkdir -p /Users/runner/Library/Developer/Xcode/DerivedData/GeoAlarm-bgjyfjejddafizazceyaykvykrwr/Build/Intermediates.noindex/ArchiveIntermediates/GeoAlarm/InstallationBuildProductsLocation/Applications/GeoAlarm.app

MkDir /Users/runner/Library/Developer/Xcode/DerivedData/GeoAlarm-bgjyfjejddafizazceyaykvykrwr/Build/Intermediates.noindex/ArchiveIntermediates/GeoAlarm/IntermediateBuildFilesPath/GeoAlarm.build/Release-iphoneos/GeoAlarm.build/assetcatalog_output/unthinned (in target 'GeoAlarm' from project 'GeoAlarm')
    cd /Users/runner/work/GeoAlarm-iOS/GeoAlarm-iOS
    /bin/mkdir -p /Users/runner/Library/Developer/Xcode/DerivedData/GeoAlarm-bgjyfjejddafizazceyaykvykrwr/Build/Intermediates.noindex/ArchiveIntermediates/GeoAlarm/IntermediateBuildFilesPath/GeoAlarm.build/Release-iphoneos/GeoAlarm.build/assetcatalog_output/unthinned

MkDir /Users/runner/Library/Developer/Xcode/DerivedData/GeoAlarm-bgjyfjejddafizazceyaykvykrwr/Build/Intermediates.noindex/ArchiveIntermediates/GeoAlarm/IntermediateBuildFilesPath/GeoAlarm.build/Release-iphoneos/GeoAlarm.build/assetcatalog_output/thinned (in target 'GeoAlarm' from project 'GeoAlarm')
    cd /Users/runner/work/GeoAlarm-iOS/GeoAlarm-iOS
    /bin/mkdir -p /Users/runner/Library/Developer/Xcode/DerivedData/GeoAlarm-bgjyfjejddafizazceyaykvykrwr/Build/Intermediates.noindex/ArchiveIntermediates/GeoAlarm/IntermediateBuildFilesPath/GeoAlarm.build/Release-iphoneos/GeoAlarm.build/assetcatalog_output/thinned

GenerateAssetSymbols /Users/runner/work/GeoAlarm-iOS/GeoAlarm-iOS/GeoAlarm/Resources/Assets.xcassets (in target 'GeoAlarm' from project 'GeoAlarm')
    cd /Users/runner/work/GeoAlarm-iOS/GeoAlarm-iOS
    /Applications/Xcode_26.6.app/Contents/Developer/usr/bin/actool /Users/runner/work/GeoAlarm-iOS/GeoAlarm-iOS/GeoAlarm/Resources/Assets.xcassets --compile /Users/runner/Library/Developer/Xcode/DerivedData/GeoAlarm-bgjyfjejddafizazceyaykvykrwr/Build/Intermediates.noindex/ArchiveIntermediates/GeoAlarm/InstallationBuildProductsLocation/Applications/GeoAlarm.app --output-format human-readable-text --notices --warnings --export-dependency-info /Users/runner/Library/Developer/Xcode/DerivedData/GeoAlarm-bgjyfjejddafizazceyaykvykrwr/Build/Intermediates.noindex/ArchiveIntermediates/GeoAlarm/IntermediateBuildFilesPath/GeoAlarm.build/Release-iphoneos/GeoAlarm.build/assetcatalog_dependencies --output-partial-info-plist /Users/runner/Library/Developer/Xcode/DerivedData/GeoAlarm-bgjyfjejddafizazceyaykvykrwr/Build/Intermediates.noindex/ArchiveIntermediates/GeoAlarm/IntermediateBuildFilesPath/GeoAlarm.build/Release-iphoneos/GeoAlarm.build/assetcatalog_generated_info.plist --app-icon AppIcon --accent-color AccentColor --compress-pngs --enable-on-demand-resources YES --development-region en --target-device iphone --minimum-deployment-target 17.0 --platform iphoneos --bundle-identifier com.pietrogalastri.geoalarm --generate-swift-asset-symbol-extensions NO --generate-swift-asset-symbols /Users/runner/Library/Developer/Xcode/DerivedData/GeoAlarm-bgjyfjejddafizazceyaykvykrwr/Build/Intermediates.noindex/ArchiveIntermediates/GeoAlarm/IntermediateBuildFilesPath/GeoAlarm.build/Release-iphoneos/GeoAlarm.build/DerivedSources/GeneratedAssetSymbols.swift --generate-objc-asset-symbols /Users/runner/Library/Developer/Xcode/DerivedData/GeoAlarm-bgjyfjejddafizazceyaykvykrwr/Build/Intermediates.noindex/ArchiveIntermediates/GeoAlarm/IntermediateBuildFilesPath/GeoAlarm.build/Release-iphoneos/GeoAlarm.build/DerivedSources/GeneratedAssetSymbols.h --generate-asset-symbol-index /Users/runner/Library/Developer/Xcode/DerivedData/GeoAlarm-bgjyfjejddafizazceyaykvykrwr/Build/Intermediates.noindex/ArchiveIntermediates/GeoAlarm/IntermediateBuildFilesPath/GeoAlarm.build/Release-iphoneos/GeoAlarm.build/DerivedSources/GeneratedAssetSymbols-Index.plist
/* com.apple.actool.compilation-results */
/Users/runner/Library/Developer/Xcode/DerivedData/GeoAlarm-bgjyfjejddafizazceyaykvykrwr/Build/Intermediates.noindex/ArchiveIntermediates/GeoAlarm/IntermediateBuildFilesPath/GeoAlarm.build/Release-iphoneos/GeoAlarm.build/DerivedSources/GeneratedAssetSymbols-Index.plist
/Users/runner/Library/Developer/Xcode/DerivedData/GeoAlarm-bgjyfjejddafizazceyaykvykrwr/Build/Intermediates.noindex/ArchiveIntermediates/GeoAlarm/IntermediateBuildFilesPath/GeoAlarm.build/Release-iphoneos/GeoAlarm.build/DerivedSources/GeneratedAssetSymbols.h
/Users/runner/Library/Developer/Xcode/DerivedData/GeoAlarm-bgjyfjejddafizazceyaykvykrwr/Build/Intermediates.noindex/ArchiveIntermediates/GeoAlarm/IntermediateBuildFilesPath/GeoAlarm.build/Release-iphoneos/GeoAlarm.build/DerivedSources/GeneratedAssetSymbols.swift


CpResource /Users/runner/Library/Developer/Xcode/DerivedData/GeoAlarm-bgjyfjejddafizazceyaykvykrwr/Build/Intermediates.noindex/ArchiveIntermediates/GeoAlarm/InstallationBuildProductsLocation/Applications/GeoAlarm.app/sirene.wav /Users/runner/work/GeoAlarm-iOS/GeoAlarm-iOS/GeoAlarm/Resources/Sounds/sirene.wav (in target 'GeoAlarm' from project 'GeoAlarm')
    cd /Users/runner/work/GeoAlarm-iOS/GeoAlarm-iOS
    builtin-copy -exclude .DS_Store -exclude CVS -exclude .svn -exclude .git -exclude .hg -resolve-src-symlinks /Users/runner/work/GeoAlarm-iOS/GeoAlarm-iOS/GeoAlarm/Resources/Sounds/sirene.wav /Users/runner/Library/Developer/Xcode/DerivedData/GeoAlarm-bgjyfjejddafizazceyaykvykrwr/Build/Intermediates.noindex/ArchiveIntermediates/GeoAlarm/InstallationBuildProductsLocation/Applications/GeoAlarm.app

CpResource /Users/runner/Library/Developer/Xcode/DerivedData/GeoAlarm-bgjyfjejddafizazceyaykvykrwr/Build/Intermediates.noindex/ArchiveIntermediates/GeoAlarm/InstallationBuildProductsLocation/Applications/GeoAlarm.app/sino.wav /Users/runner/work/GeoAlarm-iOS/GeoAlarm-iOS/GeoAlarm/Resources/Sounds/sino.wav (in target 'GeoAlarm' from project 'GeoAlarm')
    cd /Users/runner/work/GeoAlarm-iOS/GeoAlarm-iOS
    builtin-copy -exclude .DS_Store -exclude CVS -exclude .svn -exclude .git -exclude .hg -resolve-src-symlinks /Users/runner/work/GeoAlarm-iOS/GeoAlarm-iOS/GeoAlarm/Resources/Sounds/sino.wav /Users/runner/Library/Developer/Xcode/DerivedData/GeoAlarm-bgjyfjejddafizazceyaykvykrwr/Build/Intermediates.noindex/ArchiveIntermediates/GeoAlarm/InstallationBuildProductsLocation/Applications/GeoAlarm.app

CpResource /Users/runner/Library/Developer/Xcode/DerivedData/GeoAlarm-bgjyfjejddafizazceyaykvykrwr/Build/Intermediates.noindex/ArchiveIntermediates/GeoAlarm/InstallationBuildProductsLocation/Applications/GeoAlarm.app/radar.wav /Users/runner/work/GeoAlarm-iOS/GeoAlarm-iOS/GeoAlarm/Resources/Sounds/radar.wav (in target 'GeoAlarm' from project 'GeoAlarm')
    cd /Users/runner/work/GeoAlarm-iOS/GeoAlarm-iOS
    builtin-copy -exclude .DS_Store -exclude CVS -exclude .svn -exclude .git -exclude .hg -resolve-src-symlinks /Users/runner/work/GeoAlarm-iOS/GeoAlarm-iOS/GeoAlarm/Resources/Sounds/radar.wav /Users/runner/Library/Developer/Xcode/DerivedData/GeoAlarm-bgjyfjejddafizazceyaykvykrwr/Build/Intermediates.noindex/ArchiveIntermediates/GeoAlarm/InstallationBuildProductsLocation/Applications/GeoAlarm.app

CpResource /Users/runner/Library/Developer/Xcode/DerivedData/GeoAlarm-bgjyfjejddafizazceyaykvykrwr/Build/Intermediates.noindex/ArchiveIntermediates/GeoAlarm/InstallationBuildProductsLocation/Applications/GeoAlarm.app/pulso.wav /Users/runner/work/GeoAlarm-iOS/GeoAlarm-iOS/GeoAlarm/Resources/Sounds/pulso.wav (in target 'GeoAlarm' from project 'GeoAlarm')
    cd /Users/runner/work/GeoAlarm-iOS/GeoAlarm-iOS
    builtin-copy -exclude .DS_Store -exclude CVS -exclude .svn -exclude .git -exclude .hg -resolve-src-symlinks /Users/runner/work/GeoAlarm-iOS/GeoAlarm-iOS/GeoAlarm/Resources/Sounds/pulso.wav /Users/runner/Library/Developer/Xcode/DerivedData/GeoAlarm-bgjyfjejddafizazceyaykvykrwr/Build/Intermediates.noindex/ArchiveIntermediates/GeoAlarm/InstallationBuildProductsLocation/Applications/GeoAlarm.app

CpResource /Users/runner/Library/Developer/Xcode/DerivedData/GeoAlarm-bgjyfjejddafizazceyaykvykrwr/Build/Intermediates.noindex/ArchiveIntermediates/GeoAlarm/InstallationBuildProductsLocation/Applications/GeoAlarm.app/bip_classico.wav /Users/runner/work/GeoAlarm-iOS/GeoAlarm-iOS/GeoAlarm/Resources/Sounds/bip_classico.wav (in target 'GeoAlarm' from project 'GeoAlarm')
    cd /Users/runner/work/GeoAlarm-iOS/GeoAlarm-iOS
    builtin-copy -exclude .DS_Store -exclude CVS -exclude .svn -exclude .git -exclude .hg -resolve-src-symlinks /Users/runner/work/GeoAlarm-iOS/GeoAlarm-iOS/GeoAlarm/Resources/Sounds/bip_classico.wav /Users/runner/Library/Developer/Xcode/DerivedData/GeoAlarm-bgjyfjejddafizazceyaykvykrwr/Build/Intermediates.noindex/ArchiveIntermediates/GeoAlarm/InstallationBuildProductsLocation/Applications/GeoAlarm.app

CpResource /Users/runner/Library/Developer/Xcode/DerivedData/GeoAlarm-bgjyfjejddafizazceyaykvykrwr/Build/Intermediates.noindex/ArchiveIntermediates/GeoAlarm/InstallationBuildProductsLocation/Applications/GeoAlarm.app/alvorada.wav /Users/runner/work/GeoAlarm-iOS/GeoAlarm-iOS/GeoAlarm/Resources/Sounds/alvorada.wav (in target 'GeoAlarm' from project 'GeoAlarm')
    cd /Users/runner/work/GeoAlarm-iOS/GeoAlarm-iOS
    builtin-copy -exclude .DS_Store -exclude CVS -exclude .svn -exclude .git -exclude .hg -resolve-src-symlinks /Users/runner/work/GeoAlarm-iOS/GeoAlarm-iOS/GeoAlarm/Resources/Sounds/alvorada.wav /Users/runner/Library/Developer/Xcode/DerivedData/GeoAlarm-bgjyfjejddafizazceyaykvykrwr/Build/Intermediates.noindex/ArchiveIntermediates/GeoAlarm/InstallationBuildProductsLocation/Applications/GeoAlarm.app

CompileAssetCatalogVariant thinned /Users/runner/Library/Developer/Xcode/DerivedData/GeoAlarm-bgjyfjejddafizazceyaykvykrwr/Build/Intermediates.noindex/ArchiveIntermediates/GeoAlarm/InstallationBuildProductsLocation/Applications/GeoAlarm.app /Users/runner/work/GeoAlarm-iOS/GeoAlarm-iOS/GeoAlarm/Resources/Assets.xcassets (in target 'GeoAlarm' from project 'GeoAlarm')
    cd /Users/runner/work/GeoAlarm-iOS/GeoAlarm-iOS
    /Applications/Xcode_26.6.app/Contents/Developer/usr/bin/actool /Users/runner/work/GeoAlarm-iOS/GeoAlarm-iOS/GeoAlarm/Resources/Assets.xcassets --compile /Users/runner/Library/Developer/Xcode/DerivedData/GeoAlarm-bgjyfjejddafizazceyaykvykrwr/Build/Intermediates.noindex/ArchiveIntermediates/GeoAlarm/IntermediateBuildFilesPath/GeoAlarm.build/Release-iphoneos/GeoAlarm.build/assetcatalog_output/thinned --output-format human-readable-text --notices --warnings --export-dependency-info /Users/runner/Library/Developer/Xcode/DerivedData/GeoAlarm-bgjyfjejddafizazceyaykvykrwr/Build/Intermediates.noindex/ArchiveIntermediates/GeoAlarm/IntermediateBuildFilesPath/GeoAlarm.build/Release-iphoneos/GeoAlarm.build/assetcatalog_dependencies_thinned --output-partial-info-plist /Users/runner/Library/Developer/Xcode/DerivedData/GeoAlarm-bgjyfjejddafizazceyaykvykrwr/Build/Intermediates.noindex/ArchiveIntermediates/GeoAlarm/IntermediateBuildFilesPath/GeoAlarm.build/Release-iphoneos/GeoAlarm.build/assetcatalog_generated_info.plist_thinned --app-icon AppIcon --accent-color AccentColor --compress-pngs --enable-on-demand-resources YES --development-region en --target-device iphone --minimum-deployment-target 17.0 --platform iphoneos
/* com.apple.actool.compilation-results */
/Users/runner/Library/Developer/Xcode/DerivedData/GeoAlarm-bgjyfjejddafizazceyaykvykrwr/Build/Intermediates.noindex/ArchiveIntermediates/GeoAlarm/IntermediateBuildFilesPath/GeoAlarm.build/Release-iphoneos/GeoAlarm.build/assetcatalog_generated_info.plist_thinned
/Users/runner/Library/Developer/Xcode/DerivedData/GeoAlarm-bgjyfjejddafizazceyaykvykrwr/Build/Intermediates.noindex/ArchiveIntermediates/GeoAlarm/IntermediateBuildFilesPath/GeoAlarm.build/Release-iphoneos/GeoAlarm.build/assetcatalog_output/thinned/AppIcon60x60@2x.png
/Users/runner/Library/Developer/Xcode/DerivedData/GeoAlarm-bgjyfjejddafizazceyaykvykrwr/Build/Intermediates.noindex/ArchiveIntermediates/GeoAlarm/IntermediateBuildFilesPath/GeoAlarm.build/Release-iphoneos/GeoAlarm.build/assetcatalog_output/thinned/AppIcon76x76@2x~ipad.png
/Users/runner/Library/Developer/Xcode/DerivedData/GeoAlarm-bgjyfjejddafizazceyaykvykrwr/Build/Intermediates.noindex/ArchiveIntermediates/GeoAlarm/IntermediateBuildFilesPath/GeoAlarm.build/Release-iphoneos/GeoAlarm.build/assetcatalog_output/thinned/Assets.car


SwiftDriver GeoAlarm normal arm64 com.apple.xcode.tools.swift.compiler (in target 'GeoAlarm' from project 'GeoAlarm')
    cd /Users/runner/work/GeoAlarm-iOS/GeoAlarm-iOS
    builtin-SwiftDriver -- /Applications/Xcode_26.6.app/Contents/Developer/Toolchains/XcodeDefault.xctoolchain/usr/bin/swiftc -module-name GeoAlarm -O -whole-module-optimization @/Users/runner/Library/Developer/Xcode/DerivedData/GeoAlarm-bgjyfjejddafizazceyaykvykrwr/Build/Intermediates.noindex/ArchiveIntermediates/GeoAlarm/IntermediateBuildFilesPath/GeoAlarm.build/Release-iphoneos/GeoAlarm.build/Objects-normal/arm64/GeoAlarm.SwiftFileList -enable-bare-slash-regex -enable-experimental-feature DebugDescriptionMacro -sdk /Applications/Xcode_26.6.app/Contents/Developer/Platforms/iPhoneOS.platform/Developer/SDKs/iPhoneOS26.5.sdk -target arm64-apple-ios17.0 -g -module-cache-path /Users/runner/Library/Developer/Xcode/DerivedData/ModuleCache.noindex -Xfrontend -serialize-debugging-options -swift-version 5 -I /Users/runner/Library/Developer/Xcode/DerivedData/GeoAlarm-bgjyfjejddafizazceyaykvykrwr/Build/Intermediates.noindex/ArchiveIntermediates/GeoAlarm/BuildProductsPath/Release-iphoneos -F /Users/runner/Library/Developer/Xcode/DerivedData/GeoAlarm-bgjyfjejddafizazceyaykvykrwr/Build/Intermediates.noindex/ArchiveIntermediates/GeoAlarm/BuildProductsPath/Release-iphoneos -c -num-threads 3 -Xcc -ivfsstatcache -Xcc /Users/runner/Library/Developer/Xcode/DerivedData/SDKStatCaches.noindex/iphoneos26.5-23F81a-688ef53f1462e2c8f657fdc38a81448fee66e23052a0157c865c76b268046726.sdkstatcache -output-file-map /Users/runner/Library/Developer/Xcode/DerivedData/GeoAlarm-bgjyfjejddafizazceyaykvykrwr/Build/Intermediates.noindex/ArchiveIntermediates/GeoAlarm/IntermediateBuildFilesPath/GeoAlarm.build/Release-iphoneos/GeoAlarm.build/Objects-normal/arm64/GeoAlarm-OutputFileMap.json -use-frontend-parseable-output -save-temps -no-color-diagnostics -explicit-module-build -module-cache-path /Users/runner/Library/Developer/Xcode/DerivedData/GeoAlarm-bgjyfjejddafizazceyaykvykrwr/Build/Intermediates.noindex/ArchiveIntermediates/GeoAlarm/IntermediateBuildFilesPath/SwiftExplicitPrecompiledModules -clang-scanner-module-cache-path /Users/runner/Library/Developer/Xcode/DerivedData/ModuleCache.noindex -sdk-module-cache-path /Users/runner/Library/Developer/Xcode/DerivedData/ModuleCache.noindex -serialize-diagnostics -emit-dependencies -emit-module -emit-module-path /Users/runner/Library/Developer/Xcode/DerivedData/GeoAlarm-bgjyfjejddafizazceyaykvykrwr/Build/Intermediates.noindex/ArchiveIntermediates/GeoAlarm/IntermediateBuildFilesPath/GeoAlarm.build/Release-iphoneos/GeoAlarm.build/Objects-normal/arm64/GeoAlarm.swiftmodule -validate-clang-modules-once -clang-build-session-file /Users/runner/Library/Developer/Xcode/DerivedData/ModuleCache.noindex/Session.modulevalidation -Xcc -I/Users/runner/Library/Developer/Xcode/DerivedData/GeoAlarm-bgjyfjejddafizazceyaykvykrwr/Build/Intermediates.noindex/ArchiveIntermediates/GeoAlarm/IntermediateBuildFilesPath/GeoAlarm.build/Release-iphoneos/GeoAlarm.build/swift-overrides.hmap -emit-const-values -Xfrontend -const-gather-protocols-file -Xfrontend /Users/runner/Library/Developer/Xcode/DerivedData/GeoAlarm-bgjyfjejddafizazceyaykvykrwr/Build/Intermediates.noindex/ArchiveIntermediates/GeoAlarm/IntermediateBuildFilesPath/GeoAlarm.build/Release-iphoneos/GeoAlarm.build/Objects-normal/arm64/GeoAlarm_const_extract_protocols.json -Xcc -iquote -Xcc /Users/runner/Library/Developer/Xcode/DerivedData/GeoAlarm-bgjyfjejddafizazceyaykvykrwr/Build/Intermediates.noindex/ArchiveIntermediates/GeoAlarm/IntermediateBuildFilesPath/GeoAlarm.build/Release-iphoneos/GeoAlarm.build/GeoAlarm-generated-files.hmap -Xcc -I/Users/runner/Library/Developer/Xcode/DerivedData/GeoAlarm-bgjyfjejddafizazceyaykvykrwr/Build/Intermediates.noindex/ArchiveIntermediates/GeoAlarm/IntermediateBuildFilesPath/GeoAlarm.build/Release-iphoneos/GeoAlarm.build/GeoAlarm-own-target-headers.hmap -Xcc -I/Users/runner/Library/Developer/Xcode/DerivedData/GeoAlarm-bgjyfjejddafizazceyaykvykrwr/Build/Intermediates.noindex/ArchiveIntermediates/GeoAlarm/IntermediateBuildFilesPath/GeoAlarm.build/Release-iphoneos/GeoAlarm.build/GeoAlarm-all-target-headers.hmap -Xcc -iquote -Xcc /Users/runner/Library/Developer/Xcode/DerivedData/GeoAlarm-bgjyfjejddafizazceyaykvykrwr/Build/Intermediates.noindex/ArchiveIntermediates/GeoAlarm/IntermediateBuildFilesPath/GeoAlarm.build/Release-iphoneos/GeoAlarm.build/GeoAlarm-project-headers.hmap -Xcc -I/Users/runner/Library/Developer/Xcode/DerivedData/GeoAlarm-bgjyfjejddafizazceyaykvykrwr/Build/Intermediates.noindex/ArchiveIntermediates/GeoAlarm/BuildProductsPath/Release-iphoneos/include -Xcc -I/Users/runner/Library/Developer/Xcode/DerivedData/GeoAlarm-bgjyfjejddafizazceyaykvykrwr/Build/Intermediates.noindex/ArchiveIntermediates/GeoAlarm/IntermediateBuildFilesPath/GeoAlarm.build/Release-iphoneos/GeoAlarm.build/DerivedSources-normal/arm64 -Xcc -I/Users/runner/Library/Developer/Xcode/DerivedData/GeoAlarm-bgjyfjejddafizazceyaykvykrwr/Build/Intermediates.noindex/ArchiveIntermediates/GeoAlarm/IntermediateBuildFilesPath/GeoAlarm.build/Release-iphoneos/GeoAlarm.build/DerivedSources/arm64 -Xcc -I/Users/runner/Library/Developer/Xcode/DerivedData/GeoAlarm-bgjyfjejddafizazceyaykvykrwr/Build/Intermediates.noindex/ArchiveIntermediates/GeoAlarm/IntermediateBuildFilesPath/GeoAlarm.build/Release-iphoneos/GeoAlarm.build/DerivedSources -emit-objc-header -emit-objc-header-path /Users/runner/Library/Developer/Xcode/DerivedData/GeoAlarm-bgjyfjejddafizazceyaykvykrwr/Build/Intermediates.noindex/ArchiveIntermediates/GeoAlarm/IntermediateBuildFilesPath/GeoAlarm.build/Release-iphoneos/GeoAlarm.build/Objects-normal/arm64/GeoAlarm-Swift.h -working-directory /Users/runner/work/GeoAlarm-iOS/GeoAlarm-iOS -no-emit-module-separately-wmo

SwiftDriver\ Compilation GeoAlarm normal arm64 com.apple.xcode.tools.swift.compiler (in target 'GeoAlarm' from project 'GeoAlarm')
    cd /Users/runner/work/GeoAlarm-iOS/GeoAlarm-iOS
    builtin-Swift-Compilation -- /Applications/Xcode_26.6.app/Contents/Developer/Toolchains/XcodeDefault.xctoolchain/usr/bin/swiftc -module-name GeoAlarm -O -whole-module-optimization @/Users/runner/Library/Developer/Xcode/DerivedData/GeoAlarm-bgjyfjejddafizazceyaykvykrwr/Build/Intermediates.noindex/ArchiveIntermediates/GeoAlarm/IntermediateBuildFilesPath/GeoAlarm.build/Release-iphoneos/GeoAlarm.build/Objects-normal/arm64/GeoAlarm.SwiftFileList -enable-bare-slash-regex -enable-experimental-feature DebugDescriptionMacro -sdk /Applications/Xcode_26.6.app/Contents/Developer/Platforms/iPhoneOS.platform/Developer/SDKs/iPhoneOS26.5.sdk -target arm64-apple-ios17.0 -g -module-cache-path /Users/runner/Library/Developer/Xcode/DerivedData/ModuleCache.noindex -Xfrontend -serialize-debugging-options -swift-version 5 -I /Users/runner/Library/Developer/Xcode/DerivedData/GeoAlarm-bgjyfjejddafizazceyaykvykrwr/Build/Intermediates.noindex/ArchiveIntermediates/GeoAlarm/BuildProductsPath/Release-iphoneos -F /Users/runner/Library/Developer/Xcode/DerivedData/GeoAlarm-bgjyfjejddafizazceyaykvykrwr/Build/Intermediates.noindex/ArchiveIntermediates/GeoAlarm/BuildProductsPath/Release-iphoneos -c -num-threads 3 -Xcc -ivfsstatcache -Xcc /Users/runner/Library/Developer/Xcode/DerivedData/SDKStatCaches.noindex/iphoneos26.5-23F81a-688ef53f1462e2c8f657fdc38a81448fee66e23052a0157c865c76b268046726.sdkstatcache -output-file-map /Users/runner/Library/Developer/Xcode/DerivedData/GeoAlarm-bgjyfjejddafizazceyaykvykrwr/Build/Intermediates.noindex/ArchiveIntermediates/GeoAlarm/IntermediateBuildFilesPath/GeoAlarm.build/Release-iphoneos/GeoAlarm.build/Objects-normal/arm64/GeoAlarm-OutputFileMap.json -use-frontend-parseable-output -save-temps -no-color-diagnostics -explicit-module-build -module-cache-path /Users/runner/Library/Developer/Xcode/DerivedData/GeoAlarm-bgjyfjejddafizazceyaykvykrwr/Build/Intermediates.noindex/ArchiveIntermediates/GeoAlarm/IntermediateBuildFilesPath/SwiftExplicitPrecompiledModules -clang-scanner-module-cache-path /Users/runner/Library/Developer/Xcode/DerivedData/ModuleCache.noindex -sdk-module-cache-path /Users/runner/Library/Developer/Xcode/DerivedData/ModuleCache.noindex -serialize-diagnostics -emit-dependencies -emit-module -emit-module-path /Users/runner/Library/Developer/Xcode/DerivedData/GeoAlarm-bgjyfjejddafizazceyaykvykrwr/Build/Intermediates.noindex/ArchiveIntermediates/GeoAlarm/IntermediateBuildFilesPath/GeoAlarm.build/Release-iphoneos/GeoAlarm.build/Objects-normal/arm64/GeoAlarm.swiftmodule -validate-clang-modules-once -clang-build-session-file /Users/runner/Library/Developer/Xcode/DerivedData/ModuleCache.noindex/Session.modulevalidation -Xcc -I/Users/runner/Library/Developer/Xcode/DerivedData/GeoAlarm-bgjyfjejddafizazceyaykvykrwr/Build/Intermediates.noindex/ArchiveIntermediates/GeoAlarm/IntermediateBuildFilesPath/GeoAlarm.build/Release-iphoneos/GeoAlarm.build/swift-overrides.hmap -emit-const-values -Xfrontend -const-gather-protocols-file -Xfrontend /Users/runner/Library/Developer/Xcode/DerivedData/GeoAlarm-bgjyfjejddafizazceyaykvykrwr/Build/Intermediates.noindex/ArchiveIntermediates/GeoAlarm/IntermediateBuildFilesPath/GeoAlarm.build/Release-iphoneos/GeoAlarm.build/Objects-normal/arm64/GeoAlarm_const_extract_protocols.json -Xcc -iquote -Xcc /Users/runner/Library/Developer/Xcode/DerivedData/GeoAlarm-bgjyfjejddafizazceyaykvykrwr/Build/Intermediates.noindex/ArchiveIntermediates/GeoAlarm/IntermediateBuildFilesPath/GeoAlarm.build/Release-iphoneos/GeoAlarm.build/GeoAlarm-generated-files.hmap -Xcc -I/Users/runner/Library/Developer/Xcode/DerivedData/GeoAlarm-bgjyfjejddafizazceyaykvykrwr/Build/Intermediates.noindex/ArchiveIntermediates/GeoAlarm/IntermediateBuildFilesPath/GeoAlarm.build/Release-iphoneos/GeoAlarm.build/GeoAlarm-own-target-headers.hmap -Xcc -I/Users/runner/Library/Developer/Xcode/DerivedData/GeoAlarm-bgjyfjejddafizazceyaykvykrwr/Build/Intermediates.noindex/ArchiveIntermediates/GeoAlarm/IntermediateBuildFilesPath/GeoAlarm.build/Release-iphoneos/GeoAlarm.build/GeoAlarm-all-target-headers.hmap -Xcc -iquote -Xcc /Users/runner/Library/Developer/Xcode/DerivedData/GeoAlarm-bgjyfjejddafizazceyaykvykrwr/Build/Intermediates.noindex/ArchiveIntermediates/GeoAlarm/IntermediateBuildFilesPath/GeoAlarm.build/Release-iphoneos/GeoAlarm.build/GeoAlarm-project-headers.hmap -Xcc -I/Users/runner/Library/Developer/Xcode/DerivedData/GeoAlarm-bgjyfjejddafizazceyaykvykrwr/Build/Intermediates.noindex/ArchiveIntermediates/GeoAlarm/BuildProductsPath/Release-iphoneos/include -Xcc -I/Users/runner/Library/Developer/Xcode/DerivedData/GeoAlarm-bgjyfjejddafizazceyaykvykrwr/Build/Intermediates.noindex/ArchiveIntermediates/GeoAlarm/IntermediateBuildFilesPath/GeoAlarm.build/Release-iphoneos/GeoAlarm.build/DerivedSources-normal/arm64 -Xcc -I/Users/runner/Library/Developer/Xcode/DerivedData/GeoAlarm-bgjyfjejddafizazceyaykvykrwr/Build/Intermediates.noindex/ArchiveIntermediates/GeoAlarm/IntermediateBuildFilesPath/GeoAlarm.build/Release-iphoneos/GeoAlarm.build/DerivedSources/arm64 -Xcc -I/Users/runner/Library/Developer/Xcode/DerivedData/GeoAlarm-bgjyfjejddafizazceyaykvykrwr/Build/Intermediates.noindex/ArchiveIntermediates/GeoAlarm/IntermediateBuildFilesPath/GeoAlarm.build/Release-iphoneos/GeoAlarm.build/DerivedSources -emit-objc-header -emit-objc-header-path /Users/runner/Library/Developer/Xcode/DerivedData/GeoAlarm-bgjyfjejddafizazceyaykvykrwr/Build/Intermediates.noindex/ArchiveIntermediates/GeoAlarm/IntermediateBuildFilesPath/GeoAlarm.build/Release-iphoneos/GeoAlarm.build/Objects-normal/arm64/GeoAlarm-Swift.h -working-directory /Users/runner/work/GeoAlarm-iOS/GeoAlarm-iOS -no-emit-module-separately-wmo

SwiftExplicitDependencyGeneratePcm arm64 /Users/runner/Library/Developer/Xcode/DerivedData/ModuleCache.noindex/DeveloperToolsSupport-EMHRDK0O1ZXXZII2U7HYGBAAB.pcm

SwiftExplicitDependencyGeneratePcm arm64 /Users/runner/Library/Developer/Xcode/DerivedData/ModuleCache.noindex/_Builtin_float-2YO6PSBAHJ04WO49MXMPSPE2E.pcm

SwiftExplicitDependencyGeneratePcm arm64 /Users/runner/Library/Developer/Xcode/DerivedData/ModuleCache.noindex/_AvailabilityInternal-D134KYCM5B7H7LEX0UZ8E87OC.pcm

SwiftExplicitDependencyGeneratePcm arm64 /Users/runner/Library/Developer/Xcode/DerivedData/ModuleCache.noindex/_Builtin_stdarg-AWNHK52NN9LOBSP9B3ES6N4JP.pcm

SwiftExplicitDependencyGeneratePcm arm64 /Users/runner/Library/Developer/Xcode/DerivedData/ModuleCache.noindex/_Builtin_stddef-DM9FIK1TI14UIQLTPTSDRJRH8.pcm

SwiftExplicitDependencyGeneratePcm arm64 /Users/runner/Library/Developer/Xcode/DerivedData/ModuleCache.noindex/ActivityKit-17X415H0PR1W0WJFXWD9RPWDG.pcm

SwiftExplicitDependencyGeneratePcm arm64 /Users/runner/Library/Developer/Xcode/DerivedData/ModuleCache.noindex/ptrauth-DABL4NITE6FI9XGP0U5ICP5U7.pcm

SwiftExplicitDependencyGeneratePcm arm64 /Users/runner/Library/Developer/Xcode/DerivedData/ModuleCache.noindex/_Builtin_stdbool-F2JDNPQEX6SQ9OSYLY30YZQUK.pcm

SwiftExplicitDependencyGeneratePcm arm64 /Users/runner/Library/Developer/Xcode/DerivedData/ModuleCache.noindex/_SwiftConcurrencyShims-11WQO0U6NUPEG5KX0XIBPK7HV.pcm

SwiftExplicitDependencyGeneratePcm arm64 /Users/runner/Library/Developer/Xcode/DerivedData/ModuleCache.noindex/ptrcheck-F4E3AJ5OSHOZ9IBB2GP04PWWI.pcm

SwiftExplicitDependencyGeneratePcm arm64 /Users/runner/Library/Developer/Xcode/DerivedData/ModuleCache.noindex/SwiftShims-72SLMYIIT0DF0R4G8CULVMIGB.pcm

SwiftExplicitDependencyGeneratePcm arm64 /Users/runner/Library/Developer/Xcode/DerivedData/ModuleCache.noindex/_DarwinFoundation1-AVQP07R3FLQDOZLLLTSBQE6KZ.pcm

SwiftExplicitDependencyGeneratePcm arm64 /Users/runner/Library/Developer/Xcode/DerivedData/ModuleCache.noindex/ExtensionFoundation-1KMDNDD0YNMPZE4A6P2BXA1R0.pcm

SwiftExplicitDependencyGeneratePcm arm64 /Users/runner/Library/Developer/Xcode/DerivedData/ModuleCache.noindex/_DarwinFoundation2-CHABC5SS8N2OTC0RLF1PF00IL.pcm

SwiftExplicitDependencyGeneratePcm arm64 /Users/runner/Library/Developer/Xcode/DerivedData/ModuleCache.noindex/_Builtin_limits-5XLAGNJNMUIA35MLR9224J96G.pcm

SwiftExplicitDependencyGeneratePcm arm64 /Users/runner/Library/Developer/Xcode/DerivedData/ModuleCache.noindex/sys_types-6VUOHF7N0NSAAA8P9FPHKE8W6.pcm

SwiftExplicitDependencyGeneratePcm arm64 /Users/runner/Library/Developer/Xcode/DerivedData/ModuleCache.noindex/_Builtin_stdint-1IVO0O4NH45TV1AYF52FCLU39.pcm

SwiftExplicitDependencyGeneratePcm arm64 /Users/runner/Library/Developer/Xcode/DerivedData/ModuleCache.noindex/_Builtin_tgmath-54R3DMFU6DS0GI3Z1X2FGPB20.pcm

SwiftExplicitDependencyGeneratePcm arm64 /Users/runner/Library/Developer/Xcode/DerivedData/ModuleCache.noindex/_Builtin_intrinsics-99O65VBQ24FR6L5LL9JW9AR1W.pcm

SwiftExplicitDependencyGeneratePcm arm64 /Users/runner/Library/Developer/Xcode/DerivedData/ModuleCache.noindex/_Builtin_stdatomic-9060L4NKPD5ER5I6FJ57E8WVA.pcm

SwiftExplicitDependencyGeneratePcm arm64 /Users/runner/Library/Developer/Xcode/DerivedData/ModuleCache.noindex/_DarwinFoundation3-DT13DYQO20ZPMHDX5CDK95E4D.pcm

SwiftExplicitDependencyGeneratePcm arm64 /Users/runner/Library/Developer/Xcode/DerivedData/ModuleCache.noindex/_Builtin_inttypes-AMA2B4Y7QBKPABLXFSRFWCL9N.pcm

SwiftExplicitDependencyGeneratePcm arm64 /Users/runner/Library/Developer/Xcode/DerivedData/ModuleCache.noindex/simd-CLUOIJ1OU38JUV8Q94GRO1JFW.pcm

SwiftExplicitDependencyGeneratePcm arm64 /Users/runner/Library/Developer/Xcode/DerivedData/ModuleCache.noindex/Darwin-D9UWKS8G5A983R1DJ4W24YSKP.pcm

SwiftExplicitDependencyGeneratePcm arm64 /Users/runner/Library/Developer/Xcode/DerivedData/ModuleCache.noindex/MachO-B6RJ1U22Q2HMP7YR9Z0P7VQ0Z.pcm

SwiftExplicitDependencyGeneratePcm arm64 /Users/runner/Library/Developer/Xcode/DerivedData/ModuleCache.noindex/ObjectiveC-UL57PEN9KLSC4RHLEIGY3HA.pcm

SwiftExplicitDependencyGeneratePcm arm64 /Users/runner/Library/Developer/Xcode/DerivedData/ModuleCache.noindex/os_object-E4IBKKHD0T0YBYBJLG4YXIM1L.pcm

SwiftExplicitDependencyGeneratePcm arm64 /Users/runner/Library/Developer/Xcode/DerivedData/ModuleCache.noindex/os_workgroup-32Z9ZWHZO4UN3G5VTRHGO9J2G.pcm

SwiftExplicitDependencyGeneratePcm arm64 /Users/runner/Library/Developer/Xcode/DerivedData/ModuleCache.noindex/Dispatch-9CU9L6AJGABEPEK1MML5WOJEH.pcm

SwiftExplicitDependencyGeneratePcm arm64 /Users/runner/Library/Developer/Xcode/DerivedData/ModuleCache.noindex/Spatial-66ZFZVSPF6NR4DI3VRZP5OD1H.pcm

SwiftExplicitDependencyGeneratePcm arm64 /Users/runner/Library/Developer/Xcode/DerivedData/ModuleCache.noindex/CoreFoundation-AJVBJNWJLXSNXAG6CFR83HFOF.pcm

SwiftExplicitDependencyGeneratePcm arm64 /Users/runner/Library/Developer/Xcode/DerivedData/ModuleCache.noindex/dnssd-AB1MJ0IHS4AY4FMB9VINDZFNL.pcm

SwiftExplicitDependencyGeneratePcm arm64 /Users/runner/Library/Developer/Xcode/DerivedData/ModuleCache.noindex/Security-CIWSTZAS0BOTYSHUXXOWYSEX5.pcm

SwiftExplicitDependencyGeneratePcm arm64 /Users/runner/Library/Developer/Xcode/DerivedData/ModuleCache.noindex/XPC-4PB7SR0PM1G3Z1V4ERK8LTRR6.pcm

SwiftExplicitDependencyGeneratePcm arm64 /Users/runner/Library/Developer/Xcode/DerivedData/ModuleCache.noindex/CoreAudioTypes-5091PY7IMGYC8NT1C1RFMX3LB.pcm

SwiftExplicitDependencyGeneratePcm arm64 /Users/runner/Library/Developer/Xcode/DerivedData/ModuleCache.noindex/os-1REBWOFRQ4PBO7QOUF0V31OPU.pcm

SwiftExplicitDependencyGeneratePcm arm64 /Users/runner/Library/Developer/Xcode/DerivedData/ModuleCache.noindex/CFNetwork-4AKTMCE1W2AF00ZV9XZ8XN8BU.pcm

SwiftExplicitDependencyGeneratePcm arm64 /Users/runner/Library/Developer/Xcode/DerivedData/ModuleCache.noindex/CoreAudio-9F3BZEY70EDS7DFFGE41U1W6R.pcm

SwiftExplicitDependencyGeneratePcm arm64 /Users/runner/Library/Developer/Xcode/DerivedData/ModuleCache.noindex/CoreGraphics-1G5052L8UUCYJ9W6QLENAXY9U.pcm

SwiftExplicitDependencyGeneratePcm arm64 /Users/runner/Library/Developer/Xcode/DerivedData/ModuleCache.noindex/Foundation-1X62Q4Y5CFD79X7DK8WGN1XR7.pcm

SwiftExplicitDependencyGeneratePcm arm64 /Users/runner/Library/Developer/Xcode/DerivedData/ModuleCache.noindex/CoreText-7G27BMK29AJO8FLDTQX72AKIO.pcm

SwiftExplicitDependencyGeneratePcm arm64 /Users/runner/Library/Developer/Xcode/DerivedData/ModuleCache.noindex/ImageIO-DO2T5X90PE8HDHJGTWQBWNA65.pcm

LinkAssetCatalog /Users/runner/work/GeoAlarm-iOS/GeoAlarm-iOS/GeoAlarm/Resources/Assets.xcassets (in target 'GeoAlarm' from project 'GeoAlarm')
    cd /Users/runner/work/GeoAlarm-iOS/GeoAlarm-iOS
    builtin-linkAssetCatalog --thinned /Users/runner/Library/Developer/Xcode/DerivedData/GeoAlarm-bgjyfjejddafizazceyaykvykrwr/Build/Intermediates.noindex/ArchiveIntermediates/GeoAlarm/IntermediateBuildFilesPath/GeoAlarm.build/Release-iphoneos/GeoAlarm.build/assetcatalog_output/thinned --thinned-dependencies /Users/runner/Library/Developer/Xcode/DerivedData/GeoAlarm-bgjyfjejddafizazceyaykvykrwr/Build/Intermediates.noindex/ArchiveIntermediates/GeoAlarm/IntermediateBuildFilesPath/GeoAlarm.build/Release-iphoneos/GeoAlarm.build/assetcatalog_dependencies_thinned --thinned-info-plist-content /Users/runner/Library/Developer/Xcode/DerivedData/GeoAlarm-bgjyfjejddafizazceyaykvykrwr/Build/Intermediates.noindex/ArchiveIntermediates/GeoAlarm/IntermediateBuildFilesPath/GeoAlarm.build/Release-iphoneos/GeoAlarm.build/assetcatalog_generated_info.plist_thinned --unthinned /Users/runner/Library/Developer/Xcode/DerivedData/GeoAlarm-bgjyfjejddafizazceyaykvykrwr/Build/Intermediates.noindex/ArchiveIntermediates/GeoAlarm/IntermediateBuildFilesPath/GeoAlarm.build/Release-iphoneos/GeoAlarm.build/assetcatalog_output/unthinned --unthinned-dependencies /Users/runner/Library/Developer/Xcode/DerivedData/GeoAlarm-bgjyfjejddafizazceyaykvykrwr/Build/Intermediates.noindex/ArchiveIntermediates/GeoAlarm/IntermediateBuildFilesPath/GeoAlarm.build/Release-iphoneos/GeoAlarm.build/assetcatalog_dependencies_unthinned --unthinned-info-plist-content /Users/runner/Library/Developer/Xcode/DerivedData/GeoAlarm-bgjyfjejddafizazceyaykvykrwr/Build/Intermediates.noindex/ArchiveIntermediates/GeoAlarm/IntermediateBuildFilesPath/GeoAlarm.build/Release-iphoneos/GeoAlarm.build/assetcatalog_generated_info.plist_unthinned --output /Users/runner/Library/Developer/Xcode/DerivedData/GeoAlarm-bgjyfjejddafizazceyaykvykrwr/Build/Intermediates.noindex/ArchiveIntermediates/GeoAlarm/InstallationBuildProductsLocation/Applications/GeoAlarm.app --plist-output /Users/runner/Library/Developer/Xcode/DerivedData/GeoAlarm-bgjyfjejddafizazceyaykvykrwr/Build/Intermediates.noindex/ArchiveIntermediates/GeoAlarm/IntermediateBuildFilesPath/GeoAlarm.build/Release-iphoneos/GeoAlarm.build/assetcatalog_generated_info.plist
note: Emplaced /Users/runner/Library/Developer/Xcode/DerivedData/GeoAlarm-bgjyfjejddafizazceyaykvykrwr/Build/Intermediates.noindex/ArchiveIntermediates/GeoAlarm/InstallationBuildProductsLocation/Applications/GeoAlarm.app/Assets.car (in target 'GeoAlarm' from project 'GeoAlarm')
note: Emplaced /Users/runner/Library/Developer/Xcode/DerivedData/GeoAlarm-bgjyfjejddafizazceyaykvykrwr/Build/Intermediates.noindex/ArchiveIntermediates/GeoAlarm/InstallationBuildProductsLocation/Applications/GeoAlarm.app/AppIcon76x76@2x~ipad.png (in target 'GeoAlarm' from project 'GeoAlarm')
note: Emplaced /Users/runner/Library/Developer/Xcode/DerivedData/GeoAlarm-bgjyfjejddafizazceyaykvykrwr/Build/Intermediates.noindex/ArchiveIntermediates/GeoAlarm/InstallationBuildProductsLocation/Applications/GeoAlarm.app/AppIcon60x60@2x.png (in target 'GeoAlarm' from project 'GeoAlarm')

ProcessInfoPlistFile /Users/runner/Library/Developer/Xcode/DerivedData/GeoAlarm-bgjyfjejddafizazceyaykvykrwr/Build/Intermediates.noindex/ArchiveIntermediates/GeoAlarm/InstallationBuildProductsLocation/Applications/GeoAlarm.app/Info.plist /Users/runner/work/GeoAlarm-iOS/GeoAlarm-iOS/GeoAlarm/Info.plist (in target 'GeoAlarm' from project 'GeoAlarm')
    cd /Users/runner/work/GeoAlarm-iOS/GeoAlarm-iOS
    builtin-infoPlistUtility /Users/runner/work/GeoAlarm-iOS/GeoAlarm-iOS/GeoAlarm/Info.plist -producttype com.apple.product-type.application -genpkginfo /Users/runner/Library/Developer/Xcode/DerivedData/GeoAlarm-bgjyfjejddafizazceyaykvykrwr/Build/Intermediates.noindex/ArchiveIntermediates/GeoAlarm/InstallationBuildProductsLocation/Applications/GeoAlarm.app/PkgInfo -expandbuildsettings -format binary -platform iphoneos -additionalcontentfile /Users/runner/Library/Developer/Xcode/DerivedData/GeoAlarm-bgjyfjejddafizazceyaykvykrwr/Build/Intermediates.noindex/ArchiveIntermediates/GeoAlarm/IntermediateBuildFilesPath/GeoAlarm.build/Release-iphoneos/GeoAlarm.build/assetcatalog_generated_info.plist -requiredArchitecture arm64 -o /Users/runner/Library/Developer/Xcode/DerivedData/GeoAlarm-bgjyfjejddafizazceyaykvykrwr/Build/Intermediates.noindex/ArchiveIntermediates/GeoAlarm/InstallationBuildProductsLocation/Applications/GeoAlarm.app/Info.plist

SwiftExplicitDependencyGeneratePcm arm64 /Users/runner/Library/Developer/Xcode/DerivedData/ModuleCache.noindex/AlarmKit-C89X6OCFPUC2B5B4B0HJAM51O.pcm

SwiftExplicitDependencyGeneratePcm arm64 /Users/runner/Library/Developer/Xcode/DerivedData/ModuleCache.noindex/UserNotifications-9XZE59KS9YG29GOP295XNSED9.pcm

SwiftExplicitDependencyGeneratePcm arm64 /Users/runner/Library/Developer/Xcode/DerivedData/ModuleCache.noindex/Symbols-3Z96XHQKJOEPY4CGQ63YIUGXQ.pcm

SwiftExplicitDependencyGeneratePcm arm64 /Users/runner/Library/Developer/Xcode/DerivedData/ModuleCache.noindex/UniformTypeIdentifiers-5SQL832U5YS5P4OFS71ZU71ZH.pcm

SwiftExplicitDependencyGeneratePcm arm64 /Users/runner/Library/Developer/Xcode/DerivedData/ModuleCache.noindex/CoreHaptics-ERU0889TP02H3PLP924GQ0FY2.pcm

SwiftExplicitDependencyGeneratePcm arm64 /Users/runner/Library/Developer/Xcode/DerivedData/ModuleCache.noindex/Network-CV64AECI38K2LZC189XU1XATE.pcm

SwiftExplicitDependencyGeneratePcm arm64 /Users/runner/Library/Developer/Xcode/DerivedData/ModuleCache.noindex/Accessibility-ZCOQIL8YWBFQ0TLBXFB2N57I.pcm

SwiftExplicitDependencyGeneratePcm arm64 /Users/runner/Library/Developer/Xcode/DerivedData/ModuleCache.noindex/CoreSpotlight-AQ8FI7YGFXR0FA9Z0RQJ1VEB9.pcm

SwiftExplicitDependencyGeneratePcm arm64 /Users/runner/Library/Developer/Xcode/DerivedData/ModuleCache.noindex/_LocationEssentials-4RV1VJZLSCT2RO6Q45E9WTAA8.pcm

SwiftExplicitDependencyGeneratePcm arm64 /Users/runner/Library/Developer/Xcode/DerivedData/ModuleCache.noindex/CoreData-3FH3JHVLSCG105NRLU6T3RF4G.pcm

SwiftExplicitDependencyGeneratePcm arm64 /Users/runner/Library/Developer/Xcode/DerivedData/ModuleCache.noindex/CoreTransferable-AAQIWS8UG8MGA4ZNEWBZ2W2IY.pcm

SwiftExplicitDependencyGeneratePcm arm64 /Users/runner/Library/Developer/Xcode/DerivedData/ModuleCache.noindex/FileProvider-2IGH0JAASCWFWTHH3HQB16NAT.pcm

SwiftExplicitDependencyGeneratePcm arm64 /Users/runner/Library/Developer/Xcode/DerivedData/ModuleCache.noindex/UIUtilities-68BP72D2ARRWVKR5ND13PTZHD.pcm

SwiftExplicitDependencyGeneratePcm arm64 /Users/runner/Library/Developer/Xcode/DerivedData/ModuleCache.noindex/OSLog-DKEX056QW3YCNCO6DBH0EAM0E.pcm

SwiftExplicitDependencyGeneratePcm arm64 /Users/runner/Library/Developer/Xcode/DerivedData/ModuleCache.noindex/AVRouting-8A7VPDRVCYEKXELY0B5Z02OB1.pcm

SwiftExplicitDependencyGeneratePcm arm64 /Users/runner/Library/Developer/Xcode/DerivedData/ModuleCache.noindex/CoreLocation-1U52FIMZVPGQCI81SNWX8D199.pcm

SwiftExplicitDependencyGeneratePcm arm64 /Users/runner/Library/Developer/Xcode/DerivedData/ModuleCache.noindex/AppIntents-BYA3XKAIQ0EW6N9FPWTUIZA1N.pcm

SwiftExplicitDependencyGeneratePcm arm64 /Users/runner/Library/Developer/Xcode/DerivedData/ModuleCache.noindex/RelevanceKit-A9UYSR65SXY79JR71WEK2PPS1.pcm

SwiftExplicitDependencyGeneratePcm arm64 /Users/runner/Library/Developer/Xcode/DerivedData/ModuleCache.noindex/CoreMIDI-AFW9RQCL2DDOC9NBGR4X2CM3L.pcm

SwiftExplicitDependencyGeneratePcm arm64 /Users/runner/Library/Developer/Xcode/DerivedData/ModuleCache.noindex/IOSurface-5JX3VCZ80M38F2Z6PCGNGZCAT.pcm

SwiftExplicitDependencyGeneratePcm arm64 /Users/runner/Library/Developer/Xcode/DerivedData/ModuleCache.noindex/DataDetection-D4KJ1S9E4WLZ9667PTN5AXI9K.pcm

SwiftExplicitDependencyGeneratePcm arm64 /Users/runner/Library/Developer/Xcode/DerivedData/ModuleCache.noindex/Metal-DNRDTVJ2K7CPTS3LY6NISTWHE.pcm

SwiftExplicitDependencyGeneratePcm arm64 /Users/runner/Library/Developer/Xcode/DerivedData/ModuleCache.noindex/OpenGLES-457SP2TZA6UHDMTKTCX1NW350.pcm

SwiftExplicitDependencyGeneratePcm arm64 /Users/runner/Library/Developer/Xcode/DerivedData/ModuleCache.noindex/AudioToolbox-9BX5ETP5XHFHO8GQSFBY0YW8F.pcm

SwiftExplicitDependencyGeneratePcm arm64 /Users/runner/Library/Developer/Xcode/DerivedData/ModuleCache.noindex/CoreVideo-BZMXU0P2Z8IQSJANCXSICOTKV.pcm

SwiftExplicitDependencyGeneratePcm arm64 /Users/runner/Library/Developer/Xcode/DerivedData/ModuleCache.noindex/CoreImage-27LC9VRXJDFZFMFSKO9E5CY0O.pcm

SwiftExplicitDependencyGeneratePcm arm64 /Users/runner/Library/Developer/Xcode/DerivedData/ModuleCache.noindex/QuartzCore-566Q57FTIWBTHFMCCY09MABDC.pcm

SwiftExplicitDependencyGeneratePcm arm64 /Users/runner/Library/Developer/Xcode/DerivedData/ModuleCache.noindex/CoreMedia-2OM5WMGJE0UL49LUGXPRUYR0Y.pcm

SwiftExplicitDependencyGeneratePcm arm64 /Users/runner/Library/Developer/Xcode/DerivedData/ModuleCache.noindex/SwiftUICore-9DIEMH4Z9T64AGJB2R6KD3EOR.pcm

SwiftExplicitDependencyGeneratePcm arm64 /Users/runner/Library/Developer/Xcode/DerivedData/ModuleCache.noindex/UIKit-EXU98BO9TKBKUJMALVDROIG6.pcm

SwiftExplicitDependencyGeneratePcm arm64 /Users/runner/Library/Developer/Xcode/DerivedData/ModuleCache.noindex/AVFAudio-CSYOL09ZBXMJ2ZW59SFCL27VU.pcm

SwiftExplicitDependencyGeneratePcm arm64 /Users/runner/Library/Developer/Xcode/DerivedData/ModuleCache.noindex/MediaToolbox-CWVXBCEYDTK4E9ZA9BRY2217Z.pcm

SwiftExplicitDependencyGeneratePcm arm64 /Users/runner/Library/Developer/Xcode/DerivedData/ModuleCache.noindex/AVFoundation-5RU42VNQQ16GF3204OWCSH0KV.pcm

SwiftExplicitDependencyGeneratePcm arm64 /Users/runner/Library/Developer/Xcode/DerivedData/ModuleCache.noindex/Photos-AV6I4B22G4NCSCVJDKRRKRYBL.pcm

SwiftExplicitDependencyGeneratePcm arm64 /Users/runner/Library/Developer/Xcode/DerivedData/ModuleCache.noindex/SwiftUI-6B305YEGM6ZJ1GCRJMNGN14J6.pcm

SwiftExplicitDependencyGeneratePcm arm64 /Users/runner/Library/Developer/Xcode/DerivedData/ModuleCache.noindex/MapKit-7XWT1QT4TE5A99RFOTQPXY882.pcm

SwiftExplicitDependencyGeneratePcm arm64 /Users/runner/Library/Developer/Xcode/DerivedData/ModuleCache.noindex/PhotosUI-4V828NPONWSDNB1UYVWL21ZH1.pcm

SwiftCompile normal arm64 Compiling\ AlarmCoordinator.swift,\ AlarmEditView.swift,\ AlarmEditViewModel.swift,\ AlarmIntents.swift,\ AlarmKitDelivery.swift,\ AlarmListView.swift,\ AlarmListViewModel.swift,\ AlarmPolicy.swift,\ AlarmSoundPlayer.swift,\ AlarmTriggerView.swift,\ AlarmUseCases.swift,\ AppContainer.swift,\ AppSettings.swift,\ BackgroundImageStore.swift,\ Color+RGB.swift,\ DaysFormatter.swift,\ DemoData.swift,\ Enums.swift,\ EventLog.swift,\ Geo.swift,\ GeoAlarm.swift,\ GeoAlarmApp.swift,\ GeoAlarmRecord.swift,\ HapticPlayer.swift,\ LayeredAlarmDelivery.swift,\ LocationEngine.swift,\ LocationPickerView.swift,\ NotificationDelegate.swift,\ NotificationFallbackDelivery.swift,\ Palette.swift,\ PermissionBanner.swift,\ RegionSelector.swift,\ Repositories.swift,\ RootView.swift,\ Services.swift,\ SettingsStore.swift,\ SettingsView.swift,\ SoundCatalog.swift,\ SoundPickerView.swift,\ SwiftDataGeoAlarmRepository.swift,\ UserDefaultsSettingsRepository.swift,\ VibrationTimeline.swift,\ GeneratedAssetSymbols.swift /Users/runner/work/GeoAlarm-iOS/GeoAlarm-iOS/GeoAlarm/App/AlarmCoordinator.swift /Users/runner/work/GeoAlarm-iOS/GeoAlarm-iOS/GeoAlarm/Presentation/AlarmEdit/AlarmEditView.swift /Users/runner/work/GeoAlarm-iOS/GeoAlarm-iOS/GeoAlarm/Presentation/AlarmEdit/AlarmEditViewModel.swift /Users/runner/work/GeoAlarm-iOS/GeoAlarm-iOS/GeoAlarm/App/AlarmIntents.swift /Users/runner/work/GeoAlarm-iOS/GeoAlarm-iOS/GeoAlarm/Data/Alarm/AlarmKitDelivery.swift /Users/runner/work/GeoAlarm-iOS/GeoAlarm-iOS/GeoAlarm/Presentation/AlarmList/AlarmListView.swift /Users/runner/work/GeoAlarm-iOS/GeoAlarm-iOS/GeoAlarm/Presentation/AlarmList/AlarmListViewModel.swift /Users/runner/work/GeoAlarm-iOS/GeoAlarm-iOS/GeoAlarm/Domain/Util/AlarmPolicy.swift /Users/runner/work/GeoAlarm-iOS/GeoAlarm-iOS/GeoAlarm/Data/Audio/AlarmSoundPlayer.swift /Users/runner/work/GeoAlarm-iOS/GeoAlarm-iOS/GeoAlarm/Presentation/Trigger/AlarmTriggerView.swift /Users/runner/work/GeoAlarm-iOS/GeoAlarm-iOS/GeoAlarm/Domain/UseCase/AlarmUseCases.swift /Users/runner/work/GeoAlarm-iOS/GeoAlarm-iOS/GeoAlarm/App/AppContainer.swift /Users/runner/work/GeoAlarm-iOS/GeoAlarm-iOS/GeoAlarm/Domain/Model/AppSettings.swift /Users/runner/work/GeoAlarm-iOS/GeoAlarm-iOS/GeoAlarm/Data/Local/BackgroundImageStore.swift /Users/runner/work/GeoAlarm-iOS/GeoAlarm-iOS/GeoAlarm/Presentation/Theme/Color+RGB.swift /Users/runner/work/GeoAlarm-iOS/GeoAlarm-iOS/GeoAlarm/Presentation/Common/DaysFormatter.swift /Users/runner/work/GeoAlarm-iOS/GeoAlarm-iOS/GeoAlarm/App/DemoData.swift /Users/runner/work/GeoAlarm-iOS/GeoAlarm-iOS/GeoAlarm/Domain/Model/Enums.swift /Users/runner/work/GeoAlarm-iOS/GeoAlarm-iOS/GeoAlarm/Data/Diagnostics/EventLog.swift /Users/runner/work/GeoAlarm-iOS/GeoAlarm-iOS/GeoAlarm/Domain/Util/Geo.swift /Users/runner/work/GeoAlarm-iOS/GeoAlarm-iOS/GeoAlarm/Domain/Model/GeoAlarm.swift /Users/runner/work/GeoAlarm-iOS/GeoAlarm-iOS/GeoAlarm/App/GeoAlarmApp.swift /Users/runner/work/GeoAlarm-iOS/GeoAlarm-iOS/GeoAlarm/Data/Local/GeoAlarmRecord.swift /Users/runner/work/GeoAlarm-iOS/GeoAlarm-iOS/GeoAlarm/Data/Audio/HapticPlayer.swift /Users/runner/work/GeoAlarm-iOS/GeoAlarm-iOS/GeoAlarm/Data/Alarm/LayeredAlarmDelivery.swift /Users/runner/work/GeoAlarm-iOS/GeoAlarm-iOS/GeoAlarm/Data/Location/LocationEngine.swift /Users/runner/work/GeoAlarm-iOS/GeoAlarm-iOS/GeoAlarm/Presentation/AlarmEdit/LocationPickerView.swift /Users/runner/work/GeoAlarm-iOS/GeoAlarm-iOS/GeoAlarm/App/NotificationDelegate.swift /Users/runner/work/GeoAlarm-iOS/GeoAlarm-iOS/GeoAlarm/Data/Alarm/NotificationFallbackDelivery.swift /Users/runner/work/GeoAlarm-iOS/GeoAlarm-iOS/GeoAlarm/Presentation/Theme/Palette.swift /Users/runner/work/GeoAlarm-iOS/GeoAlarm-iOS/GeoAlarm/Presentation/Common/PermissionBanner.swift /Users/runner/work/GeoAlarm-iOS/GeoAlarm-iOS/GeoAlarm/Domain/Util/RegionSelector.swift /Users/runner/work/GeoAlarm-iOS/GeoAlarm-iOS/GeoAlarm/Domain/Repository/Repositories.swift /Users/runner/work/GeoAlarm-iOS/GeoAlarm-iOS/GeoAlarm/Presentation/Root/RootView.swift /Users/runner/work/GeoAlarm-iOS/GeoAlarm-iOS/GeoAlarm/Domain/Service/Services.swift /Users/runner/work/GeoAlarm-iOS/GeoAlarm-iOS/GeoAlarm/Presentation/Settings/SettingsStore.swift /Users/runner/work/GeoAlarm-iOS/GeoAlarm-iOS/GeoAlarm/Presentation/Settings/SettingsView.swift /Users/runner/work/GeoAlarm-iOS/GeoAlarm-iOS/GeoAlarm/Data/Audio/SoundCatalog.swift /Users/runner/work/GeoAlarm-iOS/GeoAlarm-iOS/GeoAlarm/Presentation/AlarmEdit/SoundPickerView.swift /Users/runner/work/GeoAlarm-iOS/GeoAlarm-iOS/GeoAlarm/Data/Local/SwiftDataGeoAlarmRepository.swift /Users/runner/work/GeoAlarm-iOS/GeoAlarm-iOS/GeoAlarm/Data/Local/UserDefaultsSettingsRepository.swift /Users/runner/work/GeoAlarm-iOS/GeoAlarm-iOS/GeoAlarm/Domain/Util/VibrationTimeline.swift /Users/runner/Library/Developer/Xcode/DerivedData/GeoAlarm-bgjyfjejddafizazceyaykvykrwr/Build/Intermediates.noindex/ArchiveIntermediates/GeoAlarm/IntermediateBuildFilesPath/GeoAlarm.build/Release-iphoneos/GeoAlarm.build/DerivedSources/GeneratedAssetSymbols.swift /Applications/Xcode_26.6.app/Contents/Developer/Toolchains/XcodeDefault.xctoolchain/usr/lib/swift/iphoneos/prebuilt-modules/26.5/CoreGraphics.swiftmodule/arm64e-apple-ios.swiftmodule /Applications/Xcode_26.6.app/Contents/Developer/Toolchains/XcodeDefault.xctoolchain/usr/lib/swift/iphoneos/prebuilt-modules/26.5/Swift.swiftmodule/arm64e-apple-ios.swiftmodule /Applications/Xcode_26.6.app/Contents/Developer/Toolchains/XcodeDefault.xctoolchain/usr/lib/swift/iphoneos/prebuilt-modules/26.5/_AppIntents_SwiftUI.swiftmodule/arm64e-apple-ios.swiftmodule /Applications/Xcode_26.6.app/Contents/Developer/Toolchains/XcodeDefault.xctoolchain/usr/lib/swift/iphoneos/prebuilt-modules/26.5/Spatial.swiftmodule/arm64e-apple-ios.swiftmodule /Applications/Xcode_26.6.app/Contents/Developer/Toolchains/XcodeDefault.xctoolchain/usr/lib/swift/iphoneos/prebuilt-modules/26.5/_Concurrency.swiftmodule/arm64e-apple-ios.swiftmodule /Applications/Xcode_26.6.app/Contents/Developer/Toolchains/XcodeDefault.xctoolchain/usr/lib/swift/iphoneos/prebuilt-modules/26.5/Combine.swiftmodule/arm64e-apple-ios.swiftmodule /Applications/Xcode_26.6.app/Contents/Developer/Toolchains/XcodeDefault.xctoolchain/usr/lib/swift/iphoneos/prebuilt-modules/26.5/Network.swiftmodule/arm64e-apple-ios.swiftmodule /Applications/Xcode_26.6.app/Contents/Developer/Toolchains/XcodeDefault.xctoolchain/usr/lib/swift/iphoneos/prebuilt-modules/26.5/_Builtin_float.swiftmodule/arm64e-apple-ios.swiftmodule /Applications/Xcode_26.6.app/Contents/Developer/Toolchains/XcodeDefault.xctoolchain/usr/lib/swift/iphoneos/prebuilt-modules/26.5/AlarmKit.swiftmodule/arm64e-apple-ios.swiftmodule /Applications/Xcode_26.6.app/Contents/Developer/Toolchains/XcodeDefault.xctoolchain/usr/lib/swift/iphoneos/prebuilt-modules/26.5/CoreAudio.swiftmodule/arm64e-apple-ios.swiftmodule /Applications/Xcode_26.6.app/Contents/Developer/Toolchains/XcodeDefault.xctoolchain/usr/lib/swift/iphoneos/prebuilt-modules/26.5/CoreImage.swiftmodule/arm64e-apple-ios.swiftmodule /Applications/Xcode_26.6.app/Contents/Developer/Toolchains/XcodeDefault.xctoolchain/usr/lib/swift/iphoneos/prebuilt-modules/26.5/AppIntents.swiftmodule/arm64e-apple-ios.swiftmodule /Applications/Xcode_26.6.app/Contents/Developer/Toolchains/XcodeDefault.xctoolchain/usr/lib/swift/iphoneos/prebuilt-modules/26.5/DeveloperToolsSupport.swiftmodule/arm64e-apple-ios.swiftmodule /Applications/Xcode_26.6.app/Contents/Developer/Toolchains/XcodeDefault.xctoolchain/usr/lib/swift/iphoneos/prebuilt-modules/26.5/RelevanceKit.swiftmodule/arm64e-apple-ios.swiftmodule /Applications/Xcode_26.6.app/Contents/Developer/Toolchains/XcodeDefault.xctoolchain/usr/lib/swift/iphoneos/prebuilt-modules/26.5/UniformTypeIdentifiers.swiftmodule/arm64e-apple-ios.swiftmodule /Applications/Xcode_26.6.app/Contents/Developer/Toolchains/XcodeDefault.xctoolchain/usr/lib/swift/iphoneos/prebuilt-modules/26.5/MapKit.swiftmodule/arm64e-apple-ios.swiftmodule /Applications/Xcode_26.6.app/Contents/Developer/Toolchains/XcodeDefault.xctoolchain/usr/lib/swift/iphoneos/prebuilt-modules/26.5/_MapKit_SwiftUI.swiftmodule/arm64e-apple-ios.swiftmodule /Applications/Xcode_26.6.app/Contents/Developer/Toolchains/XcodeDefault.xctoolchain/usr/lib/swift/iphoneos/prebuilt-modules/26.5/ExtensionFoundation.swiftmodule/arm64e-apple-ios.swiftmodule /Applications/Xcode_26.6.app/Contents/Developer/Toolchains/XcodeDefault.xctoolchain/usr/lib/swift/iphoneos/prebuilt-modules/26.5/LightweightCodeRequirements.swiftmodule/arm64e-apple-ios.swiftmodule /Applications/Xcode_26.6.app/Contents/Developer/Toolchains/XcodeDefault.xctoolchain/usr/lib/swift/iphoneos/prebuilt-modules/26.5/CoreData.swiftmodule/arm64e-apple-ios.swiftmodule /Applications/Xcode_26.6.app/Contents/Developer/Toolchains/XcodeDefault.xctoolchain/usr/lib/swift/iphoneos/prebuilt-modules/26.5/PhotosUI.swiftmodule/arm64e-apple-ios.swiftmodule /Applications/Xcode_26.6.app/Contents/Developer/Toolchains/XcodeDefault.xctoolchain/usr/lib/swift/iphoneos/prebuilt-modules/26.5/os.swiftmodule/arm64e-apple-ios.swiftmodule /Applications/Xcode_26.6.app/Contents/Developer/Toolchains/XcodeDefault.xctoolchain/usr/lib/swift/iphoneos/prebuilt-modules/26.5/System.swiftmodule/arm64e-apple-ios.swiftmodule /Applications/Xcode_26.6.app/Contents/Developer/Toolchains/XcodeDefault.xctoolchain/usr/lib/swift/iphoneos/prebuilt-modules/26.5/Dispatch.swiftmodule/arm64e-apple-ios.swiftmodule /Applications/Xcode_26.6.app/Contents/Developer/Toolchains/XcodeDefault.xctoolchain/usr/lib/swift/iphoneos/prebuilt-modules/26.5/Metal.swiftmodule/arm64e-apple-ios.swiftmodule /Applications/Xcode_26.6.app/Contents/Developer/Toolchains/XcodeDefault.xctoolchain/usr/lib/swift/iphoneos/prebuilt-modules/26.5/Accessibility.swiftmodule/arm64e-apple-ios.swiftmodule /Applications/Xcode_26.6.app/Contents/Developer/Toolchains/XcodeDefault.xctoolchain/usr/lib/swift/iphoneos/prebuilt-modules/26.5/CoreFoundation.swiftmodule/arm64e-apple-ios.swiftmodule /Applications/Xcode_26.6.app/Contents/Developer/Toolchains/XcodeDefault.xctoolchain/usr/lib/swift/iphoneos/prebuilt-modules/26.5/AVFoundation.swiftmodule/arm64e-apple-ios.swiftmodule /Applications/Xcode_26.6.app/Contents/Developer/Toolchains/XcodeDefault.xctoolchain/usr/lib/swift/iphoneos/prebuilt-modules/26.5/Symbols.swiftmodule/arm64e-apple-ios.swiftmodule /Applications/Xcode_26.6.app/Contents/Developer/Toolchains/XcodeDefault.xctoolchain/usr/lib/swift/iphoneos/prebuilt-modules/26.5/Observation.swiftmodule/arm64e-apple-ios.swiftmodule /Applications/Xcode_26.6.app/Contents/Developer/Toolchains/XcodeDefault.xctoolchain/usr/lib/swift/iphoneos/prebuilt-modules/26.5/ActivityKit.swiftmodule/arm64e-apple-ios.swiftmodule /Applications/Xcode_26.6.app/Contents/Developer/Toolchains/XcodeDefault.xctoolchain/usr/lib/swift/iphoneos/prebuilt-modules/26.5/XPC.swiftmodule/arm64e-apple-ios.swiftmodule /Applications/Xcode_26.6.app/Contents/Developer/Toolchains/XcodeDefault.xctoolchain/usr/lib/swift/iphoneos/prebuilt-modules/26.5/Foundation.swiftmodule/arm64e-apple-ios.swiftmodule /Applications/Xcode_26.6.app/Contents/Developer/Toolchains/XcodeDefault.xctoolchain/usr/lib/swift/iphoneos/prebuilt-modules/26.5/Photos.swiftmodule/arm64e-apple-ios.swiftmodule /Applications/Xcode_26.6.app/Contents/Developer/Toolchains/XcodeDefault.xctoolchain/usr/lib/swift/iphoneos/prebuilt-modules/26.5/_DarwinFoundation2.swiftmodule/arm64e-apple-ios.swiftmodule /Applications/Xcode_26.6.app/Contents/Developer/Toolchains/XcodeDefault.xctoolchain/usr/lib/swift/iphoneos/prebuilt-modules/26.5/_DarwinFoundation1.swiftmodule/arm64e-apple-ios.swiftmodule /Applications/Xcode_26.6.app/Contents/Developer/Toolchains/XcodeDefault.xctoolchain/usr/lib/swift/iphoneos/prebuilt-modules/26.5/SwiftData.swiftmodule/arm64e-apple-ios.swiftmodule /Applications/Xcode_26.6.app/Contents/Developer/Toolchains/XcodeDefault.xctoolchain/usr/lib/swift/iphoneos/prebuilt-modules/26.5/CoreMIDI.swiftmodule/arm64e-apple-ios.swiftmodule /Applications/Xcode_26.6.app/Contents/Developer/Toolchains/XcodeDefault.xctoolchain/usr/lib/swift/iphoneos/prebuilt-modules/26.5/_DarwinFoundation3.swiftmodule/arm64e-apple-ios.swiftmodule /Applications/Xcode_26.6.app/Contents/Developer/Toolchains/XcodeDefault.xctoolchain/usr/lib/swift/iphoneos/prebuilt-modules/26.5/SwiftUICore.swiftmodule/arm64e-apple-ios.swiftmodule /Applications/Xcode_26.6.app/Contents/Developer/Toolchains/XcodeDefault.xctoolchain/usr/lib/swift/iphoneos/prebuilt-modules/26.5/_StringProcessing.swiftmodule/arm64e-apple-ios.swiftmodule /Applications/Xcode_26.6.app/Contents/Developer/Toolchains/XcodeDefault.xctoolchain/usr/lib/swift/iphoneos/prebuilt-modules/26.5/FileProvider.swiftmodule/arm64e-apple-ios.swiftmodule /Applications/Xcode_26.6.app/Contents/Developer/Toolchains/XcodeDefault.xctoolchain/usr/lib/swift/iphoneos/prebuilt-modules/26.5/CoreSpotlight.swiftmodule/arm64e-apple-ios.swiftmodule /Applications/Xcode_26.6.app/Contents/Developer/Toolchains/XcodeDefault.xctoolchain/usr/lib/swift/iphoneos/prebuilt-modules/26.5/DataDetection.swiftmodule/arm64e-apple-ios.swiftmodule /Applications/Xcode_26.6.app/Contents/Developer/Toolchains/XcodeDefault.xctoolchain/usr/lib/swift/iphoneos/prebuilt-modules/26.5/CoreMedia.swiftmodule/arm64e-apple-ios.swiftmodule /Applications/Xcode_26.6.app/Contents/Developer/Toolchains/XcodeDefault.xctoolchain/usr/lib/swift/iphoneos/prebuilt-modules/26.5/AudioToolbox.swiftmodule/arm64e-apple-ios.swiftmodule /Applications/Xcode_26.6.app/Contents/Developer/Toolchains/XcodeDefault.xctoolchain/usr/lib/swift/iphoneos/prebuilt-modules/26.5/ObjectiveC.swiftmodule/arm64e-apple-ios.swiftmodule /Applications/Xcode_26.6.app/Contents/Developer/Toolchains/XcodeDefault.xctoolchain/usr/lib/swift/iphoneos/prebuilt-modules/26.5/CoreVideo.swiftmodule/arm64e-apple-ios.swiftmodule /Applications/Xcode_26.6.app/Contents/Developer/Toolchains/XcodeDefault.xctoolchain/usr/lib/swift/iphoneos/prebuilt-modules/26.5/_PhotosUI_SwiftUI.swiftmodule/arm64e-apple-ios.swiftmodule /Applications/Xcode_26.6.app/Contents/Developer/Toolchains/XcodeDefault.xctoolchain/usr/lib/swift/iphoneos/prebuilt-modules/26.5/AVFAudio.swiftmodule/arm64e-apple-ios.swiftmodule /Applications/Xcode_26.6.app/Contents/Developer/Toolchains/XcodeDefault.xctoolchain/usr/lib/swift/iphoneos/prebuilt-modules/26.5/Distributed.swiftmodule/arm64e-apple-ios.swiftmodule /Applications/Xcode_26.6.app/Contents/Developer/Toolchains/XcodeDefault.xctoolchain/usr/lib/swift/iphoneos/prebuilt-modules/26.5/QuartzCore.swiftmodule/arm64e-apple-ios.swiftmodule /Applications/Xcode_26.6.app/Contents/Developer/Toolchains/XcodeDefault.xctoolchain/usr/lib/swift/iphoneos/prebuilt-modules/26.5/GeoToolbox.swiftmodule/arm64e-apple-ios.swiftmodule /Applications/Xcode_26.6.app/Contents/Developer/Toolchains/XcodeDefault.xctoolchain/usr/lib/swift/iphoneos/prebuilt-modules/26.5/OSLog.swiftmodule/arm64e-apple-ios.swiftmodule /Applications/Xcode_26.6.app/Contents/Developer/Toolchains/XcodeDefault.xctoolchain/usr/lib/swift/iphoneos/prebuilt-modules/26.5/simd.swiftmodule/arm64e-apple-ios.swiftmodule /Applications/Xcode_26.6.app/Contents/Developer/Toolchains/XcodeDefault.xctoolchain/usr/lib/swift/iphoneos/prebuilt-modules/26.5/UIKit.swiftmodule/arm64e-apple-ios.swiftmodule /Applications/Xcode_26.6.app/Contents/Developer/Toolchains/XcodeDefault.xctoolchain/usr/lib/swift/iphoneos/prebuilt-modules/26.5/CoreLocation.swiftmodule/arm64e-apple-ios.swiftmodule /Applications/Xcode_26.6.app/Contents/Developer/Toolchains/XcodeDefault.xctoolchain/usr/lib/swift/iphoneos/prebuilt-modules/26.5/Synchronization.swiftmodule/arm64e-apple-ios.swiftmodule /Applications/Xcode_26.6.app/Contents/Developer/Toolchains/XcodeDefault.xctoolchain/usr/lib/swift/iphoneos/prebuilt-modules/26.5/Darwin.swiftmodule/arm64e-apple-ios.swiftmodule /Applications/Xcode_26.6.app/Contents/Developer/Toolchains/XcodeDefault.xctoolchain/usr/lib/swift/iphoneos/prebuilt-modules/26.5/CoreText.swiftmodule/arm64e-apple-ios.swiftmodule /Applications/Xcode_26.6.app/Contents/Developer/Toolchains/XcodeDefault.xctoolchain/usr/lib/swift/iphoneos/prebuilt-modules/26.5/SwiftUI.swiftmodule/arm64e-apple-ios.swiftmodule /Applications/Xcode_26.6.app/Contents/Developer/Toolchains/XcodeDefault.xctoolchain/usr/lib/swift/iphoneos/prebuilt-modules/26.5/CoreTransferable.swiftmodule/arm64e-apple-ios.swiftmodule /Users/runner/Library/Developer/Xcode/DerivedData/ModuleCache.noindex/CoreImage-27LC9VRXJDFZFMFSKO9E5CY0O.pcm /Users/runner/Library/Developer/Xcode/DerivedData/ModuleCache.noindex/CoreMIDI-AFW9RQCL2DDOC9NBGR4X2CM3L.pcm /Users/runner/Library/Developer/Xcode/DerivedData/ModuleCache.noindex/PhotosUI-4V828NPONWSDNB1UYVWL21ZH1.pcm /Users/runner/Library/Developer/Xcode/DerivedData/ModuleCache.noindex/_Builtin_stdatomic-9060L4NKPD5ER5I6FJ57E8WVA.pcm /Users/runner/Library/Developer/Xcode/DerivedData/ModuleCache.noindex/Spatial-66ZFZVSPF6NR4DI3VRZP5OD1H.pcm /Users/runner/Library/Developer/Xcode/DerivedData/ModuleCache.noindex/MachO-B6RJ1U22Q2HMP7YR9Z0P7VQ0Z.pcm /Users/runner/Library/Developer/Xcode/DerivedData/ModuleCache.noindex/_Builtin_stddef-DM9FIK1TI14UIQLTPTSDRJRH8.pcm /Users/runner/Library/Developer/Xcode/DerivedData/ModuleCache.noindex/SwiftUI-6B305YEGM6ZJ1GCRJMNGN14J6.pcm /Users/runner/Library/Developer/Xcode/DerivedData/ModuleCache.noindex/AudioToolbox-9BX5ETP5XHFHO8GQSFBY0YW8F.pcm /Users/runner/Library/Developer/Xcode/DerivedData/ModuleCache.noindex/_SwiftConcurrencyShims-11WQO0U6NUPEG5KX0XIBPK7HV.pcm /Users/runner/Library/Developer/Xcode/DerivedData/ModuleCache.noindex/Security-CIWSTZAS0BOTYSHUXXOWYSEX5.pcm /Users/runner/Library/Developer/Xcode/DerivedData/ModuleCache.noindex/CoreAudio-9F3BZEY70EDS7DFFGE41U1W6R.pcm /Users/runner/Library/Developer/Xcode/DerivedData/ModuleCache.noindex/_Builtin_tgmath-54R3DMFU6DS0GI3Z1X2FGPB20.pcm /Users/runner/Library/Developer/Xcode/DerivedData/ModuleCache.noindex/CoreHaptics-ERU0889TP02H3PLP924GQ0FY2.pcm /Users/runner/Library/Developer/Xcode/DerivedData/ModuleCache.noindex/_LocationEssentials-4RV1VJZLSCT2RO6Q45E9WTAA8.pcm /Users/runner/Library/Developer/Xcode/DerivedData/ModuleCache.noindex/SwiftShims-72SLMYIIT0DF0R4G8CULVMIGB.pcm /Users/runner/Library/Developer/Xcode/DerivedData/ModuleCache.noindex/AVFoundation-5RU42VNQQ16GF3204OWCSH0KV.pcm /Users/runner/Library/Developer/Xcode/DerivedData/ModuleCache.noindex/CoreTransferable-AAQIWS8UG8MGA4ZNEWBZ2W2IY.pcm /Users/runner/Library/Developer/Xcode/DerivedData/ModuleCache.noindex/os-1REBWOFRQ4PBO7QOUF0V31OPU.pcm /Users/runner/Library/Developer/Xcode/DerivedData/ModuleCache.noindex/simd-CLUOIJ1OU38JUV8Q94GRO1JFW.pcm /Users/runner/Library/Developer/Xcode/DerivedData/ModuleCache.noindex/_Builtin_stdint-1IVO0O4NH45TV1AYF52FCLU39.pcm /Users/runner/Library/Developer/Xcode/DerivedData/ModuleCache.noindex/_DarwinFoundation2-CHABC5SS8N2OTC0RLF1PF00IL.pcm /Users/runner/Library/Developer/Xcode/DerivedData/ModuleCache.noindex/_DarwinFoundation3-DT13DYQO20ZPMHDX5CDK95E4D.pcm /Users/runner/Library/Developer/Xcode/DerivedData/ModuleCache.noindex/sys_types-6VUOHF7N0NSAAA8P9FPHKE8W6.pcm /Users/runner/Library/Developer/Xcode/DerivedData/ModuleCache.noindex/UIUtilities-68BP72D2ARRWVKR5ND13PTZHD.pcm /Users/runner/Library/Developer/Xcode/DerivedData/ModuleCache.noindex/_Builtin_intrinsics-99O65VBQ24FR6L5LL9JW9AR1W.pcm /Users/runner/Library/Developer/Xcode/DerivedData/ModuleCache.noindex/_Builtin_limits-5XLAGNJNMUIA35MLR9224J96G.pcm /Users/runner/Library/Developer/Xcode/DerivedData/ModuleCache.noindex/Metal-DNRDTVJ2K7CPTS3LY6NISTWHE.pcm /Users/runner/Library/Developer/Xcode/DerivedData/ModuleCache.noindex/Darwin-D9UWKS8G5A983R1DJ4W24YSKP.pcm /Users/runner/Library/Developer/Xcode/DerivedData/ModuleCache.noindex/FileProvider-2IGH0JAASCWFWTHH3HQB16NAT.pcm /Users/runner/Library/Developer/Xcode/DerivedData/ModuleCache.noindex/CoreMedia-2OM5WMGJE0UL49LUGXPRUYR0Y.pcm /Users/runner/Library/Developer/Xcode/DerivedData/ModuleCache.noindex/OSLog-DKEX056QW3YCNCO6DBH0EAM0E.pcm /Users/runner/Library/Developer/Xcode/DerivedData/ModuleCache.noindex/DeveloperToolsSupport-EMHRDK0O1ZXXZII2U7HYGBAAB.pcm /Users/runner/Library/Developer/Xcode/DerivedData/ModuleCache.noindex/CoreLocation-1U52FIMZVPGQCI81SNWX8D199.pcm /Users/runner/Library/Developer/Xcode/DerivedData/ModuleCache.noindex/UIKit-EXU98BO9TKBKUJMALVDROIG6.pcm /Users/runner/Library/Developer/Xcode/DerivedData/ModuleCache.noindex/os_object-E4IBKKHD0T0YBYBJLG4YXIM1L.pcm /Users/runner/Library/Developer/Xcode/DerivedData/ModuleCache.noindex/AlarmKit-C89X6OCFPUC2B5B4B0HJAM51O.pcm /Users/runner/Library/Developer/Xcode/DerivedData/ModuleCache.noindex/MediaToolbox-CWVXBCEYDTK4E9ZA9BRY2217Z.pcm /Users/runner/Library/Developer/Xcode/DerivedData/ModuleCache.noindex/AVRouting-8A7VPDRVCYEKXELY0B5Z02OB1.pcm /Users/runner/Library/Developer/Xcode/DerivedData/ModuleCache.noindex/CoreData-3FH3JHVLSCG105NRLU6T3RF4G.pcm /Users/runner/Library/Developer/Xcode/DerivedData/ModuleCache.noindex/QuartzCore-566Q57FTIWBTHFMCCY09MABDC.pcm /Users/runner/Library/Developer/Xcode/DerivedData/ModuleCache.noindex/IOSurface-5JX3VCZ80M38F2Z6PCGNGZCAT.pcm /Users/runner/Library/Developer/Xcode/DerivedData/ModuleCache.noindex/_DarwinFoundation1-AVQP07R3FLQDOZLLLTSBQE6KZ.pcm /Users/runner/Library/Developer/Xcode/DerivedData/ModuleCache.noindex/Foundation-1X62Q4Y5CFD79X7DK8WGN1XR7.pcm /Users/runner/Library/Developer/Xcode/DerivedData/ModuleCache.noindex/ObjectiveC-UL57PEN9KLSC4RHLEIGY3HA.pcm /Users/runner/Library/Developer/Xcode/DerivedData/ModuleCache.noindex/RelevanceKit-A9UYSR65SXY79JR71WEK2PPS1.pcm /Users/runner/Library/Developer/Xcode/DerivedData/ModuleCache.noindex/UserNotifications-9XZE59KS9YG29GOP295XNSED9.pcm /Users/runner/Library/Developer/Xcode/DerivedData/ModuleCache.noindex/CoreGraphics-1G5052L8UUCYJ9W6QLENAXY9U.pcm /Users/runner/Library/Developer/Xcode/DerivedData/ModuleCache.noindex/ActivityKit-17X415H0PR1W0WJFXWD9RPWDG.pcm /Users/runner/Library/Developer/Xcode/DerivedData/ModuleCache.noindex/CFNetwork-4AKTMCE1W2AF00ZV9XZ8XN8BU.pcm /Users/runner/Library/Developer/Xcode/DerivedData/ModuleCache.noindex/SwiftUICore-9DIEMH4Z9T64AGJB2R6KD3EOR.pcm /Users/runner/Library/Developer/Xcode/DerivedData/ModuleCache.noindex/_Builtin_stdbool-F2JDNPQEX6SQ9OSYLY30YZQUK.pcm /Users/runner/Library/Developer/Xcode/DerivedData/ModuleCache.noindex/os_workgroup-32Z9ZWHZO4UN3G5VTRHGO9J2G.pcm /Users/runner/Library/Developer/Xcode/DerivedData/ModuleCache.noindex/XPC-4PB7SR0PM1G3Z1V4ERK8LTRR6.pcm /Users/runner/Library/Developer/Xcode/DerivedData/ModuleCache.noindex/ptrauth-DABL4NITE6FI9XGP0U5ICP5U7.pcm /Users/runner/Library/Developer/Xcode/DerivedData/ModuleCache.noindex/_Builtin_inttypes-AMA2B4Y7QBKPABLXFSRFWCL9N.pcm /Users/runner/Library/Developer/Xcode/DerivedData/ModuleCache.noindex/Dispatch-9CU9L6AJGABEPEK1MML5WOJEH.pcm /Users/runner/Library/Developer/Xcode/DerivedData/ModuleCache.noindex/OpenGLES-457SP2TZA6UHDMTKTCX1NW350.pcm /Users/runner/Library/Developer/Xcode/DerivedData/ModuleCache.noindex/UniformTypeIdentifiers-5SQL832U5YS5P4OFS71ZU71ZH.pcm /Users/runner/Library/Developer/Xcode/DerivedData/ModuleCache.noindex/CoreText-7G27BMK29AJO8FLDTQX72AKIO.pcm /Users/runner/Library/Developer/Xcode/DerivedData/ModuleCache.noindex/ImageIO-DO2T5X90PE8HDHJGTWQBWNA65.pcm /Users/runner/Library/Developer/Xcode/DerivedData/ModuleCache.noindex/_Builtin_float-2YO6PSBAHJ04WO49MXMPSPE2E.pcm /Users/runner/Library/Developer/Xcode/DerivedData/ModuleCache.noindex/CoreFoundation-AJVBJNWJLXSNXAG6CFR83HFOF.pcm /Users/runner/Library/Developer/Xcode/DerivedData/ModuleCache.noindex/_Builtin_stdarg-AWNHK52NN9LOBSP9B3ES6N4JP.pcm /Users/runner/Library/Developer/Xcode/DerivedData/ModuleCache.noindex/dnssd-AB1MJ0IHS4AY4FMB9VINDZFNL.pcm /Users/runner/Library/Developer/Xcode/DerivedData/ModuleCache.noindex/MapKit-7XWT1QT4TE5A99RFOTQPXY882.pcm /Users/runner/Library/Developer/Xcode/DerivedData/ModuleCache.noindex/ptrcheck-F4E3AJ5OSHOZ9IBB2GP04PWWI.pcm /Users/runner/Library/Developer/Xcode/DerivedData/ModuleCache.noindex/Photos-AV6I4B22G4NCSCVJDKRRKRYBL.pcm /Users/runner/Library/Developer/Xcode/DerivedData/ModuleCache.noindex/CoreAudioTypes-5091PY7IMGYC8NT1C1RFMX3LB.pcm /Users/runner/Library/Developer/Xcode/DerivedData/ModuleCache.noindex/AppIntents-BYA3XKAIQ0EW6N9FPWTUIZA1N.pcm /Users/runner/Library/Developer/Xcode/DerivedData/ModuleCache.noindex/_AvailabilityInternal-D134KYCM5B7H7LEX0UZ8E87OC.pcm /Users/runner/Library/Developer/Xcode/DerivedData/ModuleCache.noindex/CoreSpotlight-AQ8FI7YGFXR0FA9Z0RQJ1VEB9.pcm /Users/runner/Library/Developer/Xcode/DerivedData/ModuleCache.noindex/DataDetection-D4KJ1S9E4WLZ9667PTN5AXI9K.pcm /Users/runner/Library/Developer/Xcode/DerivedData/ModuleCache.noindex/Network-CV64AECI38K2LZC189XU1XATE.pcm /Users/runner/Library/Developer/Xcode/DerivedData/ModuleCache.noindex/Accessibility-ZCOQIL8YWBFQ0TLBXFB2N57I.pcm /Users/runner/Library/Developer/Xcode/DerivedData/ModuleCache.noindex/Symbols-3Z96XHQKJOEPY4CGQ63YIUGXQ.pcm /Users/runner/Library/Developer/Xcode/DerivedData/ModuleCache.noindex/AVFAudio-CSYOL09ZBXMJ2ZW59SFCL27VU.pcm /Users/runner/Library/Developer/Xcode/DerivedData/ModuleCache.noindex/ExtensionFoundation-1KMDNDD0YNMPZE4A6P2BXA1R0.pcm /Users/runner/Library/Developer/Xcode/DerivedData/ModuleCache.noindex/CoreVideo-BZMXU0P2Z8IQSJANCXSICOTKV.pcm /Users/runner/Library/Developer/Xcode/DerivedData/GeoAlarm-bgjyfjejddafizazceyaykvykrwr/Build/Intermediates.noindex/ArchiveIntermediates/GeoAlarm/IntermediateBuildFilesPath/GeoAlarm.build/Release-iphoneos/GeoAlarm.build/Objects-normal/arm64/GeoAlarm-dependencies-1.json (in target 'GeoAlarm' from project 'GeoAlarm')

CompileSwift normal arm64 (in target 'GeoAlarm' from project 'GeoAlarm')
    cd /Users/runner/work/GeoAlarm-iOS/GeoAlarm-iOS
    

SwiftDriverJobDiscovery normal arm64 Compiling AlarmCoordinator.swift, AlarmEditView.swift, AlarmEditViewModel.swift, AlarmIntents.swift, AlarmKitDelivery.swift, AlarmListView.swift, AlarmListViewModel.swift, AlarmPolicy.swift, AlarmSoundPlayer.swift, AlarmTriggerView.swift, AlarmUseCases.swift, AppContainer.swift, AppSettings.swift, BackgroundImageStore.swift, Color+RGB.swift, DaysFormatter.swift, DemoData.swift, Enums.swift, EventLog.swift, Geo.swift, GeoAlarm.swift, GeoAlarmApp.swift, GeoAlarmRecord.swift, HapticPlayer.swift, LayeredAlarmDelivery.swift, LocationEngine.swift, LocationPickerView.swift, NotificationDelegate.swift, NotificationFallbackDelivery.swift, Palette.swift, PermissionBanner.swift, RegionSelector.swift, Repositories.swift, RootView.swift, Services.swift, SettingsStore.swift, SettingsView.swift, SoundCatalog.swift, SoundPickerView.swift, SwiftDataGeoAlarmRepository.swift, UserDefaultsSettingsRepository.swift, VibrationTimeline.swift, GeneratedAssetSymbols.swift (in target 'GeoAlarm' from project 'GeoAlarm')

SwiftDriver\ Compilation\ Requirements GeoAlarm normal arm64 com.apple.xcode.tools.swift.compiler (in target 'GeoAlarm' from project 'GeoAlarm')
    cd /Users/runner/work/GeoAlarm-iOS/GeoAlarm-iOS
    builtin-Swift-Compilation-Requirements -- /Applications/Xcode_26.6.app/Contents/Developer/Toolchains/XcodeDefault.xctoolchain/usr/bin/swiftc -module-name GeoAlarm -O -whole-module-optimization @/Users/runner/Library/Developer/Xcode/DerivedData/GeoAlarm-bgjyfjejddafizazceyaykvykrwr/Build/Intermediates.noindex/ArchiveIntermediates/GeoAlarm/IntermediateBuildFilesPath/GeoAlarm.build/Release-iphoneos/GeoAlarm.build/Objects-normal/arm64/GeoAlarm.SwiftFileList -enable-bare-slash-regex -enable-experimental-feature DebugDescriptionMacro -sdk /Applications/Xcode_26.6.app/Contents/Developer/Platforms/iPhoneOS.platform/Developer/SDKs/iPhoneOS26.5.sdk -target arm64-apple-ios17.0 -g -module-cache-path /Users/runner/Library/Developer/Xcode/DerivedData/ModuleCache.noindex -Xfrontend -serialize-debugging-options -swift-version 5 -I /Users/runner/Library/Developer/Xcode/DerivedData/GeoAlarm-bgjyfjejddafizazceyaykvykrwr/Build/Intermediates.noindex/ArchiveIntermediates/GeoAlarm/BuildProductsPath/Release-iphoneos -F /Users/runner/Library/Developer/Xcode/DerivedData/GeoAlarm-bgjyfjejddafizazceyaykvykrwr/Build/Intermediates.noindex/ArchiveIntermediates/GeoAlarm/BuildProductsPath/Release-iphoneos -c -num-threads 3 -Xcc -ivfsstatcache -Xcc /Users/runner/Library/Developer/Xcode/DerivedData/SDKStatCaches.noindex/iphoneos26.5-23F81a-688ef53f1462e2c8f657fdc38a81448fee66e23052a0157c865c76b268046726.sdkstatcache -output-file-map /Users/runner/Library/Developer/Xcode/DerivedData/GeoAlarm-bgjyfjejddafizazceyaykvykrwr/Build/Intermediates.noindex/ArchiveIntermediates/GeoAlarm/IntermediateBuildFilesPath/GeoAlarm.build/Release-iphoneos/GeoAlarm.build/Objects-normal/arm64/GeoAlarm-OutputFileMap.json -use-frontend-parseable-output -save-temps -no-color-diagnostics -explicit-module-build -module-cache-path /Users/runner/Library/Developer/Xcode/DerivedData/GeoAlarm-bgjyfjejddafizazceyaykvykrwr/Build/Intermediates.noindex/ArchiveIntermediates/GeoAlarm/IntermediateBuildFilesPath/SwiftExplicitPrecompiledModules -clang-scanner-module-cache-path /Users/runner/Library/Developer/Xcode/DerivedData/ModuleCache.noindex -sdk-module-cache-path /Users/runner/Library/Developer/Xcode/DerivedData/ModuleCache.noindex -serialize-diagnostics -emit-dependencies -emit-module -emit-module-path /Users/runner/Library/Developer/Xcode/DerivedData/GeoAlarm-bgjyfjejddafizazceyaykvykrwr/Build/Intermediates.noindex/ArchiveIntermediates/GeoAlarm/IntermediateBuildFilesPath/GeoAlarm.build/Release-iphoneos/GeoAlarm.build/Objects-normal/arm64/GeoAlarm.swiftmodule -validate-clang-modules-once -clang-build-session-file /Users/runner/Library/Developer/Xcode/DerivedData/ModuleCache.noindex/Session.modulevalidation -Xcc -I/Users/runner/Library/Developer/Xcode/DerivedData/GeoAlarm-bgjyfjejddafizazceyaykvykrwr/Build/Intermediates.noindex/ArchiveIntermediates/GeoAlarm/IntermediateBuildFilesPath/GeoAlarm.build/Release-iphoneos/GeoAlarm.build/swift-overrides.hmap -emit-const-values -Xfrontend -const-gather-protocols-file -Xfrontend /Users/runner/Library/Developer/Xcode/DerivedData/GeoAlarm-bgjyfjejddafizazceyaykvykrwr/Build/Intermediates.noindex/ArchiveIntermediates/GeoAlarm/IntermediateBuildFilesPath/GeoAlarm.build/Release-iphoneos/GeoAlarm.build/Objects-normal/arm64/GeoAlarm_const_extract_protocols.json -Xcc -iquote -Xcc /Users/runner/Library/Developer/Xcode/DerivedData/GeoAlarm-bgjyfjejddafizazceyaykvykrwr/Build/Intermediates.noindex/ArchiveIntermediates/GeoAlarm/IntermediateBuildFilesPath/GeoAlarm.build/Release-iphoneos/GeoAlarm.build/GeoAlarm-generated-files.hmap -Xcc -I/Users/runner/Library/Developer/Xcode/DerivedData/GeoAlarm-bgjyfjejddafizazceyaykvykrwr/Build/Intermediates.noindex/ArchiveIntermediates/GeoAlarm/IntermediateBuildFilesPath/GeoAlarm.build/Release-iphoneos/GeoAlarm.build/GeoAlarm-own-target-headers.hmap -Xcc -I/Users/runner/Library/Developer/Xcode/DerivedData/GeoAlarm-bgjyfjejddafizazceyaykvykrwr/Build/Intermediates.noindex/ArchiveIntermediates/GeoAlarm/IntermediateBuildFilesPath/GeoAlarm.build/Release-iphoneos/GeoAlarm.build/GeoAlarm-all-target-headers.hmap -Xcc -iquote -Xcc /Users/runner/Library/Developer/Xcode/DerivedData/GeoAlarm-bgjyfjejddafizazceyaykvykrwr/Build/Intermediates.noindex/ArchiveIntermediates/GeoAlarm/IntermediateBuildFilesPath/GeoAlarm.build/Release-iphoneos/GeoAlarm.build/GeoAlarm-project-headers.hmap -Xcc -I/Users/runner/Library/Developer/Xcode/DerivedData/GeoAlarm-bgjyfjejddafizazceyaykvykrwr/Build/Intermediates.noindex/ArchiveIntermediates/GeoAlarm/BuildProductsPath/Release-iphoneos/include -Xcc -I/Users/runner/Library/Developer/Xcode/DerivedData/GeoAlarm-bgjyfjejddafizazceyaykvykrwr/Build/Intermediates.noindex/ArchiveIntermediates/GeoAlarm/IntermediateBuildFilesPath/GeoAlarm.build/Release-iphoneos/GeoAlarm.build/DerivedSources-normal/arm64 -Xcc -I/Users/runner/Library/Developer/Xcode/DerivedData/GeoAlarm-bgjyfjejddafizazceyaykvykrwr/Build/Intermediates.noindex/ArchiveIntermediates/GeoAlarm/IntermediateBuildFilesPath/GeoAlarm.build/Release-iphoneos/GeoAlarm.build/DerivedSources/arm64 -Xcc -I/Users/runner/Library/Developer/Xcode/DerivedData/GeoAlarm-bgjyfjejddafizazceyaykvykrwr/Build/Intermediates.noindex/ArchiveIntermediates/GeoAlarm/IntermediateBuildFilesPath/GeoAlarm.build/Release-iphoneos/GeoAlarm.build/DerivedSources -emit-objc-header -emit-objc-header-path /Users/runner/Library/Developer/Xcode/DerivedData/GeoAlarm-bgjyfjejddafizazceyaykvykrwr/Build/Intermediates.noindex/ArchiveIntermediates/GeoAlarm/IntermediateBuildFilesPath/GeoAlarm.build/Release-iphoneos/GeoAlarm.build/Objects-normal/arm64/GeoAlarm-Swift.h -working-directory /Users/runner/work/GeoAlarm-iOS/GeoAlarm-iOS -no-emit-module-separately-wmo

SwiftMergeGeneratedHeaders /Users/runner/Library/Developer/Xcode/DerivedData/GeoAlarm-bgjyfjejddafizazceyaykvykrwr/Build/Intermediates.noindex/ArchiveIntermediates/GeoAlarm/IntermediateBuildFilesPath/GeoAlarm.build/Release-iphoneos/GeoAlarm.build/DerivedSources/GeoAlarm-Swift.h /Users/runner/Library/Developer/Xcode/DerivedData/GeoAlarm-bgjyfjejddafizazceyaykvykrwr/Build/Intermediates.noindex/ArchiveIntermediates/GeoAlarm/IntermediateBuildFilesPath/GeoAlarm.build/Release-iphoneos/GeoAlarm.build/Objects-normal/arm64/GeoAlarm-Swift.h (in target 'GeoAlarm' from project 'GeoAlarm')
    cd /Users/runner/work/GeoAlarm-iOS/GeoAlarm-iOS
    builtin-swiftHeaderTool -arch arm64 /Users/runner/Library/Developer/Xcode/DerivedData/GeoAlarm-bgjyfjejddafizazceyaykvykrwr/Build/Intermediates.noindex/ArchiveIntermediates/GeoAlarm/IntermediateBuildFilesPath/GeoAlarm.build/Release-iphoneos/GeoAlarm.build/Objects-normal/arm64/GeoAlarm-Swift.h -o /Users/runner/Library/Developer/Xcode/DerivedData/GeoAlarm-bgjyfjejddafizazceyaykvykrwr/Build/Intermediates.noindex/ArchiveIntermediates/GeoAlarm/IntermediateBuildFilesPath/GeoAlarm.build/Release-iphoneos/GeoAlarm.build/DerivedSources/GeoAlarm-Swift.h

Copy /Users/runner/Library/Developer/Xcode/DerivedData/GeoAlarm-bgjyfjejddafizazceyaykvykrwr/Build/Intermediates.noindex/ArchiveIntermediates/GeoAlarm/BuildProductsPath/Release-iphoneos/GeoAlarm.swiftmodule/arm64-apple-ios.swiftdoc /Users/runner/Library/Developer/Xcode/DerivedData/GeoAlarm-bgjyfjejddafizazceyaykvykrwr/Build/Intermediates.noindex/ArchiveIntermediates/GeoAlarm/IntermediateBuildFilesPath/GeoAlarm.build/Release-iphoneos/GeoAlarm.build/Objects-normal/arm64/GeoAlarm.swiftdoc (in target 'GeoAlarm' from project 'GeoAlarm')
    cd /Users/runner/work/GeoAlarm-iOS/GeoAlarm-iOS
    builtin-copy -exclude .DS_Store -exclude CVS -exclude .svn -exclude .git -exclude .hg -resolve-src-symlinks -rename /Users/runner/Library/Developer/Xcode/DerivedData/GeoAlarm-bgjyfjejddafizazceyaykvykrwr/Build/Intermediates.noindex/ArchiveIntermediates/GeoAlarm/IntermediateBuildFilesPath/GeoAlarm.build/Release-iphoneos/GeoAlarm.build/Objects-normal/arm64/GeoAlarm.swiftdoc /Users/runner/Library/Developer/Xcode/DerivedData/GeoAlarm-bgjyfjejddafizazceyaykvykrwr/Build/Intermediates.noindex/ArchiveIntermediates/GeoAlarm/BuildProductsPath/Release-iphoneos/GeoAlarm.swiftmodule/arm64-apple-ios.swiftdoc

Copy /Users/runner/Library/Developer/Xcode/DerivedData/GeoAlarm-bgjyfjejddafizazceyaykvykrwr/Build/Intermediates.noindex/ArchiveIntermediates/GeoAlarm/BuildProductsPath/Release-iphoneos/GeoAlarm.swiftmodule/arm64-apple-ios.swiftmodule /Users/runner/Library/Developer/Xcode/DerivedData/GeoAlarm-bgjyfjejddafizazceyaykvykrwr/Build/Intermediates.noindex/ArchiveIntermediates/GeoAlarm/IntermediateBuildFilesPath/GeoAlarm.build/Release-iphoneos/GeoAlarm.build/Objects-normal/arm64/GeoAlarm.swiftmodule (in target 'GeoAlarm' from project 'GeoAlarm')
    cd /Users/runner/work/GeoAlarm-iOS/GeoAlarm-iOS
    builtin-copy -exclude .DS_Store -exclude CVS -exclude .svn -exclude .git -exclude .hg -resolve-src-symlinks -rename /Users/runner/Library/Developer/Xcode/DerivedData/GeoAlarm-bgjyfjejddafizazceyaykvykrwr/Build/Intermediates.noindex/ArchiveIntermediates/GeoAlarm/IntermediateBuildFilesPath/GeoAlarm.build/Release-iphoneos/GeoAlarm.build/Objects-normal/arm64/GeoAlarm.swiftmodule /Users/runner/Library/Developer/Xcode/DerivedData/GeoAlarm-bgjyfjejddafizazceyaykvykrwr/Build/Intermediates.noindex/ArchiveIntermediates/GeoAlarm/BuildProductsPath/Release-iphoneos/GeoAlarm.swiftmodule/arm64-apple-ios.swiftmodule

Copy /Users/runner/Library/Developer/Xcode/DerivedData/GeoAlarm-bgjyfjejddafizazceyaykvykrwr/Build/Intermediates.noindex/ArchiveIntermediates/GeoAlarm/BuildProductsPath/Release-iphoneos/GeoAlarm.swiftmodule/arm64-apple-ios.abi.json /Users/runner/Library/Developer/Xcode/DerivedData/GeoAlarm-bgjyfjejddafizazceyaykvykrwr/Build/Intermediates.noindex/ArchiveIntermediates/GeoAlarm/IntermediateBuildFilesPath/GeoAlarm.build/Release-iphoneos/GeoAlarm.build/Objects-normal/arm64/GeoAlarm.abi.json (in target 'GeoAlarm' from project 'GeoAlarm')
    cd /Users/runner/work/GeoAlarm-iOS/GeoAlarm-iOS
    builtin-copy -exclude .DS_Store -exclude CVS -exclude .svn -exclude .git -exclude .hg -resolve-src-symlinks -rename /Users/runner/Library/Developer/Xcode/DerivedData/GeoAlarm-bgjyfjejddafizazceyaykvykrwr/Build/Intermediates.noindex/ArchiveIntermediates/GeoAlarm/IntermediateBuildFilesPath/GeoAlarm.build/Release-iphoneos/GeoAlarm.build/Objects-normal/arm64/GeoAlarm.abi.json /Users/runner/Library/Developer/Xcode/DerivedData/GeoAlarm-bgjyfjejddafizazceyaykvykrwr/Build/Intermediates.noindex/ArchiveIntermediates/GeoAlarm/BuildProductsPath/Release-iphoneos/GeoAlarm.swiftmodule/arm64-apple-ios.abi.json

Ld /Users/runner/Library/Developer/Xcode/DerivedData/GeoAlarm-bgjyfjejddafizazceyaykvykrwr/Build/Intermediates.noindex/ArchiveIntermediates/GeoAlarm/InstallationBuildProductsLocation/Applications/GeoAlarm.app/GeoAlarm normal (in target 'GeoAlarm' from project 'GeoAlarm')
    cd /Users/runner/work/GeoAlarm-iOS/GeoAlarm-iOS
    /Applications/Xcode_26.6.app/Contents/Developer/Toolchains/XcodeDefault.xctoolchain/usr/bin/clang -Xlinker -reproducible -target arm64-apple-ios17.0 -isysroot /Applications/Xcode_26.6.app/Contents/Developer/Platforms/iPhoneOS.platform/Developer/SDKs/iPhoneOS26.5.sdk -Os -L/Users/runner/Library/Developer/Xcode/DerivedData/GeoAlarm-bgjyfjejddafizazceyaykvykrwr/Build/Intermediates.noindex/ArchiveIntermediates/GeoAlarm/IntermediateBuildFilesPath/EagerLinkingTBDs/Release-iphoneos -L/Users/runner/Library/Developer/Xcode/DerivedData/GeoAlarm-bgjyfjejddafizazceyaykvykrwr/Build/Intermediates.noindex/ArchiveIntermediates/GeoAlarm/BuildProductsPath/Release-iphoneos -F/Users/runner/Library/Developer/Xcode/DerivedData/GeoAlarm-bgjyfjejddafizazceyaykvykrwr/Build/Intermediates.noindex/ArchiveIntermediates/GeoAlarm/IntermediateBuildFilesPath/EagerLinkingTBDs/Release-iphoneos -F/Users/runner/Library/Developer/Xcode/DerivedData/GeoAlarm-bgjyfjejddafizazceyaykvykrwr/Build/Intermediates.noindex/ArchiveIntermediates/GeoAlarm/BuildProductsPath/Release-iphoneos -filelist /Users/runner/Library/Developer/Xcode/DerivedData/GeoAlarm-bgjyfjejddafizazceyaykvykrwr/Build/Intermediates.noindex/ArchiveIntermediates/GeoAlarm/IntermediateBuildFilesPath/GeoAlarm.build/Release-iphoneos/GeoAlarm.build/Objects-normal/arm64/GeoAlarm.LinkFileList -Xlinker -rpath -Xlinker /usr/lib/swift -Xlinker -rpath -Xlinker @executable_path/Frameworks -Xlinker -dead_strip -Xlinker -object_path_lto -Xlinker /Users/runner/Library/Developer/Xcode/DerivedData/GeoAlarm-bgjyfjejddafizazceyaykvykrwr/Build/Intermediates.noindex/ArchiveIntermediates/GeoAlarm/IntermediateBuildFilesPath/GeoAlarm.build/Release-iphoneos/GeoAlarm.build/Objects-normal/arm64/GeoAlarm_lto.o -Xlinker -final_output -Xlinker /Applications/GeoAlarm.app/GeoAlarm -Xlinker -dependency_info -Xlinker /Users/runner/Library/Developer/Xcode/DerivedData/GeoAlarm-bgjyfjejddafizazceyaykvykrwr/Build/Intermediates.noindex/ArchiveIntermediates/GeoAlarm/IntermediateBuildFilesPath/GeoAlarm.build/Release-iphoneos/GeoAlarm.build/Objects-normal/arm64/GeoAlarm_dependency_info.dat -fobjc-link-runtime -L/Applications/Xcode_26.6.app/Contents/Developer/Toolchains/XcodeDefault.xctoolchain/usr/lib/swift/iphoneos -L/usr/lib/swift -Xlinker -add_ast_path -Xlinker /Users/runner/Library/Developer/Xcode/DerivedData/GeoAlarm-bgjyfjejddafizazceyaykvykrwr/Build/Intermediates.noindex/ArchiveIntermediates/GeoAlarm/IntermediateBuildFilesPath/GeoAlarm.build/Release-iphoneos/GeoAlarm.build/Objects-normal/arm64/GeoAlarm.swiftmodule @/Users/runner/Library/Developer/Xcode/DerivedData/GeoAlarm-bgjyfjejddafizazceyaykvykrwr/Build/Intermediates.noindex/ArchiveIntermediates/GeoAlarm/IntermediateBuildFilesPath/GeoAlarm.build/Release-iphoneos/GeoAlarm.build/Objects-normal/arm64/GeoAlarm-linker-args.resp -o /Users/runner/Library/Developer/Xcode/DerivedData/GeoAlarm-bgjyfjejddafizazceyaykvykrwr/Build/Intermediates.noindex/ArchiveIntermediates/GeoAlarm/InstallationBuildProductsLocation/Applications/GeoAlarm.app/GeoAlarm

CopySwiftLibs /Users/runner/Library/Developer/Xcode/DerivedData/GeoAlarm-bgjyfjejddafizazceyaykvykrwr/Build/Intermediates.noindex/ArchiveIntermediates/GeoAlarm/InstallationBuildProductsLocation/Applications/GeoAlarm.app (in target 'GeoAlarm' from project 'GeoAlarm')
    cd /Users/runner/work/GeoAlarm-iOS/GeoAlarm-iOS
    builtin-swiftStdLibTool --copy --verbose --scan-executable /Users/runner/Library/Developer/Xcode/DerivedData/GeoAlarm-bgjyfjejddafizazceyaykvykrwr/Build/Intermediates.noindex/ArchiveIntermediates/GeoAlarm/InstallationBuildProductsLocation/Applications/GeoAlarm.app/GeoAlarm --scan-folder /Users/runner/Library/Developer/Xcode/DerivedData/GeoAlarm-bgjyfjejddafizazceyaykvykrwr/Build/Intermediates.noindex/ArchiveIntermediates/GeoAlarm/InstallationBuildProductsLocation/Applications/GeoAlarm.app/Frameworks --scan-folder /Users/runner/Library/Developer/Xcode/DerivedData/GeoAlarm-bgjyfjejddafizazceyaykvykrwr/Build/Intermediates.noindex/ArchiveIntermediates/GeoAlarm/InstallationBuildProductsLocation/Applications/GeoAlarm.app/PlugIns --scan-folder /Users/runner/Library/Developer/Xcode/DerivedData/GeoAlarm-bgjyfjejddafizazceyaykvykrwr/Build/Intermediates.noindex/ArchiveIntermediates/GeoAlarm/InstallationBuildProductsLocation/Applications/GeoAlarm.app/SystemExtensions --scan-folder /Users/runner/Library/Developer/Xcode/DerivedData/GeoAlarm-bgjyfjejddafizazceyaykvykrwr/Build/Intermediates.noindex/ArchiveIntermediates/GeoAlarm/InstallationBuildProductsLocation/Applications/GeoAlarm.app/Extensions --platform iphoneos --toolchain /var/run/com.apple.security.cryptexd/mnt/com.apple.MobileAsset.MetalToolchain-v17.6.109.0.rpSM0C/Metal.xctoolchain --toolchain /Applications/Xcode_26.6.app/Contents/Developer/Toolchains/XcodeDefault.xctoolchain --destination /Users/runner/Library/Developer/Xcode/DerivedData/GeoAlarm-bgjyfjejddafizazceyaykvykrwr/Build/Intermediates.noindex/ArchiveIntermediates/GeoAlarm/InstallationBuildProductsLocation/Applications/GeoAlarm.app/Frameworks --unsigned-destination /Users/runner/Library/Developer/Xcode/DerivedData/GeoAlarm-bgjyfjejddafizazceyaykvykrwr/Build/Intermediates.noindex/ArchiveIntermediates/GeoAlarm/BuildProductsPath/SwiftSupport --strip-bitcode --strip-bitcode-tool /Applications/Xcode_26.6.app/Contents/Developer/Toolchains/XcodeDefault.xctoolchain/usr/bin/bitcode_strip --emit-dependency-info /Users/runner/Library/Developer/Xcode/DerivedData/GeoAlarm-bgjyfjejddafizazceyaykvykrwr/Build/Intermediates.noindex/ArchiveIntermediates/GeoAlarm/IntermediateBuildFilesPath/GeoAlarm.build/Release-iphoneos/GeoAlarm.build/SwiftStdLibToolInputDependencies.dep --filter-for-swift-os --back-deploy-swift-span
Ignoring --strip-bitcode because --sign was not passed

ExtractAppIntentsMetadata (in target 'GeoAlarm' from project 'GeoAlarm')
    cd /Users/runner/work/GeoAlarm-iOS/GeoAlarm-iOS
    /Applications/Xcode_26.6.app/Contents/Developer/Toolchains/XcodeDefault.xctoolchain/usr/bin/appintentsmetadataprocessor --toolchain-dir /var/run/com.apple.security.cryptexd/mnt/com.apple.MobileAsset.MetalToolchain-v17.6.109.0.rpSM0C/Metal.xctoolchain --module-name GeoAlarm --sdk-root /Applications/Xcode_26.6.app/Contents/Developer/Platforms/iPhoneOS.platform/Developer/SDKs/iPhoneOS26.5.sdk --xcode-version 17F113 --platform-family iOS --deployment-target 17.0 --bundle-identifier com.pietrogalastri.geoalarm --output /Users/runner/Library/Developer/Xcode/DerivedData/GeoAlarm-bgjyfjejddafizazceyaykvykrwr/Build/Intermediates.noindex/ArchiveIntermediates/GeoAlarm/InstallationBuildProductsLocation/Applications/GeoAlarm.app --target-triple arm64-apple-ios17.0 --binary-file /Users/runner/Library/Developer/Xcode/DerivedData/GeoAlarm-bgjyfjejddafizazceyaykvykrwr/Build/Intermediates.noindex/ArchiveIntermediates/GeoAlarm/InstallationBuildProductsLocation/Applications/GeoAlarm.app/GeoAlarm --dependency-file /Users/runner/Library/Developer/Xcode/DerivedData/GeoAlarm-bgjyfjejddafizazceyaykvykrwr/Build/Intermediates.noindex/ArchiveIntermediates/GeoAlarm/IntermediateBuildFilesPath/GeoAlarm.build/Release-iphoneos/GeoAlarm.build/Objects-normal/arm64/GeoAlarm_dependency_info.dat --stringsdata-file /Users/runner/Library/Developer/Xcode/DerivedData/GeoAlarm-bgjyfjejddafizazceyaykvykrwr/Build/Intermediates.noindex/ArchiveIntermediates/GeoAlarm/IntermediateBuildFilesPath/GeoAlarm.build/Release-iphoneos/GeoAlarm.build/Objects-normal/arm64/ExtractedAppShortcutsMetadata.stringsdata --source-file-list /Users/runner/Library/Developer/Xcode/DerivedData/GeoAlarm-bgjyfjejddafizazceyaykvykrwr/Build/Intermediates.noindex/ArchiveIntermediates/GeoAlarm/IntermediateBuildFilesPath/GeoAlarm.build/Release-iphoneos/GeoAlarm.build/Objects-normal/arm64/GeoAlarm.SwiftFileList --metadata-file-list /Users/runner/Library/Developer/Xcode/DerivedData/GeoAlarm-bgjyfjejddafizazceyaykvykrwr/Build/Intermediates.noindex/ArchiveIntermediates/GeoAlarm/IntermediateBuildFilesPath/GeoAlarm.build/Release-iphoneos/GeoAlarm.build/GeoAlarm.DependencyMetadataFileList --static-metadata-file-list /Users/runner/Library/Developer/Xcode/DerivedData/GeoAlarm-bgjyfjejddafizazceyaykvykrwr/Build/Intermediates.noindex/ArchiveIntermediates/GeoAlarm/IntermediateBuildFilesPath/GeoAlarm.build/Release-iphoneos/GeoAlarm.build/GeoAlarm.DependencyStaticMetadataFileList --swift-const-vals-list /Users/runner/Library/Developer/Xcode/DerivedData/GeoAlarm-bgjyfjejddafizazceyaykvykrwr/Build/Intermediates.noindex/ArchiveIntermediates/GeoAlarm/IntermediateBuildFilesPath/GeoAlarm.build/Release-iphoneos/GeoAlarm.build/Objects-normal/arm64/GeoAlarm.SwiftConstValuesFileList --compile-time-extraction --deployment-aware-processing --validate-assistant-intents --no-app-shortcuts-localization
2026-10-05 11:53:53.782 appintentsmetadataprocessor[9321:34920] Starting appintentsmetadataprocessor export
2026-10-05 11:53:53.820 appintentsmetadataprocessor[9321:34920] Writing Metadata.appintents
2026-10-05 11:53:53.820 appintentsmetadataprocessor[9321:34920] Metadata root: /Users/runner/Library/Developer/Xcode/DerivedData/GeoAlarm-bgjyfjejddafizazceyaykvykrwr/Build/Intermediates.noindex/ArchiveIntermediates/GeoAlarm/InstallationBuildProductsLocation/Applications/GeoAlarm.app/Metadata.appintents

GenerateDSYMFile /Users/runner/Library/Developer/Xcode/DerivedData/GeoAlarm-bgjyfjejddafizazceyaykvykrwr/Build/Intermediates.noindex/ArchiveIntermediates/GeoAlarm/BuildProductsPath/Release-iphoneos/GeoAlarm.app.dSYM /Users/runner/Library/Developer/Xcode/DerivedData/GeoAlarm-bgjyfjejddafizazceyaykvykrwr/Build/Intermediates.noindex/ArchiveIntermediates/GeoAlarm/InstallationBuildProductsLocation/Applications/GeoAlarm.app/GeoAlarm (in target 'GeoAlarm' from project 'GeoAlarm')
    cd /Users/runner/work/GeoAlarm-iOS/GeoAlarm-iOS
    /Applications/Xcode_26.6.app/Contents/Developer/Toolchains/XcodeDefault.xctoolchain/usr/bin/dsymutil /Users/runner/Library/Developer/Xcode/DerivedData/GeoAlarm-bgjyfjejddafizazceyaykvykrwr/Build/Intermediates.noindex/ArchiveIntermediates/GeoAlarm/InstallationBuildProductsLocation/Applications/GeoAlarm.app/GeoAlarm -o /Users/runner/Library/Developer/Xcode/DerivedData/GeoAlarm-bgjyfjejddafizazceyaykvykrwr/Build/Intermediates.noindex/ArchiveIntermediates/GeoAlarm/BuildProductsPath/Release-iphoneos/GeoAlarm.app.dSYM

AppIntentsSSUTraining (in target 'GeoAlarm' from project 'GeoAlarm')
    cd /Users/runner/work/GeoAlarm-iOS/GeoAlarm-iOS
    /Applications/Xcode_26.6.app/Contents/Developer/Toolchains/XcodeDefault.xctoolchain/usr/bin/appintentsnltrainingprocessor --infoplist-path /Users/runner/Library/Developer/Xcode/DerivedData/GeoAlarm-bgjyfjejddafizazceyaykvykrwr/Build/Intermediates.noindex/ArchiveIntermediates/GeoAlarm/InstallationBuildProductsLocation/Applications/GeoAlarm.app/Info.plist --temp-dir-path /Users/runner/Library/Developer/Xcode/DerivedData/GeoAlarm-bgjyfjejddafizazceyaykvykrwr/Build/Intermediates.noindex/ArchiveIntermediates/GeoAlarm/IntermediateBuildFilesPath/GeoAlarm.build/Release-iphoneos/GeoAlarm.build/ssu --bundle-id com.pietrogalastri.geoalarm --product-path /Users/runner/Library/Developer/Xcode/DerivedData/GeoAlarm-bgjyfjejddafizazceyaykvykrwr/Build/Intermediates.noindex/ArchiveIntermediates/GeoAlarm/InstallationBuildProductsLocation/Applications/GeoAlarm.app --extracted-metadata-path /Users/runner/Library/Developer/Xcode/DerivedData/GeoAlarm-bgjyfjejddafizazceyaykvykrwr/Build/Intermediates.noindex/ArchiveIntermediates/GeoAlarm/InstallationBuildProductsLocation/Applications/GeoAlarm.app/Metadata.appintents --deployment-postprocessing --metadata-file-list /Users/runner/Library/Developer/Xcode/DerivedData/GeoAlarm-bgjyfjejddafizazceyaykvykrwr/Build/Intermediates.noindex/ArchiveIntermediates/GeoAlarm/IntermediateBuildFilesPath/GeoAlarm.build/Release-iphoneos/GeoAlarm.build/GeoAlarm.DependencyMetadataFileList --source-file /Users/runner/Library/Developer/Xcode/DerivedData/GeoAlarm-bgjyfjejddafizazceyaykvykrwr/Build/Intermediates.noindex/ArchiveIntermediates/GeoAlarm/InstallationBuildProductsLocation/Applications/GeoAlarm.app/Info.plist --archive-ssu-assets
2026-10-05 11:53:53.875 appintentsnltrainingprocessor[9323:34924] Parsing options for appintentsnltrainingprocessor
2026-10-05 11:53:53.875 appintentsnltrainingprocessor[9323:34924] Starting AppIntents SSU YAML Generation
2026-10-05 11:53:53.888 appintentsnltrainingprocessor[9323:34924] No AppShortcuts found - Skipping.

Strip /Users/runner/Library/Developer/Xcode/DerivedData/GeoAlarm-bgjyfjejddafizazceyaykvykrwr/Build/Intermediates.noindex/ArchiveIntermediates/GeoAlarm/InstallationBuildProductsLocation/Applications/GeoAlarm.app/GeoAlarm (in target 'GeoAlarm' from project 'GeoAlarm')
    cd /Users/runner/work/GeoAlarm-iOS/GeoAlarm-iOS
    /Applications/Xcode_26.6.app/Contents/Developer/Toolchains/XcodeDefault.xctoolchain/usr/bin/strip -D /Users/runner/Library/Developer/Xcode/DerivedData/GeoAlarm-bgjyfjejddafizazceyaykvykrwr/Build/Intermediates.noindex/ArchiveIntermediates/GeoAlarm/InstallationBuildProductsLocation/Applications/GeoAlarm.app/GeoAlarm

SetOwnerAndGroup runner:staff /Users/runner/Library/Developer/Xcode/DerivedData/GeoAlarm-bgjyfjejddafizazceyaykvykrwr/Build/Intermediates.noindex/ArchiveIntermediates/GeoAlarm/InstallationBuildProductsLocation/Applications/GeoAlarm.app (in target 'GeoAlarm' from project 'GeoAlarm')
    cd /Users/runner/work/GeoAlarm-iOS/GeoAlarm-iOS
    /usr/sbin/chown -RH runner:staff /Users/runner/Library/Developer/Xcode/DerivedData/GeoAlarm-bgjyfjejddafizazceyaykvykrwr/Build/Intermediates.noindex/ArchiveIntermediates/GeoAlarm/InstallationBuildProductsLocation/Applications/GeoAlarm.app

SetMode u+w,go-w,a+rX /Users/runner/Library/Developer/Xcode/DerivedData/GeoAlarm-bgjyfjejddafizazceyaykvykrwr/Build/Intermediates.noindex/ArchiveIntermediates/GeoAlarm/InstallationBuildProductsLocation/Applications/GeoAlarm.app (in target 'GeoAlarm' from project 'GeoAlarm')
    cd /Users/runner/work/GeoAlarm-iOS/GeoAlarm-iOS
    /bin/chmod -RH u+w,go-w,a+rX /Users/runner/Library/Developer/Xcode/DerivedData/GeoAlarm-bgjyfjejddafizazceyaykvykrwr/Build/Intermediates.noindex/ArchiveIntermediates/GeoAlarm/InstallationBuildProductsLocation/Applications/GeoAlarm.app

RegisterExecutionPolicyException /Users/runner/Library/Developer/Xcode/DerivedData/GeoAlarm-bgjyfjejddafizazceyaykvykrwr/Build/Intermediates.noindex/ArchiveIntermediates/GeoAlarm/InstallationBuildProductsLocation/Applications/GeoAlarm.app (in target 'GeoAlarm' from project 'GeoAlarm')
    cd /Users/runner/work/GeoAlarm-iOS/GeoAlarm-iOS
    builtin-RegisterExecutionPolicyException /Users/runner/Library/Developer/Xcode/DerivedData/GeoAlarm-bgjyfjejddafizazceyaykvykrwr/Build/Intermediates.noindex/ArchiveIntermediates/GeoAlarm/InstallationBuildProductsLocation/Applications/GeoAlarm.app

Validate /Users/runner/Library/Developer/Xcode/DerivedData/GeoAlarm-bgjyfjejddafizazceyaykvykrwr/Build/Intermediates.noindex/ArchiveIntermediates/GeoAlarm/InstallationBuildProductsLocation/Applications/GeoAlarm.app (in target 'GeoAlarm' from project 'GeoAlarm')
    cd /Users/runner/work/GeoAlarm-iOS/GeoAlarm-iOS
    builtin-validationUtility /Users/runner/Library/Developer/Xcode/DerivedData/GeoAlarm-bgjyfjejddafizazceyaykvykrwr/Build/Intermediates.noindex/ArchiveIntermediates/GeoAlarm/InstallationBuildProductsLocation/Applications/GeoAlarm.app -shallow-bundle -infoplist-subpath Info.plist

Touch /Users/runner/Library/Developer/Xcode/DerivedData/GeoAlarm-bgjyfjejddafizazceyaykvykrwr/Build/Intermediates.noindex/ArchiveIntermediates/GeoAlarm/InstallationBuildProductsLocation/Applications/GeoAlarm.app (in target 'GeoAlarm' from project 'GeoAlarm')
    cd /Users/runner/work/GeoAlarm-iOS/GeoAlarm-iOS
    /usr/bin/touch -c /Users/runner/Library/Developer/Xcode/DerivedData/GeoAlarm-bgjyfjejddafizazceyaykvykrwr/Build/Intermediates.noindex/ArchiveIntermediates/GeoAlarm/InstallationBuildProductsLocation/Applications/GeoAlarm.app

** ARCHIVE SUCCEEDED **

