Command line invocation:
    /Applications/Xcode_26.6.app/Contents/Developer/usr/bin/xcodebuild test -project GeoAlarm.xcodeproj -scheme GeoAlarm -destination id=22452A91-4697-4369-8812-53ADB77EB73B -resultBundlePath build/test.xcresult CODE_SIGNING_ALLOWED=NO

Build settings from command line:
    CODE_SIGNING_ALLOWED = NO

Writing result bundle at path:
	/Users/runner/work/GeoAlarm-iOS/GeoAlarm-iOS/build/test.xcresult

--- xcodebuild: WARNING: Using the first of multiple matching destinations:
{ platform:iOS Simulator, arch:arm64, id:22452A91-4697-4369-8812-53ADB77EB73B, OS:26.5, name:iPhone 17 Pro }
{ platform:iOS Simulator, arch:x86_64, id:22452A91-4697-4369-8812-53ADB77EB73B, OS:26.5, name:iPhone 17 Pro }
ComputePackagePrebuildTargetDependencyGraph

Prepare packages

CreateBuildRequest

SendProjectDescription

CreateBuildOperation

ComputeTargetDependencyGraph
note: Building targets in dependency order
note: Target dependency graph (2 targets)
    Target 'GeoAlarmTests' in project 'GeoAlarm'
        ➜ Explicit dependency on target 'GeoAlarm' in project 'GeoAlarm'
    Target 'GeoAlarm' in project 'GeoAlarm' (no dependencies)

GatherProvisioningInputs

CreateBuildDescription

ExecuteExternalTool /Applications/Xcode_26.6.app/Contents/Developer/usr/bin/actool --print-asset-tag-combinations --output-format xml1 /Users/runner/work/GeoAlarm-iOS/GeoAlarm-iOS/GeoAlarm/Resources/Assets.xcassets

ExecuteExternalTool /Applications/Xcode_26.6.app/Contents/Developer/Toolchains/XcodeDefault.xctoolchain/usr/bin/swiftc --version

ExecuteExternalTool /Applications/Xcode_26.6.app/Contents/Developer/Toolchains/XcodeDefault.xctoolchain/usr/bin/clang -v -E -dM -isysroot /Applications/Xcode_26.6.app/Contents/Developer/Platforms/iPhoneSimulator.platform/Developer/SDKs/iPhoneSimulator26.5.sdk -x c -c /dev/null

ExecuteExternalTool /Applications/Xcode_26.6.app/Contents/Developer/Toolchains/XcodeDefault.xctoolchain/usr/bin/ld -version_details

ExecuteExternalTool /Applications/Xcode_26.6.app/Contents/Developer/usr/bin/actool --version --output-format xml1

Build description signature: e4decf2f7afd2992c12efcb462e73351
Build description path: /Users/runner/Library/Developer/Xcode/DerivedData/GeoAlarm-bgjyfjejddafizazceyaykvykrwr/Build/Intermediates.noindex/XCBuildData/e4decf2f7afd2992c12efcb462e73351.xcbuilddata
ClangStatCache /Applications/Xcode_26.6.app/Contents/Developer/Toolchains/XcodeDefault.xctoolchain/usr/bin/clang-stat-cache /Applications/Xcode_26.6.app/Contents/Developer/Platforms/iPhoneSimulator.platform/Developer/SDKs/iPhoneSimulator26.5.sdk /Users/runner/Library/Developer/Xcode/DerivedData/SDKStatCaches.noindex/iphonesimulator26.5-23F81a-688ef53f1462e2c8f657fdc38a81448ff45c64a1807a658693f2a61704f17a36.sdkstatcache
    cd /Users/runner/work/GeoAlarm-iOS/GeoAlarm-iOS/GeoAlarm.xcodeproj
    /Applications/Xcode_26.6.app/Contents/Developer/Toolchains/XcodeDefault.xctoolchain/usr/bin/clang-stat-cache /Applications/Xcode_26.6.app/Contents/Developer/Platforms/iPhoneSimulator.platform/Developer/SDKs/iPhoneSimulator26.5.sdk -o /Users/runner/Library/Developer/Xcode/DerivedData/SDKStatCaches.noindex/iphonesimulator26.5-23F81a-688ef53f1462e2c8f657fdc38a81448ff45c64a1807a658693f2a61704f17a36.sdkstatcache

CreateBuildDirectory /Users/runner/Library/Developer/Xcode/DerivedData/GeoAlarm-bgjyfjejddafizazceyaykvykrwr/Build/Products
    cd /Users/runner/work/GeoAlarm-iOS/GeoAlarm-iOS/GeoAlarm.xcodeproj
    builtin-create-build-directory /Users/runner/Library/Developer/Xcode/DerivedData/GeoAlarm-bgjyfjejddafizazceyaykvykrwr/Build/Products

CreateBuildDirectory /Users/runner/Library/Developer/Xcode/DerivedData/GeoAlarm-bgjyfjejddafizazceyaykvykrwr/Build/Intermediates.noindex
    cd /Users/runner/work/GeoAlarm-iOS/GeoAlarm-iOS/GeoAlarm.xcodeproj
    builtin-create-build-directory /Users/runner/Library/Developer/Xcode/DerivedData/GeoAlarm-bgjyfjejddafizazceyaykvykrwr/Build/Intermediates.noindex

WriteAuxiliaryFile /Users/runner/Library/Developer/Xcode/DerivedData/GeoAlarm-bgjyfjejddafizazceyaykvykrwr/Build/Intermediates.noindex/GeoAlarm.build/Debug-iphonesimulator/GeoAlarm-a5a4bce0800b709a8135eb17424f18cf-VFS-iphonesimulator/all-product-headers.yaml
    cd /Users/runner/work/GeoAlarm-iOS/GeoAlarm-iOS/GeoAlarm.xcodeproj
    write-file /Users/runner/Library/Developer/Xcode/DerivedData/GeoAlarm-bgjyfjejddafizazceyaykvykrwr/Build/Intermediates.noindex/GeoAlarm.build/Debug-iphonesimulator/GeoAlarm-a5a4bce0800b709a8135eb17424f18cf-VFS-iphonesimulator/all-product-headers.yaml

CreateBuildDirectory /Users/runner/Library/Developer/Xcode/DerivedData/GeoAlarm-bgjyfjejddafizazceyaykvykrwr/Build/Products/Debug-iphonesimulator
    cd /Users/runner/work/GeoAlarm-iOS/GeoAlarm-iOS/GeoAlarm.xcodeproj
    builtin-create-build-directory /Users/runner/Library/Developer/Xcode/DerivedData/GeoAlarm-bgjyfjejddafizazceyaykvykrwr/Build/Products/Debug-iphonesimulator

CreateBuildDirectory /Users/runner/Library/Developer/Xcode/DerivedData/GeoAlarm-bgjyfjejddafizazceyaykvykrwr/Build/Intermediates.noindex/SwiftExplicitPrecompiledModules
    cd /Users/runner/work/GeoAlarm-iOS/GeoAlarm-iOS/GeoAlarm.xcodeproj
    builtin-create-build-directory /Users/runner/Library/Developer/Xcode/DerivedData/GeoAlarm-bgjyfjejddafizazceyaykvykrwr/Build/Intermediates.noindex/SwiftExplicitPrecompiledModules

CreateBuildDirectory /Users/runner/Library/Developer/Xcode/DerivedData/GeoAlarm-bgjyfjejddafizazceyaykvykrwr/Build/Intermediates.noindex/ExplicitPrecompiledModules
    cd /Users/runner/work/GeoAlarm-iOS/GeoAlarm-iOS/GeoAlarm.xcodeproj
    builtin-create-build-directory /Users/runner/Library/Developer/Xcode/DerivedData/GeoAlarm-bgjyfjejddafizazceyaykvykrwr/Build/Intermediates.noindex/ExplicitPrecompiledModules

CreateBuildDirectory /Users/runner/Library/Developer/Xcode/DerivedData/GeoAlarm-bgjyfjejddafizazceyaykvykrwr/Build/Intermediates.noindex/EagerLinkingTBDs/Debug-iphonesimulator
    cd /Users/runner/work/GeoAlarm-iOS/GeoAlarm-iOS/GeoAlarm.xcodeproj
    builtin-create-build-directory /Users/runner/Library/Developer/Xcode/DerivedData/GeoAlarm-bgjyfjejddafizazceyaykvykrwr/Build/Intermediates.noindex/EagerLinkingTBDs/Debug-iphonesimulator

WriteAuxiliaryFile /Users/runner/Library/Developer/Xcode/DerivedData/GeoAlarm-bgjyfjejddafizazceyaykvykrwr/Build/Intermediates.noindex/GeoAlarm.build/Debug-iphonesimulator/GeoAlarmTests.build/empty-GeoAlarmTests.plist (in target 'GeoAlarmTests' from project 'GeoAlarm')
    cd /Users/runner/work/GeoAlarm-iOS/GeoAlarm-iOS
    write-file /Users/runner/Library/Developer/Xcode/DerivedData/GeoAlarm-bgjyfjejddafizazceyaykvykrwr/Build/Intermediates.noindex/GeoAlarm.build/Debug-iphonesimulator/GeoAlarmTests.build/empty-GeoAlarmTests.plist

WriteAuxiliaryFile /Users/runner/Library/Developer/Xcode/DerivedData/GeoAlarm-bgjyfjejddafizazceyaykvykrwr/Build/Intermediates.noindex/GeoAlarm.build/Debug-iphonesimulator/GeoAlarmTests.build/Objects-normal/arm64/GeoAlarmTests_const_extract_protocols.json (in target 'GeoAlarmTests' from project 'GeoAlarm')
    cd /Users/runner/work/GeoAlarm-iOS/GeoAlarm-iOS
    write-file /Users/runner/Library/Developer/Xcode/DerivedData/GeoAlarm-bgjyfjejddafizazceyaykvykrwr/Build/Intermediates.noindex/GeoAlarm.build/Debug-iphonesimulator/GeoAlarmTests.build/Objects-normal/arm64/GeoAlarmTests_const_extract_protocols.json

WriteAuxiliaryFile /Users/runner/Library/Developer/Xcode/DerivedData/GeoAlarm-bgjyfjejddafizazceyaykvykrwr/Build/Intermediates.noindex/GeoAlarm.build/Debug-iphonesimulator/GeoAlarmTests.build/Objects-normal/arm64/GeoAlarmTests.SwiftFileList (in target 'GeoAlarmTests' from project 'GeoAlarm')
    cd /Users/runner/work/GeoAlarm-iOS/GeoAlarm-iOS
    write-file /Users/runner/Library/Developer/Xcode/DerivedData/GeoAlarm-bgjyfjejddafizazceyaykvykrwr/Build/Intermediates.noindex/GeoAlarm.build/Debug-iphonesimulator/GeoAlarmTests.build/Objects-normal/arm64/GeoAlarmTests.SwiftFileList

WriteAuxiliaryFile /Users/runner/Library/Developer/Xcode/DerivedData/GeoAlarm-bgjyfjejddafizazceyaykvykrwr/Build/Intermediates.noindex/GeoAlarm.build/Debug-iphonesimulator/GeoAlarmTests.build/Objects-normal/arm64/GeoAlarmTests.SwiftConstValuesFileList (in target 'GeoAlarmTests' from project 'GeoAlarm')
    cd /Users/runner/work/GeoAlarm-iOS/GeoAlarm-iOS
    write-file /Users/runner/Library/Developer/Xcode/DerivedData/GeoAlarm-bgjyfjejddafizazceyaykvykrwr/Build/Intermediates.noindex/GeoAlarm.build/Debug-iphonesimulator/GeoAlarmTests.build/Objects-normal/arm64/GeoAlarmTests.SwiftConstValuesFileList

WriteAuxiliaryFile /Users/runner/Library/Developer/Xcode/DerivedData/GeoAlarm-bgjyfjejddafizazceyaykvykrwr/Build/Intermediates.noindex/GeoAlarm.build/Debug-iphonesimulator/GeoAlarmTests.build/Objects-normal/arm64/GeoAlarmTests.LinkFileList (in target 'GeoAlarmTests' from project 'GeoAlarm')
    cd /Users/runner/work/GeoAlarm-iOS/GeoAlarm-iOS
    write-file /Users/runner/Library/Developer/Xcode/DerivedData/GeoAlarm-bgjyfjejddafizazceyaykvykrwr/Build/Intermediates.noindex/GeoAlarm.build/Debug-iphonesimulator/GeoAlarmTests.build/Objects-normal/arm64/GeoAlarmTests.LinkFileList

WriteAuxiliaryFile /Users/runner/Library/Developer/Xcode/DerivedData/GeoAlarm-bgjyfjejddafizazceyaykvykrwr/Build/Intermediates.noindex/GeoAlarm.build/Debug-iphonesimulator/GeoAlarmTests.build/Objects-normal/arm64/GeoAlarmTests-OutputFileMap.json (in target 'GeoAlarmTests' from project 'GeoAlarm')
    cd /Users/runner/work/GeoAlarm-iOS/GeoAlarm-iOS
    write-file /Users/runner/Library/Developer/Xcode/DerivedData/GeoAlarm-bgjyfjejddafizazceyaykvykrwr/Build/Intermediates.noindex/GeoAlarm.build/Debug-iphonesimulator/GeoAlarmTests.build/Objects-normal/arm64/GeoAlarmTests-OutputFileMap.json

WriteAuxiliaryFile /Users/runner/Library/Developer/Xcode/DerivedData/GeoAlarm-bgjyfjejddafizazceyaykvykrwr/Build/Intermediates.noindex/GeoAlarm.build/Debug-iphonesimulator/GeoAlarmTests.build/GeoAlarmTests.hmap (in target 'GeoAlarmTests' from project 'GeoAlarm')
    cd /Users/runner/work/GeoAlarm-iOS/GeoAlarm-iOS
    write-file /Users/runner/Library/Developer/Xcode/DerivedData/GeoAlarm-bgjyfjejddafizazceyaykvykrwr/Build/Intermediates.noindex/GeoAlarm.build/Debug-iphonesimulator/GeoAlarmTests.build/GeoAlarmTests.hmap

WriteAuxiliaryFile /Users/runner/Library/Developer/Xcode/DerivedData/GeoAlarm-bgjyfjejddafizazceyaykvykrwr/Build/Intermediates.noindex/GeoAlarm.build/Debug-iphonesimulator/GeoAlarmTests.build/GeoAlarmTests.DependencyStaticMetadataFileList (in target 'GeoAlarmTests' from project 'GeoAlarm')
    cd /Users/runner/work/GeoAlarm-iOS/GeoAlarm-iOS
    write-file /Users/runner/Library/Developer/Xcode/DerivedData/GeoAlarm-bgjyfjejddafizazceyaykvykrwr/Build/Intermediates.noindex/GeoAlarm.build/Debug-iphonesimulator/GeoAlarmTests.build/GeoAlarmTests.DependencyStaticMetadataFileList

WriteAuxiliaryFile /Users/runner/Library/Developer/Xcode/DerivedData/GeoAlarm-bgjyfjejddafizazceyaykvykrwr/Build/Intermediates.noindex/GeoAlarm.build/Debug-iphonesimulator/GeoAlarmTests.build/GeoAlarmTests.DependencyMetadataFileList (in target 'GeoAlarmTests' from project 'GeoAlarm')
    cd /Users/runner/work/GeoAlarm-iOS/GeoAlarm-iOS
    write-file /Users/runner/Library/Developer/Xcode/DerivedData/GeoAlarm-bgjyfjejddafizazceyaykvykrwr/Build/Intermediates.noindex/GeoAlarm.build/Debug-iphonesimulator/GeoAlarmTests.build/GeoAlarmTests.DependencyMetadataFileList

WriteAuxiliaryFile /Users/runner/Library/Developer/Xcode/DerivedData/GeoAlarm-bgjyfjejddafizazceyaykvykrwr/Build/Intermediates.noindex/GeoAlarm.build/Debug-iphonesimulator/GeoAlarmTests.build/GeoAlarmTests-project-headers.hmap (in target 'GeoAlarmTests' from project 'GeoAlarm')
    cd /Users/runner/work/GeoAlarm-iOS/GeoAlarm-iOS
    write-file /Users/runner/Library/Developer/Xcode/DerivedData/GeoAlarm-bgjyfjejddafizazceyaykvykrwr/Build/Intermediates.noindex/GeoAlarm.build/Debug-iphonesimulator/GeoAlarmTests.build/GeoAlarmTests-project-headers.hmap

WriteAuxiliaryFile /Users/runner/Library/Developer/Xcode/DerivedData/GeoAlarm-bgjyfjejddafizazceyaykvykrwr/Build/Intermediates.noindex/GeoAlarm.build/Debug-iphonesimulator/GeoAlarmTests.build/GeoAlarmTests-own-target-headers.hmap (in target 'GeoAlarmTests' from project 'GeoAlarm')
    cd /Users/runner/work/GeoAlarm-iOS/GeoAlarm-iOS
    write-file /Users/runner/Library/Developer/Xcode/DerivedData/GeoAlarm-bgjyfjejddafizazceyaykvykrwr/Build/Intermediates.noindex/GeoAlarm.build/Debug-iphonesimulator/GeoAlarmTests.build/GeoAlarmTests-own-target-headers.hmap

WriteAuxiliaryFile /Users/runner/Library/Developer/Xcode/DerivedData/GeoAlarm-bgjyfjejddafizazceyaykvykrwr/Build/Intermediates.noindex/GeoAlarm.build/Debug-iphonesimulator/GeoAlarmTests.build/GeoAlarmTests-generated-files.hmap (in target 'GeoAlarmTests' from project 'GeoAlarm')
    cd /Users/runner/work/GeoAlarm-iOS/GeoAlarm-iOS
    write-file /Users/runner/Library/Developer/Xcode/DerivedData/GeoAlarm-bgjyfjejddafizazceyaykvykrwr/Build/Intermediates.noindex/GeoAlarm.build/Debug-iphonesimulator/GeoAlarmTests.build/GeoAlarmTests-generated-files.hmap

WriteAuxiliaryFile /Users/runner/Library/Developer/Xcode/DerivedData/GeoAlarm-bgjyfjejddafizazceyaykvykrwr/Build/Intermediates.noindex/GeoAlarm.build/Debug-iphonesimulator/GeoAlarmTests.build/GeoAlarmTests-all-target-headers.hmap (in target 'GeoAlarmTests' from project 'GeoAlarm')
    cd /Users/runner/work/GeoAlarm-iOS/GeoAlarm-iOS
    write-file /Users/runner/Library/Developer/Xcode/DerivedData/GeoAlarm-bgjyfjejddafizazceyaykvykrwr/Build/Intermediates.noindex/GeoAlarm.build/Debug-iphonesimulator/GeoAlarmTests.build/GeoAlarmTests-all-target-headers.hmap

WriteAuxiliaryFile /Users/runner/Library/Developer/Xcode/DerivedData/GeoAlarm-bgjyfjejddafizazceyaykvykrwr/Build/Intermediates.noindex/GeoAlarm.build/Debug-iphonesimulator/GeoAlarmTests.build/GeoAlarmTests-all-non-framework-target-headers.hmap (in target 'GeoAlarmTests' from project 'GeoAlarm')
    cd /Users/runner/work/GeoAlarm-iOS/GeoAlarm-iOS
    write-file /Users/runner/Library/Developer/Xcode/DerivedData/GeoAlarm-bgjyfjejddafizazceyaykvykrwr/Build/Intermediates.noindex/GeoAlarm.build/Debug-iphonesimulator/GeoAlarmTests.build/GeoAlarmTests-all-non-framework-target-headers.hmap

WriteAuxiliaryFile /Users/runner/Library/Developer/Xcode/DerivedData/GeoAlarm-bgjyfjejddafizazceyaykvykrwr/Build/Intermediates.noindex/GeoAlarm.build/Debug-iphonesimulator/GeoAlarm.build/Objects-normal/arm64/GeoAlarm_const_extract_protocols.json (in target 'GeoAlarm' from project 'GeoAlarm')
    cd /Users/runner/work/GeoAlarm-iOS/GeoAlarm-iOS
    write-file /Users/runner/Library/Developer/Xcode/DerivedData/GeoAlarm-bgjyfjejddafizazceyaykvykrwr/Build/Intermediates.noindex/GeoAlarm.build/Debug-iphonesimulator/GeoAlarm.build/Objects-normal/arm64/GeoAlarm_const_extract_protocols.json

WriteAuxiliaryFile /Users/runner/Library/Developer/Xcode/DerivedData/GeoAlarm-bgjyfjejddafizazceyaykvykrwr/Build/Intermediates.noindex/GeoAlarm.build/Debug-iphonesimulator/GeoAlarm.build/Objects-normal/arm64/GeoAlarm.SwiftFileList (in target 'GeoAlarm' from project 'GeoAlarm')
    cd /Users/runner/work/GeoAlarm-iOS/GeoAlarm-iOS
    write-file /Users/runner/Library/Developer/Xcode/DerivedData/GeoAlarm-bgjyfjejddafizazceyaykvykrwr/Build/Intermediates.noindex/GeoAlarm.build/Debug-iphonesimulator/GeoAlarm.build/Objects-normal/arm64/GeoAlarm.SwiftFileList

WriteAuxiliaryFile /Users/runner/Library/Developer/Xcode/DerivedData/GeoAlarm-bgjyfjejddafizazceyaykvykrwr/Build/Intermediates.noindex/GeoAlarm.build/Debug-iphonesimulator/GeoAlarm.build/Objects-normal/arm64/GeoAlarm.SwiftConstValuesFileList (in target 'GeoAlarm' from project 'GeoAlarm')
    cd /Users/runner/work/GeoAlarm-iOS/GeoAlarm-iOS
    write-file /Users/runner/Library/Developer/Xcode/DerivedData/GeoAlarm-bgjyfjejddafizazceyaykvykrwr/Build/Intermediates.noindex/GeoAlarm.build/Debug-iphonesimulator/GeoAlarm.build/Objects-normal/arm64/GeoAlarm.SwiftConstValuesFileList

WriteAuxiliaryFile /Users/runner/Library/Developer/Xcode/DerivedData/GeoAlarm-bgjyfjejddafizazceyaykvykrwr/Build/Intermediates.noindex/GeoAlarm.build/Debug-iphonesimulator/GeoAlarm.build/Objects-normal/arm64/GeoAlarm.LinkFileList (in target 'GeoAlarm' from project 'GeoAlarm')
    cd /Users/runner/work/GeoAlarm-iOS/GeoAlarm-iOS
    write-file /Users/runner/Library/Developer/Xcode/DerivedData/GeoAlarm-bgjyfjejddafizazceyaykvykrwr/Build/Intermediates.noindex/GeoAlarm.build/Debug-iphonesimulator/GeoAlarm.build/Objects-normal/arm64/GeoAlarm.LinkFileList

WriteAuxiliaryFile /Users/runner/Library/Developer/Xcode/DerivedData/GeoAlarm-bgjyfjejddafizazceyaykvykrwr/Build/Intermediates.noindex/GeoAlarm.build/Debug-iphonesimulator/GeoAlarm.build/Objects-normal/arm64/GeoAlarm-OutputFileMap.json (in target 'GeoAlarm' from project 'GeoAlarm')
    cd /Users/runner/work/GeoAlarm-iOS/GeoAlarm-iOS
    write-file /Users/runner/Library/Developer/Xcode/DerivedData/GeoAlarm-bgjyfjejddafizazceyaykvykrwr/Build/Intermediates.noindex/GeoAlarm.build/Debug-iphonesimulator/GeoAlarm.build/Objects-normal/arm64/GeoAlarm-OutputFileMap.json

WriteAuxiliaryFile /Users/runner/Library/Developer/Xcode/DerivedData/GeoAlarm-bgjyfjejddafizazceyaykvykrwr/Build/Intermediates.noindex/GeoAlarm.build/Debug-iphonesimulator/GeoAlarm.build/GeoAlarm.hmap (in target 'GeoAlarm' from project 'GeoAlarm')
    cd /Users/runner/work/GeoAlarm-iOS/GeoAlarm-iOS
    write-file /Users/runner/Library/Developer/Xcode/DerivedData/GeoAlarm-bgjyfjejddafizazceyaykvykrwr/Build/Intermediates.noindex/GeoAlarm.build/Debug-iphonesimulator/GeoAlarm.build/GeoAlarm.hmap

WriteAuxiliaryFile /Users/runner/Library/Developer/Xcode/DerivedData/GeoAlarm-bgjyfjejddafizazceyaykvykrwr/Build/Intermediates.noindex/GeoAlarm.build/Debug-iphonesimulator/GeoAlarm.build/GeoAlarm.DependencyStaticMetadataFileList (in target 'GeoAlarm' from project 'GeoAlarm')
    cd /Users/runner/work/GeoAlarm-iOS/GeoAlarm-iOS
    write-file /Users/runner/Library/Developer/Xcode/DerivedData/GeoAlarm-bgjyfjejddafizazceyaykvykrwr/Build/Intermediates.noindex/GeoAlarm.build/Debug-iphonesimulator/GeoAlarm.build/GeoAlarm.DependencyStaticMetadataFileList

WriteAuxiliaryFile /Users/runner/Library/Developer/Xcode/DerivedData/GeoAlarm-bgjyfjejddafizazceyaykvykrwr/Build/Intermediates.noindex/GeoAlarm.build/Debug-iphonesimulator/GeoAlarm.build/GeoAlarm.DependencyMetadataFileList (in target 'GeoAlarm' from project 'GeoAlarm')
    cd /Users/runner/work/GeoAlarm-iOS/GeoAlarm-iOS
    write-file /Users/runner/Library/Developer/Xcode/DerivedData/GeoAlarm-bgjyfjejddafizazceyaykvykrwr/Build/Intermediates.noindex/GeoAlarm.build/Debug-iphonesimulator/GeoAlarm.build/GeoAlarm.DependencyMetadataFileList

WriteAuxiliaryFile /Users/runner/Library/Developer/Xcode/DerivedData/GeoAlarm-bgjyfjejddafizazceyaykvykrwr/Build/Intermediates.noindex/GeoAlarm.build/Debug-iphonesimulator/GeoAlarm.build/GeoAlarm-project-headers.hmap (in target 'GeoAlarm' from project 'GeoAlarm')
    cd /Users/runner/work/GeoAlarm-iOS/GeoAlarm-iOS
    write-file /Users/runner/Library/Developer/Xcode/DerivedData/GeoAlarm-bgjyfjejddafizazceyaykvykrwr/Build/Intermediates.noindex/GeoAlarm.build/Debug-iphonesimulator/GeoAlarm.build/GeoAlarm-project-headers.hmap

WriteAuxiliaryFile /Users/runner/Library/Developer/Xcode/DerivedData/GeoAlarm-bgjyfjejddafizazceyaykvykrwr/Build/Intermediates.noindex/GeoAlarm.build/Debug-iphonesimulator/GeoAlarm.build/GeoAlarm-own-target-headers.hmap (in target 'GeoAlarm' from project 'GeoAlarm')
    cd /Users/runner/work/GeoAlarm-iOS/GeoAlarm-iOS
    write-file /Users/runner/Library/Developer/Xcode/DerivedData/GeoAlarm-bgjyfjejddafizazceyaykvykrwr/Build/Intermediates.noindex/GeoAlarm.build/Debug-iphonesimulator/GeoAlarm.build/GeoAlarm-own-target-headers.hmap

WriteAuxiliaryFile /Users/runner/Library/Developer/Xcode/DerivedData/GeoAlarm-bgjyfjejddafizazceyaykvykrwr/Build/Intermediates.noindex/GeoAlarm.build/Debug-iphonesimulator/GeoAlarm.build/GeoAlarm-generated-files.hmap (in target 'GeoAlarm' from project 'GeoAlarm')
    cd /Users/runner/work/GeoAlarm-iOS/GeoAlarm-iOS
    write-file /Users/runner/Library/Developer/Xcode/DerivedData/GeoAlarm-bgjyfjejddafizazceyaykvykrwr/Build/Intermediates.noindex/GeoAlarm.build/Debug-iphonesimulator/GeoAlarm.build/GeoAlarm-generated-files.hmap

WriteAuxiliaryFile /Users/runner/Library/Developer/Xcode/DerivedData/GeoAlarm-bgjyfjejddafizazceyaykvykrwr/Build/Intermediates.noindex/GeoAlarm.build/Debug-iphonesimulator/GeoAlarm.build/GeoAlarm-all-target-headers.hmap (in target 'GeoAlarm' from project 'GeoAlarm')
    cd /Users/runner/work/GeoAlarm-iOS/GeoAlarm-iOS
    write-file /Users/runner/Library/Developer/Xcode/DerivedData/GeoAlarm-bgjyfjejddafizazceyaykvykrwr/Build/Intermediates.noindex/GeoAlarm.build/Debug-iphonesimulator/GeoAlarm.build/GeoAlarm-all-target-headers.hmap

WriteAuxiliaryFile /Users/runner/Library/Developer/Xcode/DerivedData/GeoAlarm-bgjyfjejddafizazceyaykvykrwr/Build/Intermediates.noindex/GeoAlarm.build/Debug-iphonesimulator/GeoAlarm.build/GeoAlarm-all-non-framework-target-headers.hmap (in target 'GeoAlarm' from project 'GeoAlarm')
    cd /Users/runner/work/GeoAlarm-iOS/GeoAlarm-iOS
    write-file /Users/runner/Library/Developer/Xcode/DerivedData/GeoAlarm-bgjyfjejddafizazceyaykvykrwr/Build/Intermediates.noindex/GeoAlarm.build/Debug-iphonesimulator/GeoAlarm.build/GeoAlarm-all-non-framework-target-headers.hmap

WriteAuxiliaryFile /Users/runner/Library/Developer/Xcode/DerivedData/GeoAlarm-bgjyfjejddafizazceyaykvykrwr/Build/Intermediates.noindex/GeoAlarm.build/Debug-iphonesimulator/GeoAlarm.build/GeoAlarm-DebugDylibPath-normal-arm64.txt (in target 'GeoAlarm' from project 'GeoAlarm')
    cd /Users/runner/work/GeoAlarm-iOS/GeoAlarm-iOS
    write-file /Users/runner/Library/Developer/Xcode/DerivedData/GeoAlarm-bgjyfjejddafizazceyaykvykrwr/Build/Intermediates.noindex/GeoAlarm.build/Debug-iphonesimulator/GeoAlarm.build/GeoAlarm-DebugDylibPath-normal-arm64.txt

WriteAuxiliaryFile /Users/runner/Library/Developer/Xcode/DerivedData/GeoAlarm-bgjyfjejddafizazceyaykvykrwr/Build/Intermediates.noindex/GeoAlarm.build/Debug-iphonesimulator/GeoAlarm.build/GeoAlarm-DebugDylibInstallName-normal-arm64.txt (in target 'GeoAlarm' from project 'GeoAlarm')
    cd /Users/runner/work/GeoAlarm-iOS/GeoAlarm-iOS
    write-file /Users/runner/Library/Developer/Xcode/DerivedData/GeoAlarm-bgjyfjejddafizazceyaykvykrwr/Build/Intermediates.noindex/GeoAlarm.build/Debug-iphonesimulator/GeoAlarm.build/GeoAlarm-DebugDylibInstallName-normal-arm64.txt

MkDir /Users/runner/Library/Developer/Xcode/DerivedData/GeoAlarm-bgjyfjejddafizazceyaykvykrwr/Build/Products/Debug-iphonesimulator/GeoAlarm.app/PlugIns/GeoAlarmTests.xctest (in target 'GeoAlarmTests' from project 'GeoAlarm')
    cd /Users/runner/work/GeoAlarm-iOS/GeoAlarm-iOS
    /bin/mkdir -p /Users/runner/Library/Developer/Xcode/DerivedData/GeoAlarm-bgjyfjejddafizazceyaykvykrwr/Build/Products/Debug-iphonesimulator/GeoAlarm.app/PlugIns/GeoAlarmTests.xctest

MkDir /Users/runner/Library/Developer/Xcode/DerivedData/GeoAlarm-bgjyfjejddafizazceyaykvykrwr/Build/Products/Debug-iphonesimulator/GeoAlarm.app/PlugIns (in target 'GeoAlarm' from project 'GeoAlarm')
    cd /Users/runner/work/GeoAlarm-iOS/GeoAlarm-iOS
    /bin/mkdir -p /Users/runner/Library/Developer/Xcode/DerivedData/GeoAlarm-bgjyfjejddafizazceyaykvykrwr/Build/Products/Debug-iphonesimulator/GeoAlarm.app/PlugIns

MkDir /Users/runner/Library/Developer/Xcode/DerivedData/GeoAlarm-bgjyfjejddafizazceyaykvykrwr/Build/Products/Debug-iphonesimulator/GeoAlarm.app/Frameworks (in target 'GeoAlarm' from project 'GeoAlarm')
    cd /Users/runner/work/GeoAlarm-iOS/GeoAlarm-iOS
    /bin/mkdir -p /Users/runner/Library/Developer/Xcode/DerivedData/GeoAlarm-bgjyfjejddafizazceyaykvykrwr/Build/Products/Debug-iphonesimulator/GeoAlarm.app/Frameworks

MkDir /Users/runner/Library/Developer/Xcode/DerivedData/GeoAlarm-bgjyfjejddafizazceyaykvykrwr/Build/Products/Debug-iphonesimulator/GeoAlarm.app (in target 'GeoAlarm' from project 'GeoAlarm')
    cd /Users/runner/work/GeoAlarm-iOS/GeoAlarm-iOS
    /bin/mkdir -p /Users/runner/Library/Developer/Xcode/DerivedData/GeoAlarm-bgjyfjejddafizazceyaykvykrwr/Build/Products/Debug-iphonesimulator/GeoAlarm.app

Ld /Users/runner/Library/Developer/Xcode/DerivedData/GeoAlarm-bgjyfjejddafizazceyaykvykrwr/Build/Products/Debug-iphonesimulator/GeoAlarm.app/__preview.dylib normal (in target 'GeoAlarm' from project 'GeoAlarm')
    cd /Users/runner/work/GeoAlarm-iOS/GeoAlarm-iOS
    /Applications/Xcode_26.6.app/Contents/Developer/Toolchains/XcodeDefault.xctoolchain/usr/bin/clang -Xlinker -reproducible -target arm64-apple-ios17.0-simulator -dynamiclib -isysroot /Applications/Xcode_26.6.app/Contents/Developer/Platforms/iPhoneSimulator.platform/Developer/SDKs/iPhoneSimulator26.5.sdk -O0 -L/Users/runner/Library/Developer/Xcode/DerivedData/GeoAlarm-bgjyfjejddafizazceyaykvykrwr/Build/Products/Debug-iphonesimulator -F/Users/runner/Library/Developer/Xcode/DerivedData/GeoAlarm-bgjyfjejddafizazceyaykvykrwr/Build/Products/Debug-iphonesimulator -install_name @rpath/GeoAlarm.debug.dylib -Xlinker -dead_strip -rdynamic -Xlinker -no_deduplicate -Xlinker -objc_abi_version -Xlinker 2 -Xlinker -dependency_info -Xlinker /Users/runner/Library/Developer/Xcode/DerivedData/GeoAlarm-bgjyfjejddafizazceyaykvykrwr/Build/Intermediates.noindex/GeoAlarm.build/Debug-iphonesimulator/GeoAlarm.build/Objects-normal/arm64/GeoAlarm_dependency_info.dat -o /Users/runner/Library/Developer/Xcode/DerivedData/GeoAlarm-bgjyfjejddafizazceyaykvykrwr/Build/Products/Debug-iphonesimulator/GeoAlarm.app/__preview.dylib

MkDir /Users/runner/Library/Developer/Xcode/DerivedData/GeoAlarm-bgjyfjejddafizazceyaykvykrwr/Build/Intermediates.noindex/GeoAlarm.build/Debug-iphonesimulator/GeoAlarm.build/assetcatalog_output/unthinned (in target 'GeoAlarm' from project 'GeoAlarm')
    cd /Users/runner/work/GeoAlarm-iOS/GeoAlarm-iOS
    /bin/mkdir -p /Users/runner/Library/Developer/Xcode/DerivedData/GeoAlarm-bgjyfjejddafizazceyaykvykrwr/Build/Intermediates.noindex/GeoAlarm.build/Debug-iphonesimulator/GeoAlarm.build/assetcatalog_output/unthinned

MkDir /Users/runner/Library/Developer/Xcode/DerivedData/GeoAlarm-bgjyfjejddafizazceyaykvykrwr/Build/Intermediates.noindex/GeoAlarm.build/Debug-iphonesimulator/GeoAlarm.build/assetcatalog_output/thinned (in target 'GeoAlarm' from project 'GeoAlarm')
    cd /Users/runner/work/GeoAlarm-iOS/GeoAlarm-iOS
    /bin/mkdir -p /Users/runner/Library/Developer/Xcode/DerivedData/GeoAlarm-bgjyfjejddafizazceyaykvykrwr/Build/Intermediates.noindex/GeoAlarm.build/Debug-iphonesimulator/GeoAlarm.build/assetcatalog_output/thinned

GenerateAssetSymbols /Users/runner/work/GeoAlarm-iOS/GeoAlarm-iOS/GeoAlarm/Resources/Assets.xcassets (in target 'GeoAlarm' from project 'GeoAlarm')
    cd /Users/runner/work/GeoAlarm-iOS/GeoAlarm-iOS
    /Applications/Xcode_26.6.app/Contents/Developer/usr/bin/actool /Users/runner/work/GeoAlarm-iOS/GeoAlarm-iOS/GeoAlarm/Resources/Assets.xcassets --compile /Users/runner/Library/Developer/Xcode/DerivedData/GeoAlarm-bgjyfjejddafizazceyaykvykrwr/Build/Products/Debug-iphonesimulator/GeoAlarm.app --output-format human-readable-text --notices --warnings --export-dependency-info /Users/runner/Library/Developer/Xcode/DerivedData/GeoAlarm-bgjyfjejddafizazceyaykvykrwr/Build/Intermediates.noindex/GeoAlarm.build/Debug-iphonesimulator/GeoAlarm.build/assetcatalog_dependencies --output-partial-info-plist /Users/runner/Library/Developer/Xcode/DerivedData/GeoAlarm-bgjyfjejddafizazceyaykvykrwr/Build/Intermediates.noindex/GeoAlarm.build/Debug-iphonesimulator/GeoAlarm.build/assetcatalog_generated_info.plist --app-icon AppIcon --accent-color AccentColor --compress-pngs --enable-on-demand-resources YES --development-region en --target-device iphone --minimum-deployment-target 17.0 --platform iphonesimulator --bundle-identifier com.pietrogalastri.geoalarm --generate-swift-asset-symbol-extensions NO --generate-swift-asset-symbols /Users/runner/Library/Developer/Xcode/DerivedData/GeoAlarm-bgjyfjejddafizazceyaykvykrwr/Build/Intermediates.noindex/GeoAlarm.build/Debug-iphonesimulator/GeoAlarm.build/DerivedSources/GeneratedAssetSymbols.swift --generate-objc-asset-symbols /Users/runner/Library/Developer/Xcode/DerivedData/GeoAlarm-bgjyfjejddafizazceyaykvykrwr/Build/Intermediates.noindex/GeoAlarm.build/Debug-iphonesimulator/GeoAlarm.build/DerivedSources/GeneratedAssetSymbols.h --generate-asset-symbol-index /Users/runner/Library/Developer/Xcode/DerivedData/GeoAlarm-bgjyfjejddafizazceyaykvykrwr/Build/Intermediates.noindex/GeoAlarm.build/Debug-iphonesimulator/GeoAlarm.build/DerivedSources/GeneratedAssetSymbols-Index.plist
/* com.apple.actool.compilation-results */
/Users/runner/Library/Developer/Xcode/DerivedData/GeoAlarm-bgjyfjejddafizazceyaykvykrwr/Build/Intermediates.noindex/GeoAlarm.build/Debug-iphonesimulator/GeoAlarm.build/DerivedSources/GeneratedAssetSymbols-Index.plist
/Users/runner/Library/Developer/Xcode/DerivedData/GeoAlarm-bgjyfjejddafizazceyaykvykrwr/Build/Intermediates.noindex/GeoAlarm.build/Debug-iphonesimulator/GeoAlarm.build/DerivedSources/GeneratedAssetSymbols.h
/Users/runner/Library/Developer/Xcode/DerivedData/GeoAlarm-bgjyfjejddafizazceyaykvykrwr/Build/Intermediates.noindex/GeoAlarm.build/Debug-iphonesimulator/GeoAlarm.build/DerivedSources/GeneratedAssetSymbols.swift


CpResource /Users/runner/Library/Developer/Xcode/DerivedData/GeoAlarm-bgjyfjejddafizazceyaykvykrwr/Build/Products/Debug-iphonesimulator/GeoAlarm.app/sirene.wav /Users/runner/work/GeoAlarm-iOS/GeoAlarm-iOS/GeoAlarm/Resources/Sounds/sirene.wav (in target 'GeoAlarm' from project 'GeoAlarm')
    cd /Users/runner/work/GeoAlarm-iOS/GeoAlarm-iOS
    builtin-copy -exclude .DS_Store -exclude CVS -exclude .svn -exclude .git -exclude .hg -resolve-src-symlinks /Users/runner/work/GeoAlarm-iOS/GeoAlarm-iOS/GeoAlarm/Resources/Sounds/sirene.wav /Users/runner/Library/Developer/Xcode/DerivedData/GeoAlarm-bgjyfjejddafizazceyaykvykrwr/Build/Products/Debug-iphonesimulator/GeoAlarm.app

CpResource /Users/runner/Library/Developer/Xcode/DerivedData/GeoAlarm-bgjyfjejddafizazceyaykvykrwr/Build/Products/Debug-iphonesimulator/GeoAlarm.app/sino.wav /Users/runner/work/GeoAlarm-iOS/GeoAlarm-iOS/GeoAlarm/Resources/Sounds/sino.wav (in target 'GeoAlarm' from project 'GeoAlarm')
    cd /Users/runner/work/GeoAlarm-iOS/GeoAlarm-iOS
    builtin-copy -exclude .DS_Store -exclude CVS -exclude .svn -exclude .git -exclude .hg -resolve-src-symlinks /Users/runner/work/GeoAlarm-iOS/GeoAlarm-iOS/GeoAlarm/Resources/Sounds/sino.wav /Users/runner/Library/Developer/Xcode/DerivedData/GeoAlarm-bgjyfjejddafizazceyaykvykrwr/Build/Products/Debug-iphonesimulator/GeoAlarm.app

CpResource /Users/runner/Library/Developer/Xcode/DerivedData/GeoAlarm-bgjyfjejddafizazceyaykvykrwr/Build/Products/Debug-iphonesimulator/GeoAlarm.app/radar.wav /Users/runner/work/GeoAlarm-iOS/GeoAlarm-iOS/GeoAlarm/Resources/Sounds/radar.wav (in target 'GeoAlarm' from project 'GeoAlarm')
    cd /Users/runner/work/GeoAlarm-iOS/GeoAlarm-iOS
    builtin-copy -exclude .DS_Store -exclude CVS -exclude .svn -exclude .git -exclude .hg -resolve-src-symlinks /Users/runner/work/GeoAlarm-iOS/GeoAlarm-iOS/GeoAlarm/Resources/Sounds/radar.wav /Users/runner/Library/Developer/Xcode/DerivedData/GeoAlarm-bgjyfjejddafizazceyaykvykrwr/Build/Products/Debug-iphonesimulator/GeoAlarm.app

CpResource /Users/runner/Library/Developer/Xcode/DerivedData/GeoAlarm-bgjyfjejddafizazceyaykvykrwr/Build/Products/Debug-iphonesimulator/GeoAlarm.app/pulso.wav /Users/runner/work/GeoAlarm-iOS/GeoAlarm-iOS/GeoAlarm/Resources/Sounds/pulso.wav (in target 'GeoAlarm' from project 'GeoAlarm')
    cd /Users/runner/work/GeoAlarm-iOS/GeoAlarm-iOS
    builtin-copy -exclude .DS_Store -exclude CVS -exclude .svn -exclude .git -exclude .hg -resolve-src-symlinks /Users/runner/work/GeoAlarm-iOS/GeoAlarm-iOS/GeoAlarm/Resources/Sounds/pulso.wav /Users/runner/Library/Developer/Xcode/DerivedData/GeoAlarm-bgjyfjejddafizazceyaykvykrwr/Build/Products/Debug-iphonesimulator/GeoAlarm.app

CpResource /Users/runner/Library/Developer/Xcode/DerivedData/GeoAlarm-bgjyfjejddafizazceyaykvykrwr/Build/Products/Debug-iphonesimulator/GeoAlarm.app/bip_classico.wav /Users/runner/work/GeoAlarm-iOS/GeoAlarm-iOS/GeoAlarm/Resources/Sounds/bip_classico.wav (in target 'GeoAlarm' from project 'GeoAlarm')
    cd /Users/runner/work/GeoAlarm-iOS/GeoAlarm-iOS
    builtin-copy -exclude .DS_Store -exclude CVS -exclude .svn -exclude .git -exclude .hg -resolve-src-symlinks /Users/runner/work/GeoAlarm-iOS/GeoAlarm-iOS/GeoAlarm/Resources/Sounds/bip_classico.wav /Users/runner/Library/Developer/Xcode/DerivedData/GeoAlarm-bgjyfjejddafizazceyaykvykrwr/Build/Products/Debug-iphonesimulator/GeoAlarm.app

CpResource /Users/runner/Library/Developer/Xcode/DerivedData/GeoAlarm-bgjyfjejddafizazceyaykvykrwr/Build/Products/Debug-iphonesimulator/GeoAlarm.app/alvorada.wav /Users/runner/work/GeoAlarm-iOS/GeoAlarm-iOS/GeoAlarm/Resources/Sounds/alvorada.wav (in target 'GeoAlarm' from project 'GeoAlarm')
    cd /Users/runner/work/GeoAlarm-iOS/GeoAlarm-iOS
    builtin-copy -exclude .DS_Store -exclude CVS -exclude .svn -exclude .git -exclude .hg -resolve-src-symlinks /Users/runner/work/GeoAlarm-iOS/GeoAlarm-iOS/GeoAlarm/Resources/Sounds/alvorada.wav /Users/runner/Library/Developer/Xcode/DerivedData/GeoAlarm-bgjyfjejddafizazceyaykvykrwr/Build/Products/Debug-iphonesimulator/GeoAlarm.app

Copy /Users/runner/Library/Developer/Xcode/DerivedData/GeoAlarm-bgjyfjejddafizazceyaykvykrwr/Build/Products/Debug-iphonesimulator/GeoAlarm.app/Frameworks/libXCTestSwiftSupport.dylib /Applications/Xcode_26.6.app/Contents/Developer/Platforms/iPhoneSimulator.platform/Developer/usr/lib/libXCTestSwiftSupport.dylib (in target 'GeoAlarm' from project 'GeoAlarm')
    cd /Users/runner/work/GeoAlarm-iOS/GeoAlarm-iOS
    builtin-copy -exclude .DS_Store -exclude CVS -exclude .svn -exclude .git -exclude .hg -exclude Headers -exclude PrivateHeaders -exclude Modules -exclude \*.tbd -resolve-src-symlinks /Applications/Xcode_26.6.app/Contents/Developer/Platforms/iPhoneSimulator.platform/Developer/usr/lib/libXCTestSwiftSupport.dylib /Users/runner/Library/Developer/Xcode/DerivedData/GeoAlarm-bgjyfjejddafizazceyaykvykrwr/Build/Products/Debug-iphonesimulator/GeoAlarm.app/Frameworks

Copy /Users/runner/Library/Developer/Xcode/DerivedData/GeoAlarm-bgjyfjejddafizazceyaykvykrwr/Build/Products/Debug-iphonesimulator/GeoAlarm.app/Frameworks/libXCTestBundleInject.dylib /Applications/Xcode_26.6.app/Contents/Developer/Platforms/iPhoneSimulator.platform/Developer/usr/lib/libXCTestBundleInject.dylib (in target 'GeoAlarm' from project 'GeoAlarm')
    cd /Users/runner/work/GeoAlarm-iOS/GeoAlarm-iOS
    builtin-copy -exclude .DS_Store -exclude CVS -exclude .svn -exclude .git -exclude .hg -exclude Headers -exclude PrivateHeaders -exclude Modules -exclude \*.tbd -resolve-src-symlinks /Applications/Xcode_26.6.app/Contents/Developer/Platforms/iPhoneSimulator.platform/Developer/usr/lib/libXCTestBundleInject.dylib /Users/runner/Library/Developer/Xcode/DerivedData/GeoAlarm-bgjyfjejddafizazceyaykvykrwr/Build/Products/Debug-iphonesimulator/GeoAlarm.app/Frameworks

Copy /Users/runner/Library/Developer/Xcode/DerivedData/GeoAlarm-bgjyfjejddafizazceyaykvykrwr/Build/Products/Debug-iphonesimulator/GeoAlarm.app/Frameworks/XCUnit.framework /Applications/Xcode_26.6.app/Contents/Developer/Platforms/iPhoneSimulator.platform/Developer/Library/PrivateFrameworks/XCUnit.framework (in target 'GeoAlarm' from project 'GeoAlarm')
    cd /Users/runner/work/GeoAlarm-iOS/GeoAlarm-iOS
    builtin-copy -exclude .DS_Store -exclude CVS -exclude .svn -exclude .git -exclude .hg -exclude Headers -exclude PrivateHeaders -exclude Modules -exclude \*.tbd -resolve-src-symlinks /Applications/Xcode_26.6.app/Contents/Developer/Platforms/iPhoneSimulator.platform/Developer/Library/PrivateFrameworks/XCUnit.framework /Users/runner/Library/Developer/Xcode/DerivedData/GeoAlarm-bgjyfjejddafizazceyaykvykrwr/Build/Products/Debug-iphonesimulator/GeoAlarm.app/Frameworks

Copy /Users/runner/Library/Developer/Xcode/DerivedData/GeoAlarm-bgjyfjejddafizazceyaykvykrwr/Build/Products/Debug-iphonesimulator/GeoAlarm.app/Frameworks/XCUIAutomation.framework /Applications/Xcode_26.6.app/Contents/Developer/Platforms/iPhoneSimulator.platform/Developer/Library/Frameworks/XCUIAutomation.framework (in target 'GeoAlarm' from project 'GeoAlarm')
    cd /Users/runner/work/GeoAlarm-iOS/GeoAlarm-iOS
    builtin-copy -exclude .DS_Store -exclude CVS -exclude .svn -exclude .git -exclude .hg -exclude Headers -exclude PrivateHeaders -exclude Modules -exclude \*.tbd -resolve-src-symlinks /Applications/Xcode_26.6.app/Contents/Developer/Platforms/iPhoneSimulator.platform/Developer/Library/Frameworks/XCUIAutomation.framework /Users/runner/Library/Developer/Xcode/DerivedData/GeoAlarm-bgjyfjejddafizazceyaykvykrwr/Build/Products/Debug-iphonesimulator/GeoAlarm.app/Frameworks

Copy /Users/runner/Library/Developer/Xcode/DerivedData/GeoAlarm-bgjyfjejddafizazceyaykvykrwr/Build/Products/Debug-iphonesimulator/GeoAlarm.app/Frameworks/XCTestSupport.framework /Applications/Xcode_26.6.app/Contents/Developer/Platforms/iPhoneSimulator.platform/Developer/Library/PrivateFrameworks/XCTestSupport.framework (in target 'GeoAlarm' from project 'GeoAlarm')
    cd /Users/runner/work/GeoAlarm-iOS/GeoAlarm-iOS
    builtin-copy -exclude .DS_Store -exclude CVS -exclude .svn -exclude .git -exclude .hg -exclude Headers -exclude PrivateHeaders -exclude Modules -exclude \*.tbd -resolve-src-symlinks /Applications/Xcode_26.6.app/Contents/Developer/Platforms/iPhoneSimulator.platform/Developer/Library/PrivateFrameworks/XCTestSupport.framework /Users/runner/Library/Developer/Xcode/DerivedData/GeoAlarm-bgjyfjejddafizazceyaykvykrwr/Build/Products/Debug-iphonesimulator/GeoAlarm.app/Frameworks

Copy /Users/runner/Library/Developer/Xcode/DerivedData/GeoAlarm-bgjyfjejddafizazceyaykvykrwr/Build/Products/Debug-iphonesimulator/GeoAlarm.app/Frameworks/XCTestCore.framework /Applications/Xcode_26.6.app/Contents/Developer/Platforms/iPhoneSimulator.platform/Developer/Library/PrivateFrameworks/XCTestCore.framework (in target 'GeoAlarm' from project 'GeoAlarm')
    cd /Users/runner/work/GeoAlarm-iOS/GeoAlarm-iOS
    builtin-copy -exclude .DS_Store -exclude CVS -exclude .svn -exclude .git -exclude .hg -exclude Headers -exclude PrivateHeaders -exclude Modules -exclude \*.tbd -resolve-src-symlinks /Applications/Xcode_26.6.app/Contents/Developer/Platforms/iPhoneSimulator.platform/Developer/Library/PrivateFrameworks/XCTestCore.framework /Users/runner/Library/Developer/Xcode/DerivedData/GeoAlarm-bgjyfjejddafizazceyaykvykrwr/Build/Products/Debug-iphonesimulator/GeoAlarm.app/Frameworks

Copy /Users/runner/Library/Developer/Xcode/DerivedData/GeoAlarm-bgjyfjejddafizazceyaykvykrwr/Build/Products/Debug-iphonesimulator/GeoAlarm.app/Frameworks/XCTest.framework /Applications/Xcode_26.6.app/Contents/Developer/Platforms/iPhoneSimulator.platform/Developer/Library/Frameworks/XCTest.framework (in target 'GeoAlarm' from project 'GeoAlarm')
    cd /Users/runner/work/GeoAlarm-iOS/GeoAlarm-iOS
    builtin-copy -exclude .DS_Store -exclude CVS -exclude .svn -exclude .git -exclude .hg -exclude Headers -exclude PrivateHeaders -exclude Modules -exclude \*.tbd -resolve-src-symlinks /Applications/Xcode_26.6.app/Contents/Developer/Platforms/iPhoneSimulator.platform/Developer/Library/Frameworks/XCTest.framework /Users/runner/Library/Developer/Xcode/DerivedData/GeoAlarm-bgjyfjejddafizazceyaykvykrwr/Build/Products/Debug-iphonesimulator/GeoAlarm.app/Frameworks

Copy /Users/runner/Library/Developer/Xcode/DerivedData/GeoAlarm-bgjyfjejddafizazceyaykvykrwr/Build/Products/Debug-iphonesimulator/GeoAlarm.app/Frameworks/XCTAutomationSupport.framework /Applications/Xcode_26.6.app/Contents/Developer/Platforms/iPhoneSimulator.platform/Developer/Library/PrivateFrameworks/XCTAutomationSupport.framework (in target 'GeoAlarm' from project 'GeoAlarm')
    cd /Users/runner/work/GeoAlarm-iOS/GeoAlarm-iOS
    builtin-copy -exclude .DS_Store -exclude CVS -exclude .svn -exclude .git -exclude .hg -exclude Headers -exclude PrivateHeaders -exclude Modules -exclude \*.tbd -resolve-src-symlinks /Applications/Xcode_26.6.app/Contents/Developer/Platforms/iPhoneSimulator.platform/Developer/Library/PrivateFrameworks/XCTAutomationSupport.framework /Users/runner/Library/Developer/Xcode/DerivedData/GeoAlarm-bgjyfjejddafizazceyaykvykrwr/Build/Products/Debug-iphonesimulator/GeoAlarm.app/Frameworks

Copy /Users/runner/Library/Developer/Xcode/DerivedData/GeoAlarm-bgjyfjejddafizazceyaykvykrwr/Build/Products/Debug-iphonesimulator/GeoAlarm.app/Frameworks/Testing.framework /Applications/Xcode_26.6.app/Contents/Developer/Platforms/iPhoneSimulator.platform/Developer/Library/Frameworks/Testing.framework (in target 'GeoAlarm' from project 'GeoAlarm')
    cd /Users/runner/work/GeoAlarm-iOS/GeoAlarm-iOS
    builtin-copy -exclude .DS_Store -exclude CVS -exclude .svn -exclude .git -exclude .hg -exclude Headers -exclude PrivateHeaders -exclude Modules -exclude \*.tbd -resolve-src-symlinks /Applications/Xcode_26.6.app/Contents/Developer/Platforms/iPhoneSimulator.platform/Developer/Library/Frameworks/Testing.framework /Users/runner/Library/Developer/Xcode/DerivedData/GeoAlarm-bgjyfjejddafizazceyaykvykrwr/Build/Products/Debug-iphonesimulator/GeoAlarm.app/Frameworks

CompileAssetCatalogVariant thinned /Users/runner/Library/Developer/Xcode/DerivedData/GeoAlarm-bgjyfjejddafizazceyaykvykrwr/Build/Products/Debug-iphonesimulator/GeoAlarm.app /Users/runner/work/GeoAlarm-iOS/GeoAlarm-iOS/GeoAlarm/Resources/Assets.xcassets (in target 'GeoAlarm' from project 'GeoAlarm')
    cd /Users/runner/work/GeoAlarm-iOS/GeoAlarm-iOS
    /Applications/Xcode_26.6.app/Contents/Developer/usr/bin/actool /Users/runner/work/GeoAlarm-iOS/GeoAlarm-iOS/GeoAlarm/Resources/Assets.xcassets --compile /Users/runner/Library/Developer/Xcode/DerivedData/GeoAlarm-bgjyfjejddafizazceyaykvykrwr/Build/Intermediates.noindex/GeoAlarm.build/Debug-iphonesimulator/GeoAlarm.build/assetcatalog_output/thinned --output-format human-readable-text --notices --warnings --export-dependency-info /Users/runner/Library/Developer/Xcode/DerivedData/GeoAlarm-bgjyfjejddafizazceyaykvykrwr/Build/Intermediates.noindex/GeoAlarm.build/Debug-iphonesimulator/GeoAlarm.build/assetcatalog_dependencies_thinned --output-partial-info-plist /Users/runner/Library/Developer/Xcode/DerivedData/GeoAlarm-bgjyfjejddafizazceyaykvykrwr/Build/Intermediates.noindex/GeoAlarm.build/Debug-iphonesimulator/GeoAlarm.build/assetcatalog_generated_info.plist_thinned --app-icon AppIcon --accent-color AccentColor --compress-pngs --enable-on-demand-resources YES --filter-for-thinning-device-configuration iPhone18,1 --filter-for-device-os-version 26.5 --development-region en --target-device iphone --minimum-deployment-target 17.0 --platform iphonesimulator
/* com.apple.actool.compilation-results */
/Users/runner/Library/Developer/Xcode/DerivedData/GeoAlarm-bgjyfjejddafizazceyaykvykrwr/Build/Intermediates.noindex/GeoAlarm.build/Debug-iphonesimulator/GeoAlarm.build/assetcatalog_generated_info.plist_thinned
/Users/runner/Library/Developer/Xcode/DerivedData/GeoAlarm-bgjyfjejddafizazceyaykvykrwr/Build/Intermediates.noindex/GeoAlarm.build/Debug-iphonesimulator/GeoAlarm.build/assetcatalog_output/thinned/AppIcon60x60@2x.png
/Users/runner/Library/Developer/Xcode/DerivedData/GeoAlarm-bgjyfjejddafizazceyaykvykrwr/Build/Intermediates.noindex/GeoAlarm.build/Debug-iphonesimulator/GeoAlarm.build/assetcatalog_output/thinned/AppIcon76x76@2x~ipad.png
/Users/runner/Library/Developer/Xcode/DerivedData/GeoAlarm-bgjyfjejddafizazceyaykvykrwr/Build/Intermediates.noindex/GeoAlarm.build/Debug-iphonesimulator/GeoAlarm.build/assetcatalog_output/thinned/Assets.car


SwiftDriver GeoAlarm normal arm64 com.apple.xcode.tools.swift.compiler (in target 'GeoAlarm' from project 'GeoAlarm')
    cd /Users/runner/work/GeoAlarm-iOS/GeoAlarm-iOS
    builtin-SwiftDriver -- /Applications/Xcode_26.6.app/Contents/Developer/Toolchains/XcodeDefault.xctoolchain/usr/bin/swiftc -module-name GeoAlarm -Onone @/Users/runner/Library/Developer/Xcode/DerivedData/GeoAlarm-bgjyfjejddafizazceyaykvykrwr/Build/Intermediates.noindex/GeoAlarm.build/Debug-iphonesimulator/GeoAlarm.build/Objects-normal/arm64/GeoAlarm.SwiftFileList -DDEBUG -enable-bare-slash-regex -enable-experimental-feature DebugDescriptionMacro -sdk /Applications/Xcode_26.6.app/Contents/Developer/Platforms/iPhoneSimulator.platform/Developer/SDKs/iPhoneSimulator26.5.sdk -target arm64-apple-ios17.0-simulator -g -module-cache-path /Users/runner/Library/Developer/Xcode/DerivedData/ModuleCache.noindex -Xfrontend -serialize-debugging-options -enable-testing -index-store-path /Users/runner/Library/Developer/Xcode/DerivedData/GeoAlarm-bgjyfjejddafizazceyaykvykrwr/Index.noindex/DataStore -Xcc -D_LIBCPP_HARDENING_MODE\=_LIBCPP_HARDENING_MODE_DEBUG -swift-version 5 -I /Users/runner/Library/Developer/Xcode/DerivedData/GeoAlarm-bgjyfjejddafizazceyaykvykrwr/Build/Products/Debug-iphonesimulator -F /Users/runner/Library/Developer/Xcode/DerivedData/GeoAlarm-bgjyfjejddafizazceyaykvykrwr/Build/Products/Debug-iphonesimulator -c -j3 -enable-batch-mode -incremental -Xcc -ivfsstatcache -Xcc /Users/runner/Library/Developer/Xcode/DerivedData/SDKStatCaches.noindex/iphonesimulator26.5-23F81a-688ef53f1462e2c8f657fdc38a81448ff45c64a1807a658693f2a61704f17a36.sdkstatcache -output-file-map /Users/runner/Library/Developer/Xcode/DerivedData/GeoAlarm-bgjyfjejddafizazceyaykvykrwr/Build/Intermediates.noindex/GeoAlarm.build/Debug-iphonesimulator/GeoAlarm.build/Objects-normal/arm64/GeoAlarm-OutputFileMap.json -use-frontend-parseable-output -save-temps -no-color-diagnostics -explicit-module-build -module-cache-path /Users/runner/Library/Developer/Xcode/DerivedData/GeoAlarm-bgjyfjejddafizazceyaykvykrwr/Build/Intermediates.noindex/SwiftExplicitPrecompiledModules -clang-scanner-module-cache-path /Users/runner/Library/Developer/Xcode/DerivedData/ModuleCache.noindex -sdk-module-cache-path /Users/runner/Library/Developer/Xcode/DerivedData/ModuleCache.noindex -serialize-diagnostics -emit-dependencies -emit-module -emit-module-path /Users/runner/Library/Developer/Xcode/DerivedData/GeoAlarm-bgjyfjejddafizazceyaykvykrwr/Build/Intermediates.noindex/GeoAlarm.build/Debug-iphonesimulator/GeoAlarm.build/Objects-normal/arm64/GeoAlarm.swiftmodule -validate-clang-modules-once -clang-build-session-file /Users/runner/Library/Developer/Xcode/DerivedData/ModuleCache.noindex/Session.modulevalidation -Xcc -I/Users/runner/Library/Developer/Xcode/DerivedData/GeoAlarm-bgjyfjejddafizazceyaykvykrwr/Build/Intermediates.noindex/GeoAlarm.build/Debug-iphonesimulator/GeoAlarm.build/swift-overrides.hmap -emit-const-values -Xfrontend -const-gather-protocols-file -Xfrontend /Users/runner/Library/Developer/Xcode/DerivedData/GeoAlarm-bgjyfjejddafizazceyaykvykrwr/Build/Intermediates.noindex/GeoAlarm.build/Debug-iphonesimulator/GeoAlarm.build/Objects-normal/arm64/GeoAlarm_const_extract_protocols.json -Xcc -iquote -Xcc /Users/runner/Library/Developer/Xcode/DerivedData/GeoAlarm-bgjyfjejddafizazceyaykvykrwr/Build/Intermediates.noindex/GeoAlarm.build/Debug-iphonesimulator/GeoAlarm.build/GeoAlarm-generated-files.hmap -Xcc -I/Users/runner/Library/Developer/Xcode/DerivedData/GeoAlarm-bgjyfjejddafizazceyaykvykrwr/Build/Intermediates.noindex/GeoAlarm.build/Debug-iphonesimulator/GeoAlarm.build/GeoAlarm-own-target-headers.hmap -Xcc -I/Users/runner/Library/Developer/Xcode/DerivedData/GeoAlarm-bgjyfjejddafizazceyaykvykrwr/Build/Intermediates.noindex/GeoAlarm.build/Debug-iphonesimulator/GeoAlarm.build/GeoAlarm-all-target-headers.hmap -Xcc -iquote -Xcc /Users/runner/Library/Developer/Xcode/DerivedData/GeoAlarm-bgjyfjejddafizazceyaykvykrwr/Build/Intermediates.noindex/GeoAlarm.build/Debug-iphonesimulator/GeoAlarm.build/GeoAlarm-project-headers.hmap -Xcc -I/Users/runner/Library/Developer/Xcode/DerivedData/GeoAlarm-bgjyfjejddafizazceyaykvykrwr/Build/Products/Debug-iphonesimulator/include -Xcc -I/Users/runner/Library/Developer/Xcode/DerivedData/GeoAlarm-bgjyfjejddafizazceyaykvykrwr/Build/Intermediates.noindex/GeoAlarm.build/Debug-iphonesimulator/GeoAlarm.build/DerivedSources-normal/arm64 -Xcc -I/Users/runner/Library/Developer/Xcode/DerivedData/GeoAlarm-bgjyfjejddafizazceyaykvykrwr/Build/Intermediates.noindex/GeoAlarm.build/Debug-iphonesimulator/GeoAlarm.build/DerivedSources/arm64 -Xcc -I/Users/runner/Library/Developer/Xcode/DerivedData/GeoAlarm-bgjyfjejddafizazceyaykvykrwr/Build/Intermediates.noindex/GeoAlarm.build/Debug-iphonesimulator/GeoAlarm.build/DerivedSources -Xcc -DDEBUG\=1 -emit-objc-header -emit-objc-header-path /Users/runner/Library/Developer/Xcode/DerivedData/GeoAlarm-bgjyfjejddafizazceyaykvykrwr/Build/Intermediates.noindex/GeoAlarm.build/Debug-iphonesimulator/GeoAlarm.build/Objects-normal/arm64/GeoAlarm-Swift.h -working-directory /Users/runner/work/GeoAlarm-iOS/GeoAlarm-iOS -experimental-emit-module-separately -disable-cmo

SwiftExplicitDependencyGeneratePcm arm64 /Users/runner/Library/Developer/Xcode/DerivedData/ModuleCache.noindex/_AvailabilityInternal-6DZPBQ1GDR5VQVTX2KC3CFZKH.pcm

SwiftExplicitDependencyGeneratePcm arm64 /Users/runner/Library/Developer/Xcode/DerivedData/ModuleCache.noindex/_Builtin_stddef-DWO58UINTQGF5NN6EL74ARD99.pcm

SwiftExplicitDependencyGeneratePcm arm64 /Users/runner/Library/Developer/Xcode/DerivedData/ModuleCache.noindex/SwiftShims-25GF3K3ZWSIY4T115Z2UEBZRL.pcm

SwiftExplicitDependencyGeneratePcm arm64 /Users/runner/Library/Developer/Xcode/DerivedData/ModuleCache.noindex/_Builtin_float-DRI87QHPGHDIV0UGRIVM1OVSM.pcm

SwiftExplicitDependencyGeneratePcm arm64 /Users/runner/Library/Developer/Xcode/DerivedData/ModuleCache.noindex/ActivityKit-6F04RT12A84FHSROHAF925RY7.pcm

SwiftExplicitDependencyGeneratePcm arm64 /Users/runner/Library/Developer/Xcode/DerivedData/ModuleCache.noindex/DeveloperToolsSupport-61KBSG06XH7JULTKC4JJAZYGU.pcm

SwiftExplicitDependencyGeneratePcm arm64 /Users/runner/Library/Developer/Xcode/DerivedData/ModuleCache.noindex/_Builtin_stdarg-20TTVJBLLUY68CTJF1YJ48AZH.pcm

SwiftExplicitDependencyGeneratePcm arm64 /Users/runner/Library/Developer/Xcode/DerivedData/ModuleCache.noindex/_Builtin_stdbool-BXY040X58V8IZOC6WDNJXHXCV.pcm

SwiftExplicitDependencyGeneratePcm arm64 /Users/runner/Library/Developer/Xcode/DerivedData/ModuleCache.noindex/ptrauth-99KW7CKVZXSQOHY38O3KXSSTT.pcm

SwiftExplicitDependencyGeneratePcm arm64 /Users/runner/Library/Developer/Xcode/DerivedData/ModuleCache.noindex/_SwiftConcurrencyShims-4KKVRAVQYQHYK78482W4R7Y0E.pcm

SwiftExplicitDependencyGeneratePcm arm64 /Users/runner/Library/Developer/Xcode/DerivedData/ModuleCache.noindex/ptrcheck-WAV18TPZUVHKV3LXIRAFLYN7.pcm

SwiftExplicitDependencyGeneratePcm arm64 /Users/runner/Library/Developer/Xcode/DerivedData/ModuleCache.noindex/_DarwinFoundation1-ANGWZ3QPJMCIIRYDIFF6F0A2Q.pcm

SwiftExplicitDependencyGeneratePcm arm64 /Users/runner/Library/Developer/Xcode/DerivedData/ModuleCache.noindex/_DarwinFoundation2-30EAKIEMLPFIAZ2LNB2G4ILWF.pcm

SwiftExplicitDependencyGeneratePcm arm64 /Users/runner/Library/Developer/Xcode/DerivedData/ModuleCache.noindex/ExtensionFoundation-6628HWWV07UYCHL51SSUY6CVX.pcm

SwiftExplicitDependencyGeneratePcm arm64 /Users/runner/Library/Developer/Xcode/DerivedData/ModuleCache.noindex/_Builtin_limits-AV62CHGU5T6PIMK4ZV6R4N1WH.pcm

SwiftExplicitDependencyGeneratePcm arm64 /Users/runner/Library/Developer/Xcode/DerivedData/ModuleCache.noindex/_Builtin_stdint-A50XLKTB75Q7HJSX20NLCDUCC.pcm

SwiftExplicitDependencyGeneratePcm arm64 /Users/runner/Library/Developer/Xcode/DerivedData/ModuleCache.noindex/_Builtin_tgmath-BJVZJINKJNFRZCMY9V2E2E98U.pcm

SwiftExplicitDependencyGeneratePcm arm64 /Users/runner/Library/Developer/Xcode/DerivedData/ModuleCache.noindex/sys_types-3WFJB1QNQT9HFLHJI0FG7PKCY.pcm

SwiftExplicitDependencyGeneratePcm arm64 /Users/runner/Library/Developer/Xcode/DerivedData/ModuleCache.noindex/_DarwinFoundation3-6DD217POB8BARVOV9UQ89H754.pcm

SwiftExplicitDependencyGeneratePcm arm64 /Users/runner/Library/Developer/Xcode/DerivedData/ModuleCache.noindex/_Builtin_intrinsics-4KGL842L7V5UUL5DB22ZU9HDA.pcm

SwiftExplicitDependencyGeneratePcm arm64 /Users/runner/Library/Developer/Xcode/DerivedData/ModuleCache.noindex/_Builtin_stdatomic-8PHN86WU604AYPILVOIQTNR65.pcm

SwiftExplicitDependencyGeneratePcm arm64 /Users/runner/Library/Developer/Xcode/DerivedData/ModuleCache.noindex/_Builtin_inttypes-73EZH83H58MM24JFLUTCF3XBR.pcm

SwiftExplicitDependencyGeneratePcm arm64 /Users/runner/Library/Developer/Xcode/DerivedData/ModuleCache.noindex/Darwin-APF3C2ZN9FXR10PA1SRA3PO98.pcm

SwiftExplicitDependencyGeneratePcm arm64 /Users/runner/Library/Developer/Xcode/DerivedData/ModuleCache.noindex/simd-8GVFQ6R6BWGAURRZG38Y8OE1A.pcm

SwiftExplicitDependencyGeneratePcm arm64 /Users/runner/Library/Developer/Xcode/DerivedData/ModuleCache.noindex/ObjectiveC-B802B6QK4BJJ63CGILBWI02OB.pcm

SwiftExplicitDependencyGeneratePcm arm64 /Users/runner/Library/Developer/Xcode/DerivedData/ModuleCache.noindex/MachO-EJV0RP6V75PXZFNOFMV7VU8RV.pcm

SwiftExplicitDependencyGeneratePcm arm64 /Users/runner/Library/Developer/Xcode/DerivedData/ModuleCache.noindex/os_object-AF02TD8G4ZEZ3GXQY1PH0FSNT.pcm

SwiftExplicitDependencyGeneratePcm arm64 /Users/runner/Library/Developer/Xcode/DerivedData/ModuleCache.noindex/os_workgroup-73NYE0NKG4RHX1UTM23RBIAWC.pcm

SwiftExplicitDependencyGeneratePcm arm64 /Users/runner/Library/Developer/Xcode/DerivedData/ModuleCache.noindex/Spatial-C7MHDB01YPJTHLBLLIQ7CMENC.pcm

SwiftExplicitDependencyGeneratePcm arm64 /Users/runner/Library/Developer/Xcode/DerivedData/ModuleCache.noindex/Dispatch-3KN2919J4WK06BTC8UFCB42FN.pcm

SwiftExplicitDependencyGeneratePcm arm64 /Users/runner/Library/Developer/Xcode/DerivedData/ModuleCache.noindex/dnssd-ADI1EP21JY0T7XPB85BID4OJU.pcm

SwiftExplicitDependencyGeneratePcm arm64 /Users/runner/Library/Developer/Xcode/DerivedData/ModuleCache.noindex/XPC-55NK3COZI48F3N2K2V8KFWCC1.pcm

SwiftExplicitDependencyGeneratePcm arm64 /Users/runner/Library/Developer/Xcode/DerivedData/ModuleCache.noindex/CoreFoundation-8O1NNKID9BZPZI1HHDYA9QSN8.pcm

SwiftExplicitDependencyGeneratePcm arm64 /Users/runner/Library/Developer/Xcode/DerivedData/ModuleCache.noindex/os-7HEU2P5Q9W31LMJ19ZXYYVXSS.pcm

SwiftExplicitDependencyGeneratePcm arm64 /Users/runner/Library/Developer/Xcode/DerivedData/ModuleCache.noindex/CoreAudioTypes-637BIT0GWSGA5EQD0W66BA81T.pcm

SwiftExplicitDependencyGeneratePcm arm64 /Users/runner/Library/Developer/Xcode/DerivedData/ModuleCache.noindex/CFNetwork-2GF6GF914KIFQ38MZKXVA3J7I.pcm

SwiftExplicitDependencyGeneratePcm arm64 /Users/runner/Library/Developer/Xcode/DerivedData/ModuleCache.noindex/Security-95EHSFZOAPJ358UFK25YA3AQD.pcm

SwiftExplicitDependencyGeneratePcm arm64 /Users/runner/Library/Developer/Xcode/DerivedData/ModuleCache.noindex/CoreAudio-21VVU26L7MM8334C04KNQCELT.pcm

SwiftExplicitDependencyGeneratePcm arm64 /Users/runner/Library/Developer/Xcode/DerivedData/ModuleCache.noindex/CoreGraphics-BLKTZREZS9TJL5Y3Y0V3MUFRO.pcm

SwiftExplicitDependencyGeneratePcm arm64 /Users/runner/Library/Developer/Xcode/DerivedData/ModuleCache.noindex/Foundation-1PTEE9RGH68MBUWZNWKWC193Z.pcm

SwiftExplicitDependencyGeneratePcm arm64 /Users/runner/Library/Developer/Xcode/DerivedData/ModuleCache.noindex/ImageIO-1E2X9DD074CC95S3HN9D1IL5U.pcm

SwiftExplicitDependencyGeneratePcm arm64 /Users/runner/Library/Developer/Xcode/DerivedData/ModuleCache.noindex/CoreText-4EBQHS853T98K6ZTQTFX16U9I.pcm

SwiftExplicitDependencyGeneratePcm arm64 /Users/runner/Library/Developer/Xcode/DerivedData/ModuleCache.noindex/_LocationEssentials-6SZUXY6WL6IEM2CZVO7IXRBS0.pcm

SwiftExplicitDependencyGeneratePcm arm64 /Users/runner/Library/Developer/Xcode/DerivedData/ModuleCache.noindex/AlarmKit-6G9YWR8B33N90P9VT5YZ1DU0D.pcm

SwiftExplicitDependencyGeneratePcm arm64 /Users/runner/Library/Developer/Xcode/DerivedData/ModuleCache.noindex/CoreMIDI-DO256TCQTO4OD7EXH3H3V9VBB.pcm

SwiftExplicitDependencyGeneratePcm arm64 /Users/runner/Library/Developer/Xcode/DerivedData/ModuleCache.noindex/UserNotifications-7P7MEL69A4HM1XOO31HBWLEPC.pcm

SwiftExplicitDependencyGeneratePcm arm64 /Users/runner/Library/Developer/Xcode/DerivedData/ModuleCache.noindex/UIUtilities-DXFEK0IECSX8PAMNU2S9G0GGX.pcm

SwiftExplicitDependencyGeneratePcm arm64 /Users/runner/Library/Developer/Xcode/DerivedData/ModuleCache.noindex/CoreHaptics-6NSV3Y9Q6RJL26DNIQ1VM2GCT.pcm

SwiftExplicitDependencyGeneratePcm arm64 /Users/runner/Library/Developer/Xcode/DerivedData/ModuleCache.noindex/CoreLocation-D6RCRQPC3SQ66OKL5NCC8WD0J.pcm

SwiftExplicitDependencyGeneratePcm arm64 /Users/runner/Library/Developer/Xcode/DerivedData/ModuleCache.noindex/CoreTransferable-ATYR50YZ8UXEMVZ0C414V2ATZ.pcm

SwiftExplicitDependencyGeneratePcm arm64 /Users/runner/Library/Developer/Xcode/DerivedData/ModuleCache.noindex/DataDetection-6SYUEZOG1HRAXQ176ZCACSYXQ.pcm

SwiftExplicitDependencyGeneratePcm arm64 /Users/runner/Library/Developer/Xcode/DerivedData/ModuleCache.noindex/AppIntents-5BPSNW9VJ4X0BU9A2L5SB7B9E.pcm

SwiftExplicitDependencyGeneratePcm arm64 /Users/runner/Library/Developer/Xcode/DerivedData/ModuleCache.noindex/Symbols-9GQ0YDSHLIVN04OWAYR6HDOHL.pcm

SwiftExplicitDependencyGeneratePcm arm64 /Users/runner/Library/Developer/Xcode/DerivedData/ModuleCache.noindex/RelevanceKit-A472B57E8S291WOY3DRJPXG1B.pcm

SwiftExplicitDependencyGeneratePcm arm64 /Users/runner/Library/Developer/Xcode/DerivedData/ModuleCache.noindex/CoreData-8LDZC0X103VE8R8OBZTLG3OUC.pcm

SwiftExplicitDependencyGeneratePcm arm64 /Users/runner/Library/Developer/Xcode/DerivedData/ModuleCache.noindex/Network-3QROYKFIEUE3JVAFUBCFX7VVQ.pcm

SwiftExplicitDependencyGeneratePcm arm64 /Users/runner/Library/Developer/Xcode/DerivedData/ModuleCache.noindex/OSLog-JELT6ZLAXSAQA917ROMIQAQD.pcm

SwiftExplicitDependencyGeneratePcm arm64 /Users/runner/Library/Developer/Xcode/DerivedData/ModuleCache.noindex/AVRouting-6IUHQK6PODQOASO1EGIMDPHDN.pcm

SwiftExplicitDependencyGeneratePcm arm64 /Users/runner/Library/Developer/Xcode/DerivedData/ModuleCache.noindex/UniformTypeIdentifiers-47LTBOG29G6NM2EM2NGT5R1T6.pcm

SwiftExplicitDependencyGeneratePcm arm64 /Users/runner/Library/Developer/Xcode/DerivedData/ModuleCache.noindex/OpenGLES-4NKEV3L6CLUARBBYKZS70K8V.pcm

SwiftExplicitDependencyGeneratePcm arm64 /Users/runner/Library/Developer/Xcode/DerivedData/ModuleCache.noindex/IOSurface-97KA04QGQHV850AXUA05LMB58.pcm

SwiftExplicitDependencyGeneratePcm arm64 /Users/runner/Library/Developer/Xcode/DerivedData/ModuleCache.noindex/CoreSpotlight-24LHOI2OWTQJPM4CRA95P63J0.pcm

SwiftExplicitDependencyGeneratePcm arm64 /Users/runner/Library/Developer/Xcode/DerivedData/ModuleCache.noindex/FileProvider-EV22JPVA1HLL2AQ1VKDPT5ACG.pcm

SwiftExplicitDependencyGeneratePcm arm64 /Users/runner/Library/Developer/Xcode/DerivedData/ModuleCache.noindex/Metal-CLJRFHE5G9CUUKBMXC13CSYDO.pcm

SwiftExplicitDependencyGeneratePcm arm64 /Users/runner/Library/Developer/Xcode/DerivedData/ModuleCache.noindex/AudioToolbox-43UCAROOY1DHH69S9URSWB6UU.pcm

SwiftExplicitDependencyGeneratePcm arm64 /Users/runner/Library/Developer/Xcode/DerivedData/ModuleCache.noindex/Accessibility-6RYZQOEO1N4UXHKDPKMT1D45A.pcm

SwiftExplicitDependencyGeneratePcm arm64 /Users/runner/Library/Developer/Xcode/DerivedData/ModuleCache.noindex/CoreVideo-4QFECY7SPZQ1AQJAIUXCZ4GFZ.pcm

SwiftExplicitDependencyGeneratePcm arm64 /Users/runner/Library/Developer/Xcode/DerivedData/ModuleCache.noindex/CoreMedia-9A9WQWD5EUDNBD0KA7LUK5Q0L.pcm

SwiftExplicitDependencyGeneratePcm arm64 /Users/runner/Library/Developer/Xcode/DerivedData/ModuleCache.noindex/CoreImage-2XOWYSEH6N8WXT2PHC5R1THSB.pcm

SwiftExplicitDependencyGeneratePcm arm64 /Users/runner/Library/Developer/Xcode/DerivedData/ModuleCache.noindex/QuartzCore-66AHQ13MM6PSTBWUZAIY7XCW9.pcm

LinkAssetCatalog /Users/runner/work/GeoAlarm-iOS/GeoAlarm-iOS/GeoAlarm/Resources/Assets.xcassets (in target 'GeoAlarm' from project 'GeoAlarm')
    cd /Users/runner/work/GeoAlarm-iOS/GeoAlarm-iOS
    builtin-linkAssetCatalog --thinned /Users/runner/Library/Developer/Xcode/DerivedData/GeoAlarm-bgjyfjejddafizazceyaykvykrwr/Build/Intermediates.noindex/GeoAlarm.build/Debug-iphonesimulator/GeoAlarm.build/assetcatalog_output/thinned --thinned-dependencies /Users/runner/Library/Developer/Xcode/DerivedData/GeoAlarm-bgjyfjejddafizazceyaykvykrwr/Build/Intermediates.noindex/GeoAlarm.build/Debug-iphonesimulator/GeoAlarm.build/assetcatalog_dependencies_thinned --thinned-info-plist-content /Users/runner/Library/Developer/Xcode/DerivedData/GeoAlarm-bgjyfjejddafizazceyaykvykrwr/Build/Intermediates.noindex/GeoAlarm.build/Debug-iphonesimulator/GeoAlarm.build/assetcatalog_generated_info.plist_thinned --unthinned /Users/runner/Library/Developer/Xcode/DerivedData/GeoAlarm-bgjyfjejddafizazceyaykvykrwr/Build/Intermediates.noindex/GeoAlarm.build/Debug-iphonesimulator/GeoAlarm.build/assetcatalog_output/unthinned --unthinned-dependencies /Users/runner/Library/Developer/Xcode/DerivedData/GeoAlarm-bgjyfjejddafizazceyaykvykrwr/Build/Intermediates.noindex/GeoAlarm.build/Debug-iphonesimulator/GeoAlarm.build/assetcatalog_dependencies_unthinned --unthinned-info-plist-content /Users/runner/Library/Developer/Xcode/DerivedData/GeoAlarm-bgjyfjejddafizazceyaykvykrwr/Build/Intermediates.noindex/GeoAlarm.build/Debug-iphonesimulator/GeoAlarm.build/assetcatalog_generated_info.plist_unthinned --output /Users/runner/Library/Developer/Xcode/DerivedData/GeoAlarm-bgjyfjejddafizazceyaykvykrwr/Build/Products/Debug-iphonesimulator/GeoAlarm.app --plist-output /Users/runner/Library/Developer/Xcode/DerivedData/GeoAlarm-bgjyfjejddafizazceyaykvykrwr/Build/Intermediates.noindex/GeoAlarm.build/Debug-iphonesimulator/GeoAlarm.build/assetcatalog_generated_info.plist
note: Emplaced /Users/runner/Library/Developer/Xcode/DerivedData/GeoAlarm-bgjyfjejddafizazceyaykvykrwr/Build/Products/Debug-iphonesimulator/GeoAlarm.app/Assets.car (in target 'GeoAlarm' from project 'GeoAlarm')
note: Emplaced /Users/runner/Library/Developer/Xcode/DerivedData/GeoAlarm-bgjyfjejddafizazceyaykvykrwr/Build/Products/Debug-iphonesimulator/GeoAlarm.app/AppIcon76x76@2x~ipad.png (in target 'GeoAlarm' from project 'GeoAlarm')
note: Emplaced /Users/runner/Library/Developer/Xcode/DerivedData/GeoAlarm-bgjyfjejddafizazceyaykvykrwr/Build/Products/Debug-iphonesimulator/GeoAlarm.app/AppIcon60x60@2x.png (in target 'GeoAlarm' from project 'GeoAlarm')

ProcessInfoPlistFile /Users/runner/Library/Developer/Xcode/DerivedData/GeoAlarm-bgjyfjejddafizazceyaykvykrwr/Build/Products/Debug-iphonesimulator/GeoAlarm.app/Info.plist /Users/runner/work/GeoAlarm-iOS/GeoAlarm-iOS/GeoAlarm/Info.plist (in target 'GeoAlarm' from project 'GeoAlarm')
    cd /Users/runner/work/GeoAlarm-iOS/GeoAlarm-iOS
    builtin-infoPlistUtility /Users/runner/work/GeoAlarm-iOS/GeoAlarm-iOS/GeoAlarm/Info.plist -producttype com.apple.product-type.application -genpkginfo /Users/runner/Library/Developer/Xcode/DerivedData/GeoAlarm-bgjyfjejddafizazceyaykvykrwr/Build/Products/Debug-iphonesimulator/GeoAlarm.app/PkgInfo -expandbuildsettings -format binary -platform iphonesimulator -additionalcontentfile /Users/runner/Library/Developer/Xcode/DerivedData/GeoAlarm-bgjyfjejddafizazceyaykvykrwr/Build/Intermediates.noindex/GeoAlarm.build/Debug-iphonesimulator/GeoAlarm.build/assetcatalog_generated_info.plist -o /Users/runner/Library/Developer/Xcode/DerivedData/GeoAlarm-bgjyfjejddafizazceyaykvykrwr/Build/Products/Debug-iphonesimulator/GeoAlarm.app/Info.plist

SwiftExplicitDependencyGeneratePcm arm64 /Users/runner/Library/Developer/Xcode/DerivedData/ModuleCache.noindex/MediaToolbox-PHW0Q1QIN1GMSG4K87OJRC6C.pcm

SwiftExplicitDependencyGeneratePcm arm64 /Users/runner/Library/Developer/Xcode/DerivedData/ModuleCache.noindex/AVFAudio-11D48A21UKXFZU81UJP6AGPIJ.pcm

SwiftExplicitDependencyGeneratePcm arm64 /Users/runner/Library/Developer/Xcode/DerivedData/ModuleCache.noindex/UIKit-CVDQ4ZFZ3C09E3QHZA1IQWWUB.pcm

SwiftExplicitDependencyGeneratePcm arm64 /Users/runner/Library/Developer/Xcode/DerivedData/ModuleCache.noindex/SwiftUICore-4XCD93VCTZTA0381JBAMF03NF.pcm

SwiftExplicitDependencyGeneratePcm arm64 /Users/runner/Library/Developer/Xcode/DerivedData/ModuleCache.noindex/AVFoundation-DT2WVBDKOTGISK0E7JKWE62FS.pcm

SwiftExplicitDependencyGeneratePcm arm64 /Users/runner/Library/Developer/Xcode/DerivedData/ModuleCache.noindex/Photos-3YP5ERM3T1XDWBXSTN5P98I6I.pcm

SwiftExplicitDependencyGeneratePcm arm64 /Users/runner/Library/Developer/Xcode/DerivedData/ModuleCache.noindex/PhotosUI-CUXW3PBA1A7NL8V4FSUB5GXBV.pcm

SwiftExplicitDependencyGeneratePcm arm64 /Users/runner/Library/Developer/Xcode/DerivedData/ModuleCache.noindex/MapKit-B0VWI7SEQ87L2GBGOHQUXNLQZ.pcm

SwiftExplicitDependencyGeneratePcm arm64 /Users/runner/Library/Developer/Xcode/DerivedData/ModuleCache.noindex/SwiftUI-21HO5GXGWMPI9BSAIULZAIM08.pcm

SwiftEmitModule normal arm64 Emitting\ module\ for\ GeoAlarm (in target 'GeoAlarm' from project 'GeoAlarm')

EmitSwiftModule normal arm64 (in target 'GeoAlarm' from project 'GeoAlarm')
    cd /Users/runner/work/GeoAlarm-iOS/GeoAlarm-iOS
    

SwiftCompile normal arm64 Compiling\ Palette.swift,\ PermissionBanner.swift,\ RegionSelector.swift,\ Repositories.swift,\ RootView.swift,\ Services.swift,\ SettingsStore.swift,\ SettingsView.swift,\ SoundCatalog.swift,\ SoundPickerView.swift,\ SwiftDataGeoAlarmRepository.swift,\ UserDefaultsSettingsRepository.swift,\ VibrationTimeline.swift,\ GeneratedAssetSymbols.swift /Users/runner/work/GeoAlarm-iOS/GeoAlarm-iOS/GeoAlarm/Presentation/Theme/Palette.swift /Users/runner/work/GeoAlarm-iOS/GeoAlarm-iOS/GeoAlarm/Presentation/Common/PermissionBanner.swift /Users/runner/work/GeoAlarm-iOS/GeoAlarm-iOS/GeoAlarm/Domain/Util/RegionSelector.swift /Users/runner/work/GeoAlarm-iOS/GeoAlarm-iOS/GeoAlarm/Domain/Repository/Repositories.swift /Users/runner/work/GeoAlarm-iOS/GeoAlarm-iOS/GeoAlarm/Presentation/Root/RootView.swift /Users/runner/work/GeoAlarm-iOS/GeoAlarm-iOS/GeoAlarm/Domain/Service/Services.swift /Users/runner/work/GeoAlarm-iOS/GeoAlarm-iOS/GeoAlarm/Presentation/Settings/SettingsStore.swift /Users/runner/work/GeoAlarm-iOS/GeoAlarm-iOS/GeoAlarm/Presentation/Settings/SettingsView.swift /Users/runner/work/GeoAlarm-iOS/GeoAlarm-iOS/GeoAlarm/Data/Audio/SoundCatalog.swift /Users/runner/work/GeoAlarm-iOS/GeoAlarm-iOS/GeoAlarm/Presentation/AlarmEdit/SoundPickerView.swift /Users/runner/work/GeoAlarm-iOS/GeoAlarm-iOS/GeoAlarm/Data/Local/SwiftDataGeoAlarmRepository.swift /Users/runner/work/GeoAlarm-iOS/GeoAlarm-iOS/GeoAlarm/Data/Local/UserDefaultsSettingsRepository.swift /Users/runner/work/GeoAlarm-iOS/GeoAlarm-iOS/GeoAlarm/Domain/Util/VibrationTimeline.swift /Users/runner/Library/Developer/Xcode/DerivedData/GeoAlarm-bgjyfjejddafizazceyaykvykrwr/Build/Intermediates.noindex/GeoAlarm.build/Debug-iphonesimulator/GeoAlarm.build/DerivedSources/GeneratedAssetSymbols.swift (in target 'GeoAlarm' from project 'GeoAlarm')
SwiftCompile normal arm64 /Users/runner/work/GeoAlarm-iOS/GeoAlarm-iOS/GeoAlarm/Presentation/Theme/Palette.swift (in target 'GeoAlarm' from project 'GeoAlarm')
    cd /Users/runner/work/GeoAlarm-iOS/GeoAlarm-iOS
    

SwiftCompile normal arm64 /Users/runner/work/GeoAlarm-iOS/GeoAlarm-iOS/GeoAlarm/Presentation/Common/PermissionBanner.swift (in target 'GeoAlarm' from project 'GeoAlarm')
    cd /Users/runner/work/GeoAlarm-iOS/GeoAlarm-iOS
    

SwiftCompile normal arm64 /Users/runner/work/GeoAlarm-iOS/GeoAlarm-iOS/GeoAlarm/Domain/Util/RegionSelector.swift (in target 'GeoAlarm' from project 'GeoAlarm')
    cd /Users/runner/work/GeoAlarm-iOS/GeoAlarm-iOS
    

SwiftCompile normal arm64 /Users/runner/work/GeoAlarm-iOS/GeoAlarm-iOS/GeoAlarm/Domain/Repository/Repositories.swift (in target 'GeoAlarm' from project 'GeoAlarm')
    cd /Users/runner/work/GeoAlarm-iOS/GeoAlarm-iOS
    

SwiftCompile normal arm64 /Users/runner/work/GeoAlarm-iOS/GeoAlarm-iOS/GeoAlarm/Presentation/Root/RootView.swift (in target 'GeoAlarm' from project 'GeoAlarm')
    cd /Users/runner/work/GeoAlarm-iOS/GeoAlarm-iOS
    

SwiftCompile normal arm64 /Users/runner/work/GeoAlarm-iOS/GeoAlarm-iOS/GeoAlarm/Domain/Service/Services.swift (in target 'GeoAlarm' from project 'GeoAlarm')
    cd /Users/runner/work/GeoAlarm-iOS/GeoAlarm-iOS
    

SwiftCompile normal arm64 /Users/runner/work/GeoAlarm-iOS/GeoAlarm-iOS/GeoAlarm/Presentation/Settings/SettingsStore.swift (in target 'GeoAlarm' from project 'GeoAlarm')
    cd /Users/runner/work/GeoAlarm-iOS/GeoAlarm-iOS
    

SwiftCompile normal arm64 /Users/runner/work/GeoAlarm-iOS/GeoAlarm-iOS/GeoAlarm/Presentation/Settings/SettingsView.swift (in target 'GeoAlarm' from project 'GeoAlarm')
    cd /Users/runner/work/GeoAlarm-iOS/GeoAlarm-iOS
    

SwiftCompile normal arm64 /Users/runner/work/GeoAlarm-iOS/GeoAlarm-iOS/GeoAlarm/Data/Audio/SoundCatalog.swift (in target 'GeoAlarm' from project 'GeoAlarm')
    cd /Users/runner/work/GeoAlarm-iOS/GeoAlarm-iOS
    

SwiftCompile normal arm64 /Users/runner/work/GeoAlarm-iOS/GeoAlarm-iOS/GeoAlarm/Presentation/AlarmEdit/SoundPickerView.swift (in target 'GeoAlarm' from project 'GeoAlarm')
    cd /Users/runner/work/GeoAlarm-iOS/GeoAlarm-iOS
    

SwiftCompile normal arm64 /Users/runner/work/GeoAlarm-iOS/GeoAlarm-iOS/GeoAlarm/Data/Local/SwiftDataGeoAlarmRepository.swift (in target 'GeoAlarm' from project 'GeoAlarm')
    cd /Users/runner/work/GeoAlarm-iOS/GeoAlarm-iOS
    

SwiftCompile normal arm64 /Users/runner/work/GeoAlarm-iOS/GeoAlarm-iOS/GeoAlarm/Data/Local/UserDefaultsSettingsRepository.swift (in target 'GeoAlarm' from project 'GeoAlarm')
    cd /Users/runner/work/GeoAlarm-iOS/GeoAlarm-iOS
    

SwiftCompile normal arm64 /Users/runner/work/GeoAlarm-iOS/GeoAlarm-iOS/GeoAlarm/Domain/Util/VibrationTimeline.swift (in target 'GeoAlarm' from project 'GeoAlarm')
    cd /Users/runner/work/GeoAlarm-iOS/GeoAlarm-iOS
    

SwiftCompile normal arm64 /Users/runner/Library/Developer/Xcode/DerivedData/GeoAlarm-bgjyfjejddafizazceyaykvykrwr/Build/Intermediates.noindex/GeoAlarm.build/Debug-iphonesimulator/GeoAlarm.build/DerivedSources/GeneratedAssetSymbols.swift (in target 'GeoAlarm' from project 'GeoAlarm')
    cd /Users/runner/work/GeoAlarm-iOS/GeoAlarm-iOS
    

SwiftCompile normal arm64 Compiling\ DaysFormatter.swift,\ DemoData.swift,\ Enums.swift,\ EventLog.swift,\ Geo.swift,\ GeoAlarm.swift,\ GeoAlarmApp.swift,\ GeoAlarmRecord.swift,\ HapticPlayer.swift,\ LayeredAlarmDelivery.swift,\ LocationEngine.swift,\ LocationPickerView.swift,\ NotificationDelegate.swift,\ NotificationFallbackDelivery.swift /Users/runner/work/GeoAlarm-iOS/GeoAlarm-iOS/GeoAlarm/Presentation/Common/DaysFormatter.swift /Users/runner/work/GeoAlarm-iOS/GeoAlarm-iOS/GeoAlarm/App/DemoData.swift /Users/runner/work/GeoAlarm-iOS/GeoAlarm-iOS/GeoAlarm/Domain/Model/Enums.swift /Users/runner/work/GeoAlarm-iOS/GeoAlarm-iOS/GeoAlarm/Data/Diagnostics/EventLog.swift /Users/runner/work/GeoAlarm-iOS/GeoAlarm-iOS/GeoAlarm/Domain/Util/Geo.swift /Users/runner/work/GeoAlarm-iOS/GeoAlarm-iOS/GeoAlarm/Domain/Model/GeoAlarm.swift /Users/runner/work/GeoAlarm-iOS/GeoAlarm-iOS/GeoAlarm/App/GeoAlarmApp.swift /Users/runner/work/GeoAlarm-iOS/GeoAlarm-iOS/GeoAlarm/Data/Local/GeoAlarmRecord.swift /Users/runner/work/GeoAlarm-iOS/GeoAlarm-iOS/GeoAlarm/Data/Audio/HapticPlayer.swift /Users/runner/work/GeoAlarm-iOS/GeoAlarm-iOS/GeoAlarm/Data/Alarm/LayeredAlarmDelivery.swift /Users/runner/work/GeoAlarm-iOS/GeoAlarm-iOS/GeoAlarm/Data/Location/LocationEngine.swift /Users/runner/work/GeoAlarm-iOS/GeoAlarm-iOS/GeoAlarm/Presentation/AlarmEdit/LocationPickerView.swift /Users/runner/work/GeoAlarm-iOS/GeoAlarm-iOS/GeoAlarm/App/NotificationDelegate.swift /Users/runner/work/GeoAlarm-iOS/GeoAlarm-iOS/GeoAlarm/Data/Alarm/NotificationFallbackDelivery.swift (in target 'GeoAlarm' from project 'GeoAlarm')
SwiftCompile normal arm64 /Users/runner/work/GeoAlarm-iOS/GeoAlarm-iOS/GeoAlarm/Presentation/Common/DaysFormatter.swift (in target 'GeoAlarm' from project 'GeoAlarm')
    cd /Users/runner/work/GeoAlarm-iOS/GeoAlarm-iOS
    

SwiftCompile normal arm64 /Users/runner/work/GeoAlarm-iOS/GeoAlarm-iOS/GeoAlarm/App/DemoData.swift (in target 'GeoAlarm' from project 'GeoAlarm')
    cd /Users/runner/work/GeoAlarm-iOS/GeoAlarm-iOS
    

SwiftCompile normal arm64 /Users/runner/work/GeoAlarm-iOS/GeoAlarm-iOS/GeoAlarm/Domain/Model/Enums.swift (in target 'GeoAlarm' from project 'GeoAlarm')
    cd /Users/runner/work/GeoAlarm-iOS/GeoAlarm-iOS
    

SwiftCompile normal arm64 /Users/runner/work/GeoAlarm-iOS/GeoAlarm-iOS/GeoAlarm/Data/Diagnostics/EventLog.swift (in target 'GeoAlarm' from project 'GeoAlarm')
    cd /Users/runner/work/GeoAlarm-iOS/GeoAlarm-iOS
    

SwiftCompile normal arm64 /Users/runner/work/GeoAlarm-iOS/GeoAlarm-iOS/GeoAlarm/Domain/Util/Geo.swift (in target 'GeoAlarm' from project 'GeoAlarm')
    cd /Users/runner/work/GeoAlarm-iOS/GeoAlarm-iOS
    

SwiftCompile normal arm64 /Users/runner/work/GeoAlarm-iOS/GeoAlarm-iOS/GeoAlarm/Domain/Model/GeoAlarm.swift (in target 'GeoAlarm' from project 'GeoAlarm')
    cd /Users/runner/work/GeoAlarm-iOS/GeoAlarm-iOS
    

SwiftCompile normal arm64 /Users/runner/work/GeoAlarm-iOS/GeoAlarm-iOS/GeoAlarm/App/GeoAlarmApp.swift (in target 'GeoAlarm' from project 'GeoAlarm')
    cd /Users/runner/work/GeoAlarm-iOS/GeoAlarm-iOS
    

SwiftCompile normal arm64 /Users/runner/work/GeoAlarm-iOS/GeoAlarm-iOS/GeoAlarm/Data/Local/GeoAlarmRecord.swift (in target 'GeoAlarm' from project 'GeoAlarm')
    cd /Users/runner/work/GeoAlarm-iOS/GeoAlarm-iOS
    

SwiftCompile normal arm64 /Users/runner/work/GeoAlarm-iOS/GeoAlarm-iOS/GeoAlarm/Data/Audio/HapticPlayer.swift (in target 'GeoAlarm' from project 'GeoAlarm')
    cd /Users/runner/work/GeoAlarm-iOS/GeoAlarm-iOS
    

SwiftCompile normal arm64 /Users/runner/work/GeoAlarm-iOS/GeoAlarm-iOS/GeoAlarm/Data/Alarm/LayeredAlarmDelivery.swift (in target 'GeoAlarm' from project 'GeoAlarm')
    cd /Users/runner/work/GeoAlarm-iOS/GeoAlarm-iOS
    

SwiftCompile normal arm64 /Users/runner/work/GeoAlarm-iOS/GeoAlarm-iOS/GeoAlarm/Data/Location/LocationEngine.swift (in target 'GeoAlarm' from project 'GeoAlarm')
    cd /Users/runner/work/GeoAlarm-iOS/GeoAlarm-iOS
    

SwiftCompile normal arm64 /Users/runner/work/GeoAlarm-iOS/GeoAlarm-iOS/GeoAlarm/Presentation/AlarmEdit/LocationPickerView.swift (in target 'GeoAlarm' from project 'GeoAlarm')
    cd /Users/runner/work/GeoAlarm-iOS/GeoAlarm-iOS
    

SwiftCompile normal arm64 /Users/runner/work/GeoAlarm-iOS/GeoAlarm-iOS/GeoAlarm/App/NotificationDelegate.swift (in target 'GeoAlarm' from project 'GeoAlarm')
    cd /Users/runner/work/GeoAlarm-iOS/GeoAlarm-iOS
    

SwiftCompile normal arm64 /Users/runner/work/GeoAlarm-iOS/GeoAlarm-iOS/GeoAlarm/Data/Alarm/NotificationFallbackDelivery.swift (in target 'GeoAlarm' from project 'GeoAlarm')
    cd /Users/runner/work/GeoAlarm-iOS/GeoAlarm-iOS
    

SwiftCompile normal arm64 Compiling\ AlarmCoordinator.swift,\ AlarmEditView.swift,\ AlarmEditViewModel.swift,\ AlarmIntents.swift,\ AlarmKitDelivery.swift,\ AlarmListView.swift,\ AlarmListViewModel.swift,\ AlarmPolicy.swift,\ AlarmSoundPlayer.swift,\ AlarmTriggerView.swift,\ AlarmUseCases.swift,\ AppContainer.swift,\ AppSettings.swift,\ BackgroundImageStore.swift,\ Color+RGB.swift /Users/runner/work/GeoAlarm-iOS/GeoAlarm-iOS/GeoAlarm/App/AlarmCoordinator.swift /Users/runner/work/GeoAlarm-iOS/GeoAlarm-iOS/GeoAlarm/Presentation/AlarmEdit/AlarmEditView.swift /Users/runner/work/GeoAlarm-iOS/GeoAlarm-iOS/GeoAlarm/Presentation/AlarmEdit/AlarmEditViewModel.swift /Users/runner/work/GeoAlarm-iOS/GeoAlarm-iOS/GeoAlarm/App/AlarmIntents.swift /Users/runner/work/GeoAlarm-iOS/GeoAlarm-iOS/GeoAlarm/Data/Alarm/AlarmKitDelivery.swift /Users/runner/work/GeoAlarm-iOS/GeoAlarm-iOS/GeoAlarm/Presentation/AlarmList/AlarmListView.swift /Users/runner/work/GeoAlarm-iOS/GeoAlarm-iOS/GeoAlarm/Presentation/AlarmList/AlarmListViewModel.swift /Users/runner/work/GeoAlarm-iOS/GeoAlarm-iOS/GeoAlarm/Domain/Util/AlarmPolicy.swift /Users/runner/work/GeoAlarm-iOS/GeoAlarm-iOS/GeoAlarm/Data/Audio/AlarmSoundPlayer.swift /Users/runner/work/GeoAlarm-iOS/GeoAlarm-iOS/GeoAlarm/Presentation/Trigger/AlarmTriggerView.swift /Users/runner/work/GeoAlarm-iOS/GeoAlarm-iOS/GeoAlarm/Domain/UseCase/AlarmUseCases.swift /Users/runner/work/GeoAlarm-iOS/GeoAlarm-iOS/GeoAlarm/App/AppContainer.swift /Users/runner/work/GeoAlarm-iOS/GeoAlarm-iOS/GeoAlarm/Domain/Model/AppSettings.swift /Users/runner/work/GeoAlarm-iOS/GeoAlarm-iOS/GeoAlarm/Data/Local/BackgroundImageStore.swift /Users/runner/work/GeoAlarm-iOS/GeoAlarm-iOS/GeoAlarm/Presentation/Theme/Color+RGB.swift (in target 'GeoAlarm' from project 'GeoAlarm')
SwiftCompile normal arm64 /Users/runner/work/GeoAlarm-iOS/GeoAlarm-iOS/GeoAlarm/App/AlarmCoordinator.swift (in target 'GeoAlarm' from project 'GeoAlarm')
    cd /Users/runner/work/GeoAlarm-iOS/GeoAlarm-iOS
    

SwiftCompile normal arm64 /Users/runner/work/GeoAlarm-iOS/GeoAlarm-iOS/GeoAlarm/Presentation/AlarmEdit/AlarmEditView.swift (in target 'GeoAlarm' from project 'GeoAlarm')
    cd /Users/runner/work/GeoAlarm-iOS/GeoAlarm-iOS
    

SwiftCompile normal arm64 /Users/runner/work/GeoAlarm-iOS/GeoAlarm-iOS/GeoAlarm/Presentation/AlarmEdit/AlarmEditViewModel.swift (in target 'GeoAlarm' from project 'GeoAlarm')
    cd /Users/runner/work/GeoAlarm-iOS/GeoAlarm-iOS
    

SwiftCompile normal arm64 /Users/runner/work/GeoAlarm-iOS/GeoAlarm-iOS/GeoAlarm/App/AlarmIntents.swift (in target 'GeoAlarm' from project 'GeoAlarm')
    cd /Users/runner/work/GeoAlarm-iOS/GeoAlarm-iOS
    

SwiftCompile normal arm64 /Users/runner/work/GeoAlarm-iOS/GeoAlarm-iOS/GeoAlarm/Data/Alarm/AlarmKitDelivery.swift (in target 'GeoAlarm' from project 'GeoAlarm')
    cd /Users/runner/work/GeoAlarm-iOS/GeoAlarm-iOS
    

SwiftCompile normal arm64 /Users/runner/work/GeoAlarm-iOS/GeoAlarm-iOS/GeoAlarm/Presentation/AlarmList/AlarmListView.swift (in target 'GeoAlarm' from project 'GeoAlarm')
    cd /Users/runner/work/GeoAlarm-iOS/GeoAlarm-iOS
    

SwiftCompile normal arm64 /Users/runner/work/GeoAlarm-iOS/GeoAlarm-iOS/GeoAlarm/Presentation/AlarmList/AlarmListViewModel.swift (in target 'GeoAlarm' from project 'GeoAlarm')
    cd /Users/runner/work/GeoAlarm-iOS/GeoAlarm-iOS
    

SwiftCompile normal arm64 /Users/runner/work/GeoAlarm-iOS/GeoAlarm-iOS/GeoAlarm/Domain/Util/AlarmPolicy.swift (in target 'GeoAlarm' from project 'GeoAlarm')
    cd /Users/runner/work/GeoAlarm-iOS/GeoAlarm-iOS
    

SwiftCompile normal arm64 /Users/runner/work/GeoAlarm-iOS/GeoAlarm-iOS/GeoAlarm/Data/Audio/AlarmSoundPlayer.swift (in target 'GeoAlarm' from project 'GeoAlarm')
    cd /Users/runner/work/GeoAlarm-iOS/GeoAlarm-iOS
    

SwiftCompile normal arm64 /Users/runner/work/GeoAlarm-iOS/GeoAlarm-iOS/GeoAlarm/Presentation/Trigger/AlarmTriggerView.swift (in target 'GeoAlarm' from project 'GeoAlarm')
    cd /Users/runner/work/GeoAlarm-iOS/GeoAlarm-iOS
    

SwiftCompile normal arm64 /Users/runner/work/GeoAlarm-iOS/GeoAlarm-iOS/GeoAlarm/Domain/UseCase/AlarmUseCases.swift (in target 'GeoAlarm' from project 'GeoAlarm')
    cd /Users/runner/work/GeoAlarm-iOS/GeoAlarm-iOS
    

SwiftCompile normal arm64 /Users/runner/work/GeoAlarm-iOS/GeoAlarm-iOS/GeoAlarm/App/AppContainer.swift (in target 'GeoAlarm' from project 'GeoAlarm')
    cd /Users/runner/work/GeoAlarm-iOS/GeoAlarm-iOS
    

SwiftCompile normal arm64 /Users/runner/work/GeoAlarm-iOS/GeoAlarm-iOS/GeoAlarm/Domain/Model/AppSettings.swift (in target 'GeoAlarm' from project 'GeoAlarm')
    cd /Users/runner/work/GeoAlarm-iOS/GeoAlarm-iOS
    

SwiftCompile normal arm64 /Users/runner/work/GeoAlarm-iOS/GeoAlarm-iOS/GeoAlarm/Data/Local/BackgroundImageStore.swift (in target 'GeoAlarm' from project 'GeoAlarm')
    cd /Users/runner/work/GeoAlarm-iOS/GeoAlarm-iOS
    

SwiftCompile normal arm64 /Users/runner/work/GeoAlarm-iOS/GeoAlarm-iOS/GeoAlarm/Presentation/Theme/Color+RGB.swift (in target 'GeoAlarm' from project 'GeoAlarm')
    cd /Users/runner/work/GeoAlarm-iOS/GeoAlarm-iOS
    

SwiftDriverJobDiscovery normal arm64 Emitting module for GeoAlarm (in target 'GeoAlarm' from project 'GeoAlarm')

SwiftDriver\ Compilation\ Requirements GeoAlarm normal arm64 com.apple.xcode.tools.swift.compiler (in target 'GeoAlarm' from project 'GeoAlarm')
    cd /Users/runner/work/GeoAlarm-iOS/GeoAlarm-iOS
    builtin-Swift-Compilation-Requirements -- /Applications/Xcode_26.6.app/Contents/Developer/Toolchains/XcodeDefault.xctoolchain/usr/bin/swiftc -module-name GeoAlarm -Onone @/Users/runner/Library/Developer/Xcode/DerivedData/GeoAlarm-bgjyfjejddafizazceyaykvykrwr/Build/Intermediates.noindex/GeoAlarm.build/Debug-iphonesimulator/GeoAlarm.build/Objects-normal/arm64/GeoAlarm.SwiftFileList -DDEBUG -enable-bare-slash-regex -enable-experimental-feature DebugDescriptionMacro -sdk /Applications/Xcode_26.6.app/Contents/Developer/Platforms/iPhoneSimulator.platform/Developer/SDKs/iPhoneSimulator26.5.sdk -target arm64-apple-ios17.0-simulator -g -module-cache-path /Users/runner/Library/Developer/Xcode/DerivedData/ModuleCache.noindex -Xfrontend -serialize-debugging-options -enable-testing -index-store-path /Users/runner/Library/Developer/Xcode/DerivedData/GeoAlarm-bgjyfjejddafizazceyaykvykrwr/Index.noindex/DataStore -Xcc -D_LIBCPP_HARDENING_MODE\=_LIBCPP_HARDENING_MODE_DEBUG -swift-version 5 -I /Users/runner/Library/Developer/Xcode/DerivedData/GeoAlarm-bgjyfjejddafizazceyaykvykrwr/Build/Products/Debug-iphonesimulator -F /Users/runner/Library/Developer/Xcode/DerivedData/GeoAlarm-bgjyfjejddafizazceyaykvykrwr/Build/Products/Debug-iphonesimulator -c -j3 -enable-batch-mode -incremental -Xcc -ivfsstatcache -Xcc /Users/runner/Library/Developer/Xcode/DerivedData/SDKStatCaches.noindex/iphonesimulator26.5-23F81a-688ef53f1462e2c8f657fdc38a81448ff45c64a1807a658693f2a61704f17a36.sdkstatcache -output-file-map /Users/runner/Library/Developer/Xcode/DerivedData/GeoAlarm-bgjyfjejddafizazceyaykvykrwr/Build/Intermediates.noindex/GeoAlarm.build/Debug-iphonesimulator/GeoAlarm.build/Objects-normal/arm64/GeoAlarm-OutputFileMap.json -use-frontend-parseable-output -save-temps -no-color-diagnostics -explicit-module-build -module-cache-path /Users/runner/Library/Developer/Xcode/DerivedData/GeoAlarm-bgjyfjejddafizazceyaykvykrwr/Build/Intermediates.noindex/SwiftExplicitPrecompiledModules -clang-scanner-module-cache-path /Users/runner/Library/Developer/Xcode/DerivedData/ModuleCache.noindex -sdk-module-cache-path /Users/runner/Library/Developer/Xcode/DerivedData/ModuleCache.noindex -serialize-diagnostics -emit-dependencies -emit-module -emit-module-path /Users/runner/Library/Developer/Xcode/DerivedData/GeoAlarm-bgjyfjejddafizazceyaykvykrwr/Build/Intermediates.noindex/GeoAlarm.build/Debug-iphonesimulator/GeoAlarm.build/Objects-normal/arm64/GeoAlarm.swiftmodule -validate-clang-modules-once -clang-build-session-file /Users/runner/Library/Developer/Xcode/DerivedData/ModuleCache.noindex/Session.modulevalidation -Xcc -I/Users/runner/Library/Developer/Xcode/DerivedData/GeoAlarm-bgjyfjejddafizazceyaykvykrwr/Build/Intermediates.noindex/GeoAlarm.build/Debug-iphonesimulator/GeoAlarm.build/swift-overrides.hmap -emit-const-values -Xfrontend -const-gather-protocols-file -Xfrontend /Users/runner/Library/Developer/Xcode/DerivedData/GeoAlarm-bgjyfjejddafizazceyaykvykrwr/Build/Intermediates.noindex/GeoAlarm.build/Debug-iphonesimulator/GeoAlarm.build/Objects-normal/arm64/GeoAlarm_const_extract_protocols.json -Xcc -iquote -Xcc /Users/runner/Library/Developer/Xcode/DerivedData/GeoAlarm-bgjyfjejddafizazceyaykvykrwr/Build/Intermediates.noindex/GeoAlarm.build/Debug-iphonesimulator/GeoAlarm.build/GeoAlarm-generated-files.hmap -Xcc -I/Users/runner/Library/Developer/Xcode/DerivedData/GeoAlarm-bgjyfjejddafizazceyaykvykrwr/Build/Intermediates.noindex/GeoAlarm.build/Debug-iphonesimulator/GeoAlarm.build/GeoAlarm-own-target-headers.hmap -Xcc -I/Users/runner/Library/Developer/Xcode/DerivedData/GeoAlarm-bgjyfjejddafizazceyaykvykrwr/Build/Intermediates.noindex/GeoAlarm.build/Debug-iphonesimulator/GeoAlarm.build/GeoAlarm-all-target-headers.hmap -Xcc -iquote -Xcc /Users/runner/Library/Developer/Xcode/DerivedData/GeoAlarm-bgjyfjejddafizazceyaykvykrwr/Build/Intermediates.noindex/GeoAlarm.build/Debug-iphonesimulator/GeoAlarm.build/GeoAlarm-project-headers.hmap -Xcc -I/Users/runner/Library/Developer/Xcode/DerivedData/GeoAlarm-bgjyfjejddafizazceyaykvykrwr/Build/Products/Debug-iphonesimulator/include -Xcc -I/Users/runner/Library/Developer/Xcode/DerivedData/GeoAlarm-bgjyfjejddafizazceyaykvykrwr/Build/Intermediates.noindex/GeoAlarm.build/Debug-iphonesimulator/GeoAlarm.build/DerivedSources-normal/arm64 -Xcc -I/Users/runner/Library/Developer/Xcode/DerivedData/GeoAlarm-bgjyfjejddafizazceyaykvykrwr/Build/Intermediates.noindex/GeoAlarm.build/Debug-iphonesimulator/GeoAlarm.build/DerivedSources/arm64 -Xcc -I/Users/runner/Library/Developer/Xcode/DerivedData/GeoAlarm-bgjyfjejddafizazceyaykvykrwr/Build/Intermediates.noindex/GeoAlarm.build/Debug-iphonesimulator/GeoAlarm.build/DerivedSources -Xcc -DDEBUG\=1 -emit-objc-header -emit-objc-header-path /Users/runner/Library/Developer/Xcode/DerivedData/GeoAlarm-bgjyfjejddafizazceyaykvykrwr/Build/Intermediates.noindex/GeoAlarm.build/Debug-iphonesimulator/GeoAlarm.build/Objects-normal/arm64/GeoAlarm-Swift.h -working-directory /Users/runner/work/GeoAlarm-iOS/GeoAlarm-iOS -experimental-emit-module-separately -disable-cmo

SwiftDriverJobDiscovery normal arm64 Compiling Palette.swift, PermissionBanner.swift, RegionSelector.swift, Repositories.swift, RootView.swift, Services.swift, SettingsStore.swift, SettingsView.swift, SoundCatalog.swift, SoundPickerView.swift, SwiftDataGeoAlarmRepository.swift, UserDefaultsSettingsRepository.swift, VibrationTimeline.swift, GeneratedAssetSymbols.swift (in target 'GeoAlarm' from project 'GeoAlarm')

SwiftMergeGeneratedHeaders /Users/runner/Library/Developer/Xcode/DerivedData/GeoAlarm-bgjyfjejddafizazceyaykvykrwr/Build/Intermediates.noindex/GeoAlarm.build/Debug-iphonesimulator/GeoAlarm.build/DerivedSources/GeoAlarm-Swift.h /Users/runner/Library/Developer/Xcode/DerivedData/GeoAlarm-bgjyfjejddafizazceyaykvykrwr/Build/Intermediates.noindex/GeoAlarm.build/Debug-iphonesimulator/GeoAlarm.build/Objects-normal/arm64/GeoAlarm-Swift.h (in target 'GeoAlarm' from project 'GeoAlarm')
    cd /Users/runner/work/GeoAlarm-iOS/GeoAlarm-iOS
    builtin-swiftHeaderTool -arch arm64 /Users/runner/Library/Developer/Xcode/DerivedData/GeoAlarm-bgjyfjejddafizazceyaykvykrwr/Build/Intermediates.noindex/GeoAlarm.build/Debug-iphonesimulator/GeoAlarm.build/Objects-normal/arm64/GeoAlarm-Swift.h -o /Users/runner/Library/Developer/Xcode/DerivedData/GeoAlarm-bgjyfjejddafizazceyaykvykrwr/Build/Intermediates.noindex/GeoAlarm.build/Debug-iphonesimulator/GeoAlarm.build/DerivedSources/GeoAlarm-Swift.h

Copy /Users/runner/Library/Developer/Xcode/DerivedData/GeoAlarm-bgjyfjejddafizazceyaykvykrwr/Build/Products/Debug-iphonesimulator/GeoAlarm.swiftmodule/arm64-apple-ios-simulator.swiftmodule /Users/runner/Library/Developer/Xcode/DerivedData/GeoAlarm-bgjyfjejddafizazceyaykvykrwr/Build/Intermediates.noindex/GeoAlarm.build/Debug-iphonesimulator/GeoAlarm.build/Objects-normal/arm64/GeoAlarm.swiftmodule (in target 'GeoAlarm' from project 'GeoAlarm')
    cd /Users/runner/work/GeoAlarm-iOS/GeoAlarm-iOS
    builtin-copy -exclude .DS_Store -exclude CVS -exclude .svn -exclude .git -exclude .hg -resolve-src-symlinks -rename /Users/runner/Library/Developer/Xcode/DerivedData/GeoAlarm-bgjyfjejddafizazceyaykvykrwr/Build/Intermediates.noindex/GeoAlarm.build/Debug-iphonesimulator/GeoAlarm.build/Objects-normal/arm64/GeoAlarm.swiftmodule /Users/runner/Library/Developer/Xcode/DerivedData/GeoAlarm-bgjyfjejddafizazceyaykvykrwr/Build/Products/Debug-iphonesimulator/GeoAlarm.swiftmodule/arm64-apple-ios-simulator.swiftmodule

Copy /Users/runner/Library/Developer/Xcode/DerivedData/GeoAlarm-bgjyfjejddafizazceyaykvykrwr/Build/Products/Debug-iphonesimulator/GeoAlarm.swiftmodule/arm64-apple-ios-simulator.swiftdoc /Users/runner/Library/Developer/Xcode/DerivedData/GeoAlarm-bgjyfjejddafizazceyaykvykrwr/Build/Intermediates.noindex/GeoAlarm.build/Debug-iphonesimulator/GeoAlarm.build/Objects-normal/arm64/GeoAlarm.swiftdoc (in target 'GeoAlarm' from project 'GeoAlarm')
    cd /Users/runner/work/GeoAlarm-iOS/GeoAlarm-iOS
    builtin-copy -exclude .DS_Store -exclude CVS -exclude .svn -exclude .git -exclude .hg -resolve-src-symlinks -rename /Users/runner/Library/Developer/Xcode/DerivedData/GeoAlarm-bgjyfjejddafizazceyaykvykrwr/Build/Intermediates.noindex/GeoAlarm.build/Debug-iphonesimulator/GeoAlarm.build/Objects-normal/arm64/GeoAlarm.swiftdoc /Users/runner/Library/Developer/Xcode/DerivedData/GeoAlarm-bgjyfjejddafizazceyaykvykrwr/Build/Products/Debug-iphonesimulator/GeoAlarm.swiftmodule/arm64-apple-ios-simulator.swiftdoc

Copy /Users/runner/Library/Developer/Xcode/DerivedData/GeoAlarm-bgjyfjejddafizazceyaykvykrwr/Build/Products/Debug-iphonesimulator/GeoAlarm.swiftmodule/arm64-apple-ios-simulator.abi.json /Users/runner/Library/Developer/Xcode/DerivedData/GeoAlarm-bgjyfjejddafizazceyaykvykrwr/Build/Intermediates.noindex/GeoAlarm.build/Debug-iphonesimulator/GeoAlarm.build/Objects-normal/arm64/GeoAlarm.abi.json (in target 'GeoAlarm' from project 'GeoAlarm')
    cd /Users/runner/work/GeoAlarm-iOS/GeoAlarm-iOS
    builtin-copy -exclude .DS_Store -exclude CVS -exclude .svn -exclude .git -exclude .hg -resolve-src-symlinks -rename /Users/runner/Library/Developer/Xcode/DerivedData/GeoAlarm-bgjyfjejddafizazceyaykvykrwr/Build/Intermediates.noindex/GeoAlarm.build/Debug-iphonesimulator/GeoAlarm.build/Objects-normal/arm64/GeoAlarm.abi.json /Users/runner/Library/Developer/Xcode/DerivedData/GeoAlarm-bgjyfjejddafizazceyaykvykrwr/Build/Products/Debug-iphonesimulator/GeoAlarm.swiftmodule/arm64-apple-ios-simulator.abi.json

Copy /Users/runner/Library/Developer/Xcode/DerivedData/GeoAlarm-bgjyfjejddafizazceyaykvykrwr/Build/Products/Debug-iphonesimulator/GeoAlarm.swiftmodule/Project/arm64-apple-ios-simulator.swiftsourceinfo /Users/runner/Library/Developer/Xcode/DerivedData/GeoAlarm-bgjyfjejddafizazceyaykvykrwr/Build/Intermediates.noindex/GeoAlarm.build/Debug-iphonesimulator/GeoAlarm.build/Objects-normal/arm64/GeoAlarm.swiftsourceinfo (in target 'GeoAlarm' from project 'GeoAlarm')
    cd /Users/runner/work/GeoAlarm-iOS/GeoAlarm-iOS
    builtin-copy -exclude .DS_Store -exclude CVS -exclude .svn -exclude .git -exclude .hg -resolve-src-symlinks -rename /Users/runner/Library/Developer/Xcode/DerivedData/GeoAlarm-bgjyfjejddafizazceyaykvykrwr/Build/Intermediates.noindex/GeoAlarm.build/Debug-iphonesimulator/GeoAlarm.build/Objects-normal/arm64/GeoAlarm.swiftsourceinfo /Users/runner/Library/Developer/Xcode/DerivedData/GeoAlarm-bgjyfjejddafizazceyaykvykrwr/Build/Products/Debug-iphonesimulator/GeoAlarm.swiftmodule/Project/arm64-apple-ios-simulator.swiftsourceinfo

SwiftDriver GeoAlarmTests normal arm64 com.apple.xcode.tools.swift.compiler (in target 'GeoAlarmTests' from project 'GeoAlarm')
    cd /Users/runner/work/GeoAlarm-iOS/GeoAlarm-iOS
    builtin-SwiftDriver -- /Applications/Xcode_26.6.app/Contents/Developer/Toolchains/XcodeDefault.xctoolchain/usr/bin/swiftc -module-name GeoAlarmTests -Onone @/Users/runner/Library/Developer/Xcode/DerivedData/GeoAlarm-bgjyfjejddafizazceyaykvykrwr/Build/Intermediates.noindex/GeoAlarm.build/Debug-iphonesimulator/GeoAlarmTests.build/Objects-normal/arm64/GeoAlarmTests.SwiftFileList -DDEBUG -plugin-path /Applications/Xcode_26.6.app/Contents/Developer/Toolchains/XcodeDefault.xctoolchain/usr/lib/swift/host/plugins/testing -enable-bare-slash-regex -enable-experimental-feature DebugDescriptionMacro -sdk /Applications/Xcode_26.6.app/Contents/Developer/Platforms/iPhoneSimulator.platform/Developer/SDKs/iPhoneSimulator26.5.sdk -target arm64-apple-ios17.0-simulator -g -module-cache-path /Users/runner/Library/Developer/Xcode/DerivedData/ModuleCache.noindex -Xfrontend -serialize-debugging-options -enable-testing -index-store-path /Users/runner/Library/Developer/Xcode/DerivedData/GeoAlarm-bgjyfjejddafizazceyaykvykrwr/Index.noindex/DataStore -Xcc -D_LIBCPP_HARDENING_MODE\=_LIBCPP_HARDENING_MODE_DEBUG -swift-version 5 -I /Users/runner/Library/Developer/Xcode/DerivedData/GeoAlarm-bgjyfjejddafizazceyaykvykrwr/Build/Products/Debug-iphonesimulator -Isystem /Applications/Xcode_26.6.app/Contents/Developer/Platforms/iPhoneSimulator.platform/Developer/usr/lib -F /Users/runner/Library/Developer/Xcode/DerivedData/GeoAlarm-bgjyfjejddafizazceyaykvykrwr/Build/Products/Debug-iphonesimulator -F /Applications/Xcode_26.6.app/Contents/Developer/Platforms/iPhoneSimulator.platform/Developer/Library/Frameworks -F /Applications/Xcode_26.6.app/Contents/Developer/Platforms/iPhoneSimulator.platform/Developer/SDKs/iPhoneSimulator26.5.sdk/Developer/Library/Frameworks -c -j3 -enable-batch-mode -incremental -Xcc -ivfsstatcache -Xcc /Users/runner/Library/Developer/Xcode/DerivedData/SDKStatCaches.noindex/iphonesimulator26.5-23F81a-688ef53f1462e2c8f657fdc38a81448ff45c64a1807a658693f2a61704f17a36.sdkstatcache -output-file-map /Users/runner/Library/Developer/Xcode/DerivedData/GeoAlarm-bgjyfjejddafizazceyaykvykrwr/Build/Intermediates.noindex/GeoAlarm.build/Debug-iphonesimulator/GeoAlarmTests.build/Objects-normal/arm64/GeoAlarmTests-OutputFileMap.json -use-frontend-parseable-output -save-temps -no-color-diagnostics -explicit-module-build -module-cache-path /Users/runner/Library/Developer/Xcode/DerivedData/GeoAlarm-bgjyfjejddafizazceyaykvykrwr/Build/Intermediates.noindex/SwiftExplicitPrecompiledModules -clang-scanner-module-cache-path /Users/runner/Library/Developer/Xcode/DerivedData/ModuleCache.noindex -sdk-module-cache-path /Users/runner/Library/Developer/Xcode/DerivedData/ModuleCache.noindex -serialize-diagnostics -emit-dependencies -emit-module -emit-module-path /Users/runner/Library/Developer/Xcode/DerivedData/GeoAlarm-bgjyfjejddafizazceyaykvykrwr/Build/Intermediates.noindex/GeoAlarm.build/Debug-iphonesimulator/GeoAlarmTests.build/Objects-normal/arm64/GeoAlarmTests.swiftmodule -validate-clang-modules-once -clang-build-session-file /Users/runner/Library/Developer/Xcode/DerivedData/ModuleCache.noindex/Session.modulevalidation -Xcc -I/Users/runner/Library/Developer/Xcode/DerivedData/GeoAlarm-bgjyfjejddafizazceyaykvykrwr/Build/Intermediates.noindex/GeoAlarm.build/Debug-iphonesimulator/GeoAlarmTests.build/swift-overrides.hmap -emit-const-values -Xfrontend -const-gather-protocols-file -Xfrontend /Users/runner/Library/Developer/Xcode/DerivedData/GeoAlarm-bgjyfjejddafizazceyaykvykrwr/Build/Intermediates.noindex/GeoAlarm.build/Debug-iphonesimulator/GeoAlarmTests.build/Objects-normal/arm64/GeoAlarmTests_const_extract_protocols.json -Xcc -iquote -Xcc /Users/runner/Library/Developer/Xcode/DerivedData/GeoAlarm-bgjyfjejddafizazceyaykvykrwr/Build/Intermediates.noindex/GeoAlarm.build/Debug-iphonesimulator/GeoAlarmTests.build/GeoAlarmTests-generated-files.hmap -Xcc -I/Users/runner/Library/Developer/Xcode/DerivedData/GeoAlarm-bgjyfjejddafizazceyaykvykrwr/Build/Intermediates.noindex/GeoAlarm.build/Debug-iphonesimulator/GeoAlarmTests.build/GeoAlarmTests-own-target-headers.hmap -Xcc -I/Users/runner/Library/Developer/Xcode/DerivedData/GeoAlarm-bgjyfjejddafizazceyaykvykrwr/Build/Intermediates.noindex/GeoAlarm.build/Debug-iphonesimulator/GeoAlarmTests.build/GeoAlarmTests-all-target-headers.hmap -Xcc -iquote -Xcc /Users/runner/Library/Developer/Xcode/DerivedData/GeoAlarm-bgjyfjejddafizazceyaykvykrwr/Build/Intermediates.noindex/GeoAlarm.build/Debug-iphonesimulator/GeoAlarmTests.build/GeoAlarmTests-project-headers.hmap -Xcc -I/Users/runner/Library/Developer/Xcode/DerivedData/GeoAlarm-bgjyfjejddafizazceyaykvykrwr/Build/Products/Debug-iphonesimulator/include -Xcc -I/Users/runner/Library/Developer/Xcode/DerivedData/GeoAlarm-bgjyfjejddafizazceyaykvykrwr/Build/Intermediates.noindex/GeoAlarm.build/Debug-iphonesimulator/GeoAlarmTests.build/DerivedSources-normal/arm64 -Xcc -I/Users/runner/Library/Developer/Xcode/DerivedData/GeoAlarm-bgjyfjejddafizazceyaykvykrwr/Build/Intermediates.noindex/GeoAlarm.build/Debug-iphonesimulator/GeoAlarmTests.build/DerivedSources/arm64 -Xcc -I/Users/runner/Library/Developer/Xcode/DerivedData/GeoAlarm-bgjyfjejddafizazceyaykvykrwr/Build/Intermediates.noindex/GeoAlarm.build/Debug-iphonesimulator/GeoAlarmTests.build/DerivedSources -Xcc -DDEBUG\=1 -emit-objc-header -emit-objc-header-path /Users/runner/Library/Developer/Xcode/DerivedData/GeoAlarm-bgjyfjejddafizazceyaykvykrwr/Build/Intermediates.noindex/GeoAlarm.build/Debug-iphonesimulator/GeoAlarmTests.build/Objects-normal/arm64/GeoAlarmTests-Swift.h -working-directory /Users/runner/work/GeoAlarm-iOS/GeoAlarm-iOS -experimental-emit-module-separately -disable-cmo

SwiftDriverJobDiscovery normal arm64 Compiling DaysFormatter.swift, DemoData.swift, Enums.swift, EventLog.swift, Geo.swift, GeoAlarm.swift, GeoAlarmApp.swift, GeoAlarmRecord.swift, HapticPlayer.swift, LayeredAlarmDelivery.swift, LocationEngine.swift, LocationPickerView.swift, NotificationDelegate.swift, NotificationFallbackDelivery.swift (in target 'GeoAlarm' from project 'GeoAlarm')

SwiftExplicitDependencyGeneratePcm arm64 /Users/runner/Library/Developer/Xcode/DerivedData/GeoAlarm-bgjyfjejddafizazceyaykvykrwr/Build/Intermediates.noindex/SwiftExplicitPrecompiledModules/XCUIAutomation-2Q0KJO8O76O5DE5HMPKXRQBJK.pcm

SwiftExplicitDependencyGeneratePcm arm64 /Users/runner/Library/Developer/Xcode/DerivedData/GeoAlarm-bgjyfjejddafizazceyaykvykrwr/Build/Intermediates.noindex/SwiftExplicitPrecompiledModules/XCTest-1GVTT2OH5NFYJN0DT8C9ZQGYD.pcm

SwiftExplicitDependencyCompileModuleFromInterface arm64 /Users/runner/Library/Developer/Xcode/DerivedData/GeoAlarm-bgjyfjejddafizazceyaykvykrwr/Build/Intermediates.noindex/SwiftExplicitPrecompiledModules/XCUIAutomation-2TUM0WBQTTAIR.swiftmodule

SwiftExplicitDependencyCompileModuleFromInterface arm64 /Users/runner/Library/Developer/Xcode/DerivedData/GeoAlarm-bgjyfjejddafizazceyaykvykrwr/Build/Intermediates.noindex/SwiftExplicitPrecompiledModules/XCTest-F33PB5YQNUU3.swiftmodule

SwiftDriverJobDiscovery normal arm64 Compiling AlarmCoordinator.swift, AlarmEditView.swift, AlarmEditViewModel.swift, AlarmIntents.swift, AlarmKitDelivery.swift, AlarmListView.swift, AlarmListViewModel.swift, AlarmPolicy.swift, AlarmSoundPlayer.swift, AlarmTriggerView.swift, AlarmUseCases.swift, AppContainer.swift, AppSettings.swift, BackgroundImageStore.swift, Color+RGB.swift (in target 'GeoAlarm' from project 'GeoAlarm')

SwiftDriver\ Compilation GeoAlarm normal arm64 com.apple.xcode.tools.swift.compiler (in target 'GeoAlarm' from project 'GeoAlarm')
    cd /Users/runner/work/GeoAlarm-iOS/GeoAlarm-iOS
    builtin-Swift-Compilation -- /Applications/Xcode_26.6.app/Contents/Developer/Toolchains/XcodeDefault.xctoolchain/usr/bin/swiftc -module-name GeoAlarm -Onone @/Users/runner/Library/Developer/Xcode/DerivedData/GeoAlarm-bgjyfjejddafizazceyaykvykrwr/Build/Intermediates.noindex/GeoAlarm.build/Debug-iphonesimulator/GeoAlarm.build/Objects-normal/arm64/GeoAlarm.SwiftFileList -DDEBUG -enable-bare-slash-regex -enable-experimental-feature DebugDescriptionMacro -sdk /Applications/Xcode_26.6.app/Contents/Developer/Platforms/iPhoneSimulator.platform/Developer/SDKs/iPhoneSimulator26.5.sdk -target arm64-apple-ios17.0-simulator -g -module-cache-path /Users/runner/Library/Developer/Xcode/DerivedData/ModuleCache.noindex -Xfrontend -serialize-debugging-options -enable-testing -index-store-path /Users/runner/Library/Developer/Xcode/DerivedData/GeoAlarm-bgjyfjejddafizazceyaykvykrwr/Index.noindex/DataStore -Xcc -D_LIBCPP_HARDENING_MODE\=_LIBCPP_HARDENING_MODE_DEBUG -swift-version 5 -I /Users/runner/Library/Developer/Xcode/DerivedData/GeoAlarm-bgjyfjejddafizazceyaykvykrwr/Build/Products/Debug-iphonesimulator -F /Users/runner/Library/Developer/Xcode/DerivedData/GeoAlarm-bgjyfjejddafizazceyaykvykrwr/Build/Products/Debug-iphonesimulator -c -j3 -enable-batch-mode -incremental -Xcc -ivfsstatcache -Xcc /Users/runner/Library/Developer/Xcode/DerivedData/SDKStatCaches.noindex/iphonesimulator26.5-23F81a-688ef53f1462e2c8f657fdc38a81448ff45c64a1807a658693f2a61704f17a36.sdkstatcache -output-file-map /Users/runner/Library/Developer/Xcode/DerivedData/GeoAlarm-bgjyfjejddafizazceyaykvykrwr/Build/Intermediates.noindex/GeoAlarm.build/Debug-iphonesimulator/GeoAlarm.build/Objects-normal/arm64/GeoAlarm-OutputFileMap.json -use-frontend-parseable-output -save-temps -no-color-diagnostics -explicit-module-build -module-cache-path /Users/runner/Library/Developer/Xcode/DerivedData/GeoAlarm-bgjyfjejddafizazceyaykvykrwr/Build/Intermediates.noindex/SwiftExplicitPrecompiledModules -clang-scanner-module-cache-path /Users/runner/Library/Developer/Xcode/DerivedData/ModuleCache.noindex -sdk-module-cache-path /Users/runner/Library/Developer/Xcode/DerivedData/ModuleCache.noindex -serialize-diagnostics -emit-dependencies -emit-module -emit-module-path /Users/runner/Library/Developer/Xcode/DerivedData/GeoAlarm-bgjyfjejddafizazceyaykvykrwr/Build/Intermediates.noindex/GeoAlarm.build/Debug-iphonesimulator/GeoAlarm.build/Objects-normal/arm64/GeoAlarm.swiftmodule -validate-clang-modules-once -clang-build-session-file /Users/runner/Library/Developer/Xcode/DerivedData/ModuleCache.noindex/Session.modulevalidation -Xcc -I/Users/runner/Library/Developer/Xcode/DerivedData/GeoAlarm-bgjyfjejddafizazceyaykvykrwr/Build/Intermediates.noindex/GeoAlarm.build/Debug-iphonesimulator/GeoAlarm.build/swift-overrides.hmap -emit-const-values -Xfrontend -const-gather-protocols-file -Xfrontend /Users/runner/Library/Developer/Xcode/DerivedData/GeoAlarm-bgjyfjejddafizazceyaykvykrwr/Build/Intermediates.noindex/GeoAlarm.build/Debug-iphonesimulator/GeoAlarm.build/Objects-normal/arm64/GeoAlarm_const_extract_protocols.json -Xcc -iquote -Xcc /Users/runner/Library/Developer/Xcode/DerivedData/GeoAlarm-bgjyfjejddafizazceyaykvykrwr/Build/Intermediates.noindex/GeoAlarm.build/Debug-iphonesimulator/GeoAlarm.build/GeoAlarm-generated-files.hmap -Xcc -I/Users/runner/Library/Developer/Xcode/DerivedData/GeoAlarm-bgjyfjejddafizazceyaykvykrwr/Build/Intermediates.noindex/GeoAlarm.build/Debug-iphonesimulator/GeoAlarm.build/GeoAlarm-own-target-headers.hmap -Xcc -I/Users/runner/Library/Developer/Xcode/DerivedData/GeoAlarm-bgjyfjejddafizazceyaykvykrwr/Build/Intermediates.noindex/GeoAlarm.build/Debug-iphonesimulator/GeoAlarm.build/GeoAlarm-all-target-headers.hmap -Xcc -iquote -Xcc /Users/runner/Library/Developer/Xcode/DerivedData/GeoAlarm-bgjyfjejddafizazceyaykvykrwr/Build/Intermediates.noindex/GeoAlarm.build/Debug-iphonesimulator/GeoAlarm.build/GeoAlarm-project-headers.hmap -Xcc -I/Users/runner/Library/Developer/Xcode/DerivedData/GeoAlarm-bgjyfjejddafizazceyaykvykrwr/Build/Products/Debug-iphonesimulator/include -Xcc -I/Users/runner/Library/Developer/Xcode/DerivedData/GeoAlarm-bgjyfjejddafizazceyaykvykrwr/Build/Intermediates.noindex/GeoAlarm.build/Debug-iphonesimulator/GeoAlarm.build/DerivedSources-normal/arm64 -Xcc -I/Users/runner/Library/Developer/Xcode/DerivedData/GeoAlarm-bgjyfjejddafizazceyaykvykrwr/Build/Intermediates.noindex/GeoAlarm.build/Debug-iphonesimulator/GeoAlarm.build/DerivedSources/arm64 -Xcc -I/Users/runner/Library/Developer/Xcode/DerivedData/GeoAlarm-bgjyfjejddafizazceyaykvykrwr/Build/Intermediates.noindex/GeoAlarm.build/Debug-iphonesimulator/GeoAlarm.build/DerivedSources -Xcc -DDEBUG\=1 -emit-objc-header -emit-objc-header-path /Users/runner/Library/Developer/Xcode/DerivedData/GeoAlarm-bgjyfjejddafizazceyaykvykrwr/Build/Intermediates.noindex/GeoAlarm.build/Debug-iphonesimulator/GeoAlarm.build/Objects-normal/arm64/GeoAlarm-Swift.h -working-directory /Users/runner/work/GeoAlarm-iOS/GeoAlarm-iOS -experimental-emit-module-separately -disable-cmo

Ld /Users/runner/Library/Developer/Xcode/DerivedData/GeoAlarm-bgjyfjejddafizazceyaykvykrwr/Build/Products/Debug-iphonesimulator/GeoAlarm.app/GeoAlarm.debug.dylib normal (in target 'GeoAlarm' from project 'GeoAlarm')
    cd /Users/runner/work/GeoAlarm-iOS/GeoAlarm-iOS
    /Applications/Xcode_26.6.app/Contents/Developer/Toolchains/XcodeDefault.xctoolchain/usr/bin/clang -Xlinker -reproducible -target arm64-apple-ios17.0-simulator -dynamiclib -isysroot /Applications/Xcode_26.6.app/Contents/Developer/Platforms/iPhoneSimulator.platform/Developer/SDKs/iPhoneSimulator26.5.sdk -O0 -L/Users/runner/Library/Developer/Xcode/DerivedData/GeoAlarm-bgjyfjejddafizazceyaykvykrwr/Build/Intermediates.noindex/EagerLinkingTBDs/Debug-iphonesimulator -L/Users/runner/Library/Developer/Xcode/DerivedData/GeoAlarm-bgjyfjejddafizazceyaykvykrwr/Build/Products/Debug-iphonesimulator -F/Users/runner/Library/Developer/Xcode/DerivedData/GeoAlarm-bgjyfjejddafizazceyaykvykrwr/Build/Intermediates.noindex/EagerLinkingTBDs/Debug-iphonesimulator -F/Users/runner/Library/Developer/Xcode/DerivedData/GeoAlarm-bgjyfjejddafizazceyaykvykrwr/Build/Products/Debug-iphonesimulator -filelist /Users/runner/Library/Developer/Xcode/DerivedData/GeoAlarm-bgjyfjejddafizazceyaykvykrwr/Build/Intermediates.noindex/GeoAlarm.build/Debug-iphonesimulator/GeoAlarm.build/Objects-normal/arm64/GeoAlarm.LinkFileList -install_name @rpath/GeoAlarm.debug.dylib -Xlinker -rpath -Xlinker /usr/lib/swift -Xlinker -rpath -Xlinker @executable_path/Frameworks -Xlinker -dead_strip -Xlinker -object_path_lto -Xlinker /Users/runner/Library/Developer/Xcode/DerivedData/GeoAlarm-bgjyfjejddafizazceyaykvykrwr/Build/Intermediates.noindex/GeoAlarm.build/Debug-iphonesimulator/GeoAlarm.build/Objects-normal/arm64/GeoAlarm_lto.o -rdynamic -Xlinker -no_deduplicate -Xlinker -objc_abi_version -Xlinker 2 -Xlinker -dependency_info -Xlinker /Users/runner/Library/Developer/Xcode/DerivedData/GeoAlarm-bgjyfjejddafizazceyaykvykrwr/Build/Intermediates.noindex/GeoAlarm.build/Debug-iphonesimulator/GeoAlarm.build/Objects-normal/arm64/GeoAlarm_dependency_info.dat -fobjc-link-runtime -L/Applications/Xcode_26.6.app/Contents/Developer/Toolchains/XcodeDefault.xctoolchain/usr/lib/swift/iphonesimulator -L/usr/lib/swift -Xlinker -add_ast_path -Xlinker /Users/runner/Library/Developer/Xcode/DerivedData/GeoAlarm-bgjyfjejddafizazceyaykvykrwr/Build/Intermediates.noindex/GeoAlarm.build/Debug-iphonesimulator/GeoAlarm.build/Objects-normal/arm64/GeoAlarm.swiftmodule @/Users/runner/Library/Developer/Xcode/DerivedData/GeoAlarm-bgjyfjejddafizazceyaykvykrwr/Build/Intermediates.noindex/GeoAlarm.build/Debug-iphonesimulator/GeoAlarm.build/Objects-normal/arm64/GeoAlarm-linker-args.resp -Xlinker -alias -Xlinker _main -Xlinker ___debug_main_executable_dylib_entry_point -o /Users/runner/Library/Developer/Xcode/DerivedData/GeoAlarm-bgjyfjejddafizazceyaykvykrwr/Build/Products/Debug-iphonesimulator/GeoAlarm.app/GeoAlarm.debug.dylib

SwiftEmitModule normal arm64 Emitting\ module\ for\ GeoAlarmTests (in target 'GeoAlarmTests' from project 'GeoAlarm')

EmitSwiftModule normal arm64 (in target 'GeoAlarmTests' from project 'GeoAlarm')
    cd /Users/runner/work/GeoAlarm-iOS/GeoAlarm-iOS
    

SwiftCompile normal arm64 Compiling\ SmokeTests.swift /Users/runner/work/GeoAlarm-iOS/GeoAlarm-iOS/GeoAlarmTests/SmokeTests.swift (in target 'GeoAlarmTests' from project 'GeoAlarm')
SwiftCompile normal arm64 /Users/runner/work/GeoAlarm-iOS/GeoAlarm-iOS/GeoAlarmTests/SmokeTests.swift (in target 'GeoAlarmTests' from project 'GeoAlarm')
    cd /Users/runner/work/GeoAlarm-iOS/GeoAlarm-iOS
    

SwiftCompile normal arm64 Compiling\ DataTests.swift /Users/runner/work/GeoAlarm-iOS/GeoAlarm-iOS/GeoAlarmTests/DataTests.swift (in target 'GeoAlarmTests' from project 'GeoAlarm')
SwiftCompile normal arm64 /Users/runner/work/GeoAlarm-iOS/GeoAlarm-iOS/GeoAlarmTests/DataTests.swift (in target 'GeoAlarmTests' from project 'GeoAlarm')
    cd /Users/runner/work/GeoAlarm-iOS/GeoAlarm-iOS
    

SwiftDriverJobDiscovery normal arm64 Emitting module for GeoAlarmTests (in target 'GeoAlarmTests' from project 'GeoAlarm')

SwiftDriver\ Compilation\ Requirements GeoAlarmTests normal arm64 com.apple.xcode.tools.swift.compiler (in target 'GeoAlarmTests' from project 'GeoAlarm')
    cd /Users/runner/work/GeoAlarm-iOS/GeoAlarm-iOS
    builtin-Swift-Compilation-Requirements -- /Applications/Xcode_26.6.app/Contents/Developer/Toolchains/XcodeDefault.xctoolchain/usr/bin/swiftc -module-name GeoAlarmTests -Onone @/Users/runner/Library/Developer/Xcode/DerivedData/GeoAlarm-bgjyfjejddafizazceyaykvykrwr/Build/Intermediates.noindex/GeoAlarm.build/Debug-iphonesimulator/GeoAlarmTests.build/Objects-normal/arm64/GeoAlarmTests.SwiftFileList -DDEBUG -plugin-path /Applications/Xcode_26.6.app/Contents/Developer/Toolchains/XcodeDefault.xctoolchain/usr/lib/swift/host/plugins/testing -enable-bare-slash-regex -enable-experimental-feature DebugDescriptionMacro -sdk /Applications/Xcode_26.6.app/Contents/Developer/Platforms/iPhoneSimulator.platform/Developer/SDKs/iPhoneSimulator26.5.sdk -target arm64-apple-ios17.0-simulator -g -module-cache-path /Users/runner/Library/Developer/Xcode/DerivedData/ModuleCache.noindex -Xfrontend -serialize-debugging-options -enable-testing -index-store-path /Users/runner/Library/Developer/Xcode/DerivedData/GeoAlarm-bgjyfjejddafizazceyaykvykrwr/Index.noindex/DataStore -Xcc -D_LIBCPP_HARDENING_MODE\=_LIBCPP_HARDENING_MODE_DEBUG -swift-version 5 -I /Users/runner/Library/Developer/Xcode/DerivedData/GeoAlarm-bgjyfjejddafizazceyaykvykrwr/Build/Products/Debug-iphonesimulator -Isystem /Applications/Xcode_26.6.app/Contents/Developer/Platforms/iPhoneSimulator.platform/Developer/usr/lib -F /Users/runner/Library/Developer/Xcode/DerivedData/GeoAlarm-bgjyfjejddafizazceyaykvykrwr/Build/Products/Debug-iphonesimulator -F /Applications/Xcode_26.6.app/Contents/Developer/Platforms/iPhoneSimulator.platform/Developer/Library/Frameworks -F /Applications/Xcode_26.6.app/Contents/Developer/Platforms/iPhoneSimulator.platform/Developer/SDKs/iPhoneSimulator26.5.sdk/Developer/Library/Frameworks -c -j3 -enable-batch-mode -incremental -Xcc -ivfsstatcache -Xcc /Users/runner/Library/Developer/Xcode/DerivedData/SDKStatCaches.noindex/iphonesimulator26.5-23F81a-688ef53f1462e2c8f657fdc38a81448ff45c64a1807a658693f2a61704f17a36.sdkstatcache -output-file-map /Users/runner/Library/Developer/Xcode/DerivedData/GeoAlarm-bgjyfjejddafizazceyaykvykrwr/Build/Intermediates.noindex/GeoAlarm.build/Debug-iphonesimulator/GeoAlarmTests.build/Objects-normal/arm64/GeoAlarmTests-OutputFileMap.json -use-frontend-parseable-output -save-temps -no-color-diagnostics -explicit-module-build -module-cache-path /Users/runner/Library/Developer/Xcode/DerivedData/GeoAlarm-bgjyfjejddafizazceyaykvykrwr/Build/Intermediates.noindex/SwiftExplicitPrecompiledModules -clang-scanner-module-cache-path /Users/runner/Library/Developer/Xcode/DerivedData/ModuleCache.noindex -sdk-module-cache-path /Users/runner/Library/Developer/Xcode/DerivedData/ModuleCache.noindex -serialize-diagnostics -emit-dependencies -emit-module -emit-module-path /Users/runner/Library/Developer/Xcode/DerivedData/GeoAlarm-bgjyfjejddafizazceyaykvykrwr/Build/Intermediates.noindex/GeoAlarm.build/Debug-iphonesimulator/GeoAlarmTests.build/Objects-normal/arm64/GeoAlarmTests.swiftmodule -validate-clang-modules-once -clang-build-session-file /Users/runner/Library/Developer/Xcode/DerivedData/ModuleCache.noindex/Session.modulevalidation -Xcc -I/Users/runner/Library/Developer/Xcode/DerivedData/GeoAlarm-bgjyfjejddafizazceyaykvykrwr/Build/Intermediates.noindex/GeoAlarm.build/Debug-iphonesimulator/GeoAlarmTests.build/swift-overrides.hmap -emit-const-values -Xfrontend -const-gather-protocols-file -Xfrontend /Users/runner/Library/Developer/Xcode/DerivedData/GeoAlarm-bgjyfjejddafizazceyaykvykrwr/Build/Intermediates.noindex/GeoAlarm.build/Debug-iphonesimulator/GeoAlarmTests.build/Objects-normal/arm64/GeoAlarmTests_const_extract_protocols.json -Xcc -iquote -Xcc /Users/runner/Library/Developer/Xcode/DerivedData/GeoAlarm-bgjyfjejddafizazceyaykvykrwr/Build/Intermediates.noindex/GeoAlarm.build/Debug-iphonesimulator/GeoAlarmTests.build/GeoAlarmTests-generated-files.hmap -Xcc -I/Users/runner/Library/Developer/Xcode/DerivedData/GeoAlarm-bgjyfjejddafizazceyaykvykrwr/Build/Intermediates.noindex/GeoAlarm.build/Debug-iphonesimulator/GeoAlarmTests.build/GeoAlarmTests-own-target-headers.hmap -Xcc -I/Users/runner/Library/Developer/Xcode/DerivedData/GeoAlarm-bgjyfjejddafizazceyaykvykrwr/Build/Intermediates.noindex/GeoAlarm.build/Debug-iphonesimulator/GeoAlarmTests.build/GeoAlarmTests-all-target-headers.hmap -Xcc -iquote -Xcc /Users/runner/Library/Developer/Xcode/DerivedData/GeoAlarm-bgjyfjejddafizazceyaykvykrwr/Build/Intermediates.noindex/GeoAlarm.build/Debug-iphonesimulator/GeoAlarmTests.build/GeoAlarmTests-project-headers.hmap -Xcc -I/Users/runner/Library/Developer/Xcode/DerivedData/GeoAlarm-bgjyfjejddafizazceyaykvykrwr/Build/Products/Debug-iphonesimulator/include -Xcc -I/Users/runner/Library/Developer/Xcode/DerivedData/GeoAlarm-bgjyfjejddafizazceyaykvykrwr/Build/Intermediates.noindex/GeoAlarm.build/Debug-iphonesimulator/GeoAlarmTests.build/DerivedSources-normal/arm64 -Xcc -I/Users/runner/Library/Developer/Xcode/DerivedData/GeoAlarm-bgjyfjejddafizazceyaykvykrwr/Build/Intermediates.noindex/GeoAlarm.build/Debug-iphonesimulator/GeoAlarmTests.build/DerivedSources/arm64 -Xcc -I/Users/runner/Library/Developer/Xcode/DerivedData/GeoAlarm-bgjyfjejddafizazceyaykvykrwr/Build/Intermediates.noindex/GeoAlarm.build/Debug-iphonesimulator/GeoAlarmTests.build/DerivedSources -Xcc -DDEBUG\=1 -emit-objc-header -emit-objc-header-path /Users/runner/Library/Developer/Xcode/DerivedData/GeoAlarm-bgjyfjejddafizazceyaykvykrwr/Build/Intermediates.noindex/GeoAlarm.build/Debug-iphonesimulator/GeoAlarmTests.build/Objects-normal/arm64/GeoAlarmTests-Swift.h -working-directory /Users/runner/work/GeoAlarm-iOS/GeoAlarm-iOS -experimental-emit-module-separately -disable-cmo

ConstructStubExecutorLinkFileList /Users/runner/Library/Developer/Xcode/DerivedData/GeoAlarm-bgjyfjejddafizazceyaykvykrwr/Build/Intermediates.noindex/GeoAlarm.build/Debug-iphonesimulator/GeoAlarm.build/GeoAlarm-ExecutorLinkFileList-normal-arm64.txt (in target 'GeoAlarm' from project 'GeoAlarm')
    cd /Users/runner/work/GeoAlarm-iOS/GeoAlarm-iOS
    construct-stub-executor-link-file-list /Users/runner/Library/Developer/Xcode/DerivedData/GeoAlarm-bgjyfjejddafizazceyaykvykrwr/Build/Products/Debug-iphonesimulator/GeoAlarm.app/GeoAlarm.debug.dylib /Applications/Xcode_26.6.app/Contents/Developer/Platforms/iPhoneSimulator.platform/Developer/usr/lib/libPreviewsJITStubExecutor_no_swift_entry_point.a /Applications/Xcode_26.6.app/Contents/Developer/Platforms/iPhoneSimulator.platform/Developer/usr/lib/libPreviewsJITStubExecutor.a --output /Users/runner/Library/Developer/Xcode/DerivedData/GeoAlarm-bgjyfjejddafizazceyaykvykrwr/Build/Intermediates.noindex/GeoAlarm.build/Debug-iphonesimulator/GeoAlarm.build/GeoAlarm-ExecutorLinkFileList-normal-arm64.txt
note: Using stub executor library with Swift entry point. (in target 'GeoAlarm' from project 'GeoAlarm')

SwiftMergeGeneratedHeaders /Users/runner/Library/Developer/Xcode/DerivedData/GeoAlarm-bgjyfjejddafizazceyaykvykrwr/Build/Intermediates.noindex/GeoAlarm.build/Debug-iphonesimulator/GeoAlarmTests.build/DerivedSources/GeoAlarmTests-Swift.h /Users/runner/Library/Developer/Xcode/DerivedData/GeoAlarm-bgjyfjejddafizazceyaykvykrwr/Build/Intermediates.noindex/GeoAlarm.build/Debug-iphonesimulator/GeoAlarmTests.build/Objects-normal/arm64/GeoAlarmTests-Swift.h (in target 'GeoAlarmTests' from project 'GeoAlarm')
    cd /Users/runner/work/GeoAlarm-iOS/GeoAlarm-iOS
    builtin-swiftHeaderTool -arch arm64 /Users/runner/Library/Developer/Xcode/DerivedData/GeoAlarm-bgjyfjejddafizazceyaykvykrwr/Build/Intermediates.noindex/GeoAlarm.build/Debug-iphonesimulator/GeoAlarmTests.build/Objects-normal/arm64/GeoAlarmTests-Swift.h -o /Users/runner/Library/Developer/Xcode/DerivedData/GeoAlarm-bgjyfjejddafizazceyaykvykrwr/Build/Intermediates.noindex/GeoAlarm.build/Debug-iphonesimulator/GeoAlarmTests.build/DerivedSources/GeoAlarmTests-Swift.h

Copy /Users/runner/Library/Developer/Xcode/DerivedData/GeoAlarm-bgjyfjejddafizazceyaykvykrwr/Build/Products/Debug-iphonesimulator/GeoAlarmTests.swiftmodule/arm64-apple-ios-simulator.swiftmodule /Users/runner/Library/Developer/Xcode/DerivedData/GeoAlarm-bgjyfjejddafizazceyaykvykrwr/Build/Intermediates.noindex/GeoAlarm.build/Debug-iphonesimulator/GeoAlarmTests.build/Objects-normal/arm64/GeoAlarmTests.swiftmodule (in target 'GeoAlarmTests' from project 'GeoAlarm')
    cd /Users/runner/work/GeoAlarm-iOS/GeoAlarm-iOS
    builtin-copy -exclude .DS_Store -exclude CVS -exclude .svn -exclude .git -exclude .hg -resolve-src-symlinks -rename /Users/runner/Library/Developer/Xcode/DerivedData/GeoAlarm-bgjyfjejddafizazceyaykvykrwr/Build/Intermediates.noindex/GeoAlarm.build/Debug-iphonesimulator/GeoAlarmTests.build/Objects-normal/arm64/GeoAlarmTests.swiftmodule /Users/runner/Library/Developer/Xcode/DerivedData/GeoAlarm-bgjyfjejddafizazceyaykvykrwr/Build/Products/Debug-iphonesimulator/GeoAlarmTests.swiftmodule/arm64-apple-ios-simulator.swiftmodule

Copy /Users/runner/Library/Developer/Xcode/DerivedData/GeoAlarm-bgjyfjejddafizazceyaykvykrwr/Build/Products/Debug-iphonesimulator/GeoAlarmTests.swiftmodule/arm64-apple-ios-simulator.swiftdoc /Users/runner/Library/Developer/Xcode/DerivedData/GeoAlarm-bgjyfjejddafizazceyaykvykrwr/Build/Intermediates.noindex/GeoAlarm.build/Debug-iphonesimulator/GeoAlarmTests.build/Objects-normal/arm64/GeoAlarmTests.swiftdoc (in target 'GeoAlarmTests' from project 'GeoAlarm')
    cd /Users/runner/work/GeoAlarm-iOS/GeoAlarm-iOS
    builtin-copy -exclude .DS_Store -exclude CVS -exclude .svn -exclude .git -exclude .hg -resolve-src-symlinks -rename /Users/runner/Library/Developer/Xcode/DerivedData/GeoAlarm-bgjyfjejddafizazceyaykvykrwr/Build/Intermediates.noindex/GeoAlarm.build/Debug-iphonesimulator/GeoAlarmTests.build/Objects-normal/arm64/GeoAlarmTests.swiftdoc /Users/runner/Library/Developer/Xcode/DerivedData/GeoAlarm-bgjyfjejddafizazceyaykvykrwr/Build/Products/Debug-iphonesimulator/GeoAlarmTests.swiftmodule/arm64-apple-ios-simulator.swiftdoc

Copy /Users/runner/Library/Developer/Xcode/DerivedData/GeoAlarm-bgjyfjejddafizazceyaykvykrwr/Build/Products/Debug-iphonesimulator/GeoAlarmTests.swiftmodule/arm64-apple-ios-simulator.abi.json /Users/runner/Library/Developer/Xcode/DerivedData/GeoAlarm-bgjyfjejddafizazceyaykvykrwr/Build/Intermediates.noindex/GeoAlarm.build/Debug-iphonesimulator/GeoAlarmTests.build/Objects-normal/arm64/GeoAlarmTests.abi.json (in target 'GeoAlarmTests' from project 'GeoAlarm')
    cd /Users/runner/work/GeoAlarm-iOS/GeoAlarm-iOS
    builtin-copy -exclude .DS_Store -exclude CVS -exclude .svn -exclude .git -exclude .hg -resolve-src-symlinks -rename /Users/runner/Library/Developer/Xcode/DerivedData/GeoAlarm-bgjyfjejddafizazceyaykvykrwr/Build/Intermediates.noindex/GeoAlarm.build/Debug-iphonesimulator/GeoAlarmTests.build/Objects-normal/arm64/GeoAlarmTests.abi.json /Users/runner/Library/Developer/Xcode/DerivedData/GeoAlarm-bgjyfjejddafizazceyaykvykrwr/Build/Products/Debug-iphonesimulator/GeoAlarmTests.swiftmodule/arm64-apple-ios-simulator.abi.json

Copy /Users/runner/Library/Developer/Xcode/DerivedData/GeoAlarm-bgjyfjejddafizazceyaykvykrwr/Build/Products/Debug-iphonesimulator/GeoAlarmTests.swiftmodule/Project/arm64-apple-ios-simulator.swiftsourceinfo /Users/runner/Library/Developer/Xcode/DerivedData/GeoAlarm-bgjyfjejddafizazceyaykvykrwr/Build/Intermediates.noindex/GeoAlarm.build/Debug-iphonesimulator/GeoAlarmTests.build/Objects-normal/arm64/GeoAlarmTests.swiftsourceinfo (in target 'GeoAlarmTests' from project 'GeoAlarm')
    cd /Users/runner/work/GeoAlarm-iOS/GeoAlarm-iOS
    builtin-copy -exclude .DS_Store -exclude CVS -exclude .svn -exclude .git -exclude .hg -resolve-src-symlinks -rename /Users/runner/Library/Developer/Xcode/DerivedData/GeoAlarm-bgjyfjejddafizazceyaykvykrwr/Build/Intermediates.noindex/GeoAlarm.build/Debug-iphonesimulator/GeoAlarmTests.build/Objects-normal/arm64/GeoAlarmTests.swiftsourceinfo /Users/runner/Library/Developer/Xcode/DerivedData/GeoAlarm-bgjyfjejddafizazceyaykvykrwr/Build/Products/Debug-iphonesimulator/GeoAlarmTests.swiftmodule/Project/arm64-apple-ios-simulator.swiftsourceinfo

Ld /Users/runner/Library/Developer/Xcode/DerivedData/GeoAlarm-bgjyfjejddafizazceyaykvykrwr/Build/Products/Debug-iphonesimulator/GeoAlarm.app/GeoAlarm normal (in target 'GeoAlarm' from project 'GeoAlarm')
    cd /Users/runner/work/GeoAlarm-iOS/GeoAlarm-iOS
    /Applications/Xcode_26.6.app/Contents/Developer/Toolchains/XcodeDefault.xctoolchain/usr/bin/clang -Xlinker -reproducible -target arm64-apple-ios17.0-simulator -isysroot /Applications/Xcode_26.6.app/Contents/Developer/Platforms/iPhoneSimulator.platform/Developer/SDKs/iPhoneSimulator26.5.sdk -O0 -L/Users/runner/Library/Developer/Xcode/DerivedData/GeoAlarm-bgjyfjejddafizazceyaykvykrwr/Build/Products/Debug-iphonesimulator -F/Users/runner/Library/Developer/Xcode/DerivedData/GeoAlarm-bgjyfjejddafizazceyaykvykrwr/Build/Products/Debug-iphonesimulator -Xlinker -rpath -Xlinker @executable_path -Xlinker -rpath -Xlinker @executable_path/Frameworks -rdynamic -Xlinker -no_deduplicate -Xlinker -objc_abi_version -Xlinker 2 -e ___debug_blank_executor_main -Xlinker -sectcreate -Xlinker __TEXT -Xlinker __debug_dylib -Xlinker /Users/runner/Library/Developer/Xcode/DerivedData/GeoAlarm-bgjyfjejddafizazceyaykvykrwr/Build/Intermediates.noindex/GeoAlarm.build/Debug-iphonesimulator/GeoAlarm.build/GeoAlarm-DebugDylibPath-normal-arm64.txt -Xlinker -sectcreate -Xlinker __TEXT -Xlinker __debug_instlnm -Xlinker /Users/runner/Library/Developer/Xcode/DerivedData/GeoAlarm-bgjyfjejddafizazceyaykvykrwr/Build/Intermediates.noindex/GeoAlarm.build/Debug-iphonesimulator/GeoAlarm.build/GeoAlarm-DebugDylibInstallName-normal-arm64.txt -Xlinker -filelist -Xlinker /Users/runner/Library/Developer/Xcode/DerivedData/GeoAlarm-bgjyfjejddafizazceyaykvykrwr/Build/Intermediates.noindex/GeoAlarm.build/Debug-iphonesimulator/GeoAlarm.build/GeoAlarm-ExecutorLinkFileList-normal-arm64.txt /Users/runner/Library/Developer/Xcode/DerivedData/GeoAlarm-bgjyfjejddafizazceyaykvykrwr/Build/Products/Debug-iphonesimulator/GeoAlarm.app/GeoAlarm.debug.dylib -o /Users/runner/Library/Developer/Xcode/DerivedData/GeoAlarm-bgjyfjejddafizazceyaykvykrwr/Build/Products/Debug-iphonesimulator/GeoAlarm.app/GeoAlarm

SwiftCompile normal arm64 Compiling\ DomainTests.swift /Users/runner/work/GeoAlarm-iOS/GeoAlarm-iOS/GeoAlarmTests/DomainTests.swift (in target 'GeoAlarmTests' from project 'GeoAlarm')
SwiftCompile normal arm64 /Users/runner/work/GeoAlarm-iOS/GeoAlarm-iOS/GeoAlarmTests/DomainTests.swift (in target 'GeoAlarmTests' from project 'GeoAlarm')
    cd /Users/runner/work/GeoAlarm-iOS/GeoAlarm-iOS
    

SwiftDriverJobDiscovery normal arm64 Compiling SmokeTests.swift (in target 'GeoAlarmTests' from project 'GeoAlarm')

ExtractAppIntentsMetadata (in target 'GeoAlarm' from project 'GeoAlarm')
    cd /Users/runner/work/GeoAlarm-iOS/GeoAlarm-iOS
    /Applications/Xcode_26.6.app/Contents/Developer/Toolchains/XcodeDefault.xctoolchain/usr/bin/appintentsmetadataprocessor --toolchain-dir /var/run/com.apple.security.cryptexd/mnt/com.apple.MobileAsset.MetalToolchain-v17.6.109.0.rpSM0C/Metal.xctoolchain --module-name GeoAlarm --sdk-root /Applications/Xcode_26.6.app/Contents/Developer/Platforms/iPhoneSimulator.platform/Developer/SDKs/iPhoneSimulator26.5.sdk --xcode-version 17F113 --platform-family iOS --deployment-target 17.0 --bundle-identifier com.pietrogalastri.geoalarm --output /Users/runner/Library/Developer/Xcode/DerivedData/GeoAlarm-bgjyfjejddafizazceyaykvykrwr/Build/Products/Debug-iphonesimulator/GeoAlarm.app --target-triple arm64-apple-ios17.0-simulator --binary-file /Users/runner/Library/Developer/Xcode/DerivedData/GeoAlarm-bgjyfjejddafizazceyaykvykrwr/Build/Products/Debug-iphonesimulator/GeoAlarm.app/GeoAlarm --dependency-file /Users/runner/Library/Developer/Xcode/DerivedData/GeoAlarm-bgjyfjejddafizazceyaykvykrwr/Build/Intermediates.noindex/GeoAlarm.build/Debug-iphonesimulator/GeoAlarm.build/Objects-normal/arm64/GeoAlarm_dependency_info.dat --stringsdata-file /Users/runner/Library/Developer/Xcode/DerivedData/GeoAlarm-bgjyfjejddafizazceyaykvykrwr/Build/Intermediates.noindex/GeoAlarm.build/Debug-iphonesimulator/GeoAlarm.build/Objects-normal/arm64/ExtractedAppShortcutsMetadata.stringsdata --source-file-list /Users/runner/Library/Developer/Xcode/DerivedData/GeoAlarm-bgjyfjejddafizazceyaykvykrwr/Build/Intermediates.noindex/GeoAlarm.build/Debug-iphonesimulator/GeoAlarm.build/Objects-normal/arm64/GeoAlarm.SwiftFileList --metadata-file-list /Users/runner/Library/Developer/Xcode/DerivedData/GeoAlarm-bgjyfjejddafizazceyaykvykrwr/Build/Intermediates.noindex/GeoAlarm.build/Debug-iphonesimulator/GeoAlarm.build/GeoAlarm.DependencyMetadataFileList --static-metadata-file-list /Users/runner/Library/Developer/Xcode/DerivedData/GeoAlarm-bgjyfjejddafizazceyaykvykrwr/Build/Intermediates.noindex/GeoAlarm.build/Debug-iphonesimulator/GeoAlarm.build/GeoAlarm.DependencyStaticMetadataFileList --swift-const-vals-list /Users/runner/Library/Developer/Xcode/DerivedData/GeoAlarm-bgjyfjejddafizazceyaykvykrwr/Build/Intermediates.noindex/GeoAlarm.build/Debug-iphonesimulator/GeoAlarm.build/Objects-normal/arm64/GeoAlarm.SwiftConstValuesFileList --compile-time-extraction --deployment-aware-processing --validate-assistant-intents --no-app-shortcuts-localization
2026-10-05 11:48:45.482 appintentsmetadataprocessor[5071:18808] Starting appintentsmetadataprocessor export
2026-10-05 11:48:45.556 appintentsmetadataprocessor[5071:18808] Writing Metadata.appintents
2026-10-05 11:48:45.556 appintentsmetadataprocessor[5071:18808] Metadata root: /Users/runner/Library/Developer/Xcode/DerivedData/GeoAlarm-bgjyfjejddafizazceyaykvykrwr/Build/Products/Debug-iphonesimulator/GeoAlarm.app/Metadata.appintents

CopySwiftLibs /Users/runner/Library/Developer/Xcode/DerivedData/GeoAlarm-bgjyfjejddafizazceyaykvykrwr/Build/Products/Debug-iphonesimulator/GeoAlarm.app (in target 'GeoAlarm' from project 'GeoAlarm')
    cd /Users/runner/work/GeoAlarm-iOS/GeoAlarm-iOS
    builtin-swiftStdLibTool --copy --verbose --scan-executable /Users/runner/Library/Developer/Xcode/DerivedData/GeoAlarm-bgjyfjejddafizazceyaykvykrwr/Build/Products/Debug-iphonesimulator/GeoAlarm.app/GeoAlarm.debug.dylib --scan-folder /Users/runner/Library/Developer/Xcode/DerivedData/GeoAlarm-bgjyfjejddafizazceyaykvykrwr/Build/Products/Debug-iphonesimulator/GeoAlarm.app/Frameworks --scan-folder /Users/runner/Library/Developer/Xcode/DerivedData/GeoAlarm-bgjyfjejddafizazceyaykvykrwr/Build/Products/Debug-iphonesimulator/GeoAlarm.app/PlugIns --scan-folder /Users/runner/Library/Developer/Xcode/DerivedData/GeoAlarm-bgjyfjejddafizazceyaykvykrwr/Build/Products/Debug-iphonesimulator/GeoAlarm.app/SystemExtensions --scan-folder /Users/runner/Library/Developer/Xcode/DerivedData/GeoAlarm-bgjyfjejddafizazceyaykvykrwr/Build/Products/Debug-iphonesimulator/GeoAlarm.app/Extensions --platform iphonesimulator --toolchain /var/run/com.apple.security.cryptexd/mnt/com.apple.MobileAsset.MetalToolchain-v17.6.109.0.rpSM0C/Metal.xctoolchain --toolchain /Applications/Xcode_26.6.app/Contents/Developer/Toolchains/XcodeDefault.xctoolchain --destination /Users/runner/Library/Developer/Xcode/DerivedData/GeoAlarm-bgjyfjejddafizazceyaykvykrwr/Build/Products/Debug-iphonesimulator/GeoAlarm.app/Frameworks --strip-bitcode --strip-bitcode-tool /Applications/Xcode_26.6.app/Contents/Developer/Toolchains/XcodeDefault.xctoolchain/usr/bin/bitcode_strip --emit-dependency-info /Users/runner/Library/Developer/Xcode/DerivedData/GeoAlarm-bgjyfjejddafizazceyaykvykrwr/Build/Intermediates.noindex/GeoAlarm.build/Debug-iphonesimulator/GeoAlarm.build/SwiftStdLibToolInputDependencies.dep --filter-for-swift-os
Ignoring --strip-bitcode because --sign was not passed

SwiftDriverJobDiscovery normal arm64 Compiling DataTests.swift (in target 'GeoAlarmTests' from project 'GeoAlarm')

AppIntentsSSUTraining (in target 'GeoAlarm' from project 'GeoAlarm')
    cd /Users/runner/work/GeoAlarm-iOS/GeoAlarm-iOS
    /Applications/Xcode_26.6.app/Contents/Developer/Toolchains/XcodeDefault.xctoolchain/usr/bin/appintentsnltrainingprocessor --infoplist-path /Users/runner/Library/Developer/Xcode/DerivedData/GeoAlarm-bgjyfjejddafizazceyaykvykrwr/Build/Products/Debug-iphonesimulator/GeoAlarm.app/Info.plist --temp-dir-path /Users/runner/Library/Developer/Xcode/DerivedData/GeoAlarm-bgjyfjejddafizazceyaykvykrwr/Build/Intermediates.noindex/GeoAlarm.build/Debug-iphonesimulator/GeoAlarm.build/ssu --bundle-id com.pietrogalastri.geoalarm --product-path /Users/runner/Library/Developer/Xcode/DerivedData/GeoAlarm-bgjyfjejddafizazceyaykvykrwr/Build/Products/Debug-iphonesimulator/GeoAlarm.app --extracted-metadata-path /Users/runner/Library/Developer/Xcode/DerivedData/GeoAlarm-bgjyfjejddafizazceyaykvykrwr/Build/Products/Debug-iphonesimulator/GeoAlarm.app/Metadata.appintents --metadata-file-list /Users/runner/Library/Developer/Xcode/DerivedData/GeoAlarm-bgjyfjejddafizazceyaykvykrwr/Build/Intermediates.noindex/GeoAlarm.build/Debug-iphonesimulator/GeoAlarm.build/GeoAlarm.DependencyMetadataFileList --source-file /Users/runner/Library/Developer/Xcode/DerivedData/GeoAlarm-bgjyfjejddafizazceyaykvykrwr/Build/Products/Debug-iphonesimulator/GeoAlarm.app/Info.plist --archive-ssu-assets
2026-10-05 11:48:45.615 appintentsnltrainingprocessor[5072:18814] Parsing options for appintentsnltrainingprocessor
2026-10-05 11:48:45.618 appintentsnltrainingprocessor[5072:18814] Starting AppIntents SSU YAML Generation
2026-10-05 11:48:45.643 appintentsnltrainingprocessor[5072:18814] No AppShortcuts found - Skipping.

ProcessInfoPlistFile /Users/runner/Library/Developer/Xcode/DerivedData/GeoAlarm-bgjyfjejddafizazceyaykvykrwr/Build/Products/Debug-iphonesimulator/GeoAlarm.app/PlugIns/GeoAlarmTests.xctest/Info.plist /Users/runner/Library/Developer/Xcode/DerivedData/GeoAlarm-bgjyfjejddafizazceyaykvykrwr/Build/Intermediates.noindex/GeoAlarm.build/Debug-iphonesimulator/GeoAlarmTests.build/empty-GeoAlarmTests.plist (in target 'GeoAlarmTests' from project 'GeoAlarm')
    cd /Users/runner/work/GeoAlarm-iOS/GeoAlarm-iOS
    builtin-infoPlistUtility /Users/runner/Library/Developer/Xcode/DerivedData/GeoAlarm-bgjyfjejddafizazceyaykvykrwr/Build/Intermediates.noindex/GeoAlarm.build/Debug-iphonesimulator/GeoAlarmTests.build/empty-GeoAlarmTests.plist -producttype com.apple.product-type.bundle.unit-test -expandbuildsettings -format binary -platform iphonesimulator -o /Users/runner/Library/Developer/Xcode/DerivedData/GeoAlarm-bgjyfjejddafizazceyaykvykrwr/Build/Products/Debug-iphonesimulator/GeoAlarm.app/PlugIns/GeoAlarmTests.xctest/Info.plist

SwiftDriverJobDiscovery normal arm64 Compiling DomainTests.swift (in target 'GeoAlarmTests' from project 'GeoAlarm')

SwiftDriver\ Compilation GeoAlarmTests normal arm64 com.apple.xcode.tools.swift.compiler (in target 'GeoAlarmTests' from project 'GeoAlarm')
    cd /Users/runner/work/GeoAlarm-iOS/GeoAlarm-iOS
    builtin-Swift-Compilation -- /Applications/Xcode_26.6.app/Contents/Developer/Toolchains/XcodeDefault.xctoolchain/usr/bin/swiftc -module-name GeoAlarmTests -Onone @/Users/runner/Library/Developer/Xcode/DerivedData/GeoAlarm-bgjyfjejddafizazceyaykvykrwr/Build/Intermediates.noindex/GeoAlarm.build/Debug-iphonesimulator/GeoAlarmTests.build/Objects-normal/arm64/GeoAlarmTests.SwiftFileList -DDEBUG -plugin-path /Applications/Xcode_26.6.app/Contents/Developer/Toolchains/XcodeDefault.xctoolchain/usr/lib/swift/host/plugins/testing -enable-bare-slash-regex -enable-experimental-feature DebugDescriptionMacro -sdk /Applications/Xcode_26.6.app/Contents/Developer/Platforms/iPhoneSimulator.platform/Developer/SDKs/iPhoneSimulator26.5.sdk -target arm64-apple-ios17.0-simulator -g -module-cache-path /Users/runner/Library/Developer/Xcode/DerivedData/ModuleCache.noindex -Xfrontend -serialize-debugging-options -enable-testing -index-store-path /Users/runner/Library/Developer/Xcode/DerivedData/GeoAlarm-bgjyfjejddafizazceyaykvykrwr/Index.noindex/DataStore -Xcc -D_LIBCPP_HARDENING_MODE\=_LIBCPP_HARDENING_MODE_DEBUG -swift-version 5 -I /Users/runner/Library/Developer/Xcode/DerivedData/GeoAlarm-bgjyfjejddafizazceyaykvykrwr/Build/Products/Debug-iphonesimulator -Isystem /Applications/Xcode_26.6.app/Contents/Developer/Platforms/iPhoneSimulator.platform/Developer/usr/lib -F /Users/runner/Library/Developer/Xcode/DerivedData/GeoAlarm-bgjyfjejddafizazceyaykvykrwr/Build/Products/Debug-iphonesimulator -F /Applications/Xcode_26.6.app/Contents/Developer/Platforms/iPhoneSimulator.platform/Developer/Library/Frameworks -F /Applications/Xcode_26.6.app/Contents/Developer/Platforms/iPhoneSimulator.platform/Developer/SDKs/iPhoneSimulator26.5.sdk/Developer/Library/Frameworks -c -j3 -enable-batch-mode -incremental -Xcc -ivfsstatcache -Xcc /Users/runner/Library/Developer/Xcode/DerivedData/SDKStatCaches.noindex/iphonesimulator26.5-23F81a-688ef53f1462e2c8f657fdc38a81448ff45c64a1807a658693f2a61704f17a36.sdkstatcache -output-file-map /Users/runner/Library/Developer/Xcode/DerivedData/GeoAlarm-bgjyfjejddafizazceyaykvykrwr/Build/Intermediates.noindex/GeoAlarm.build/Debug-iphonesimulator/GeoAlarmTests.build/Objects-normal/arm64/GeoAlarmTests-OutputFileMap.json -use-frontend-parseable-output -save-temps -no-color-diagnostics -explicit-module-build -module-cache-path /Users/runner/Library/Developer/Xcode/DerivedData/GeoAlarm-bgjyfjejddafizazceyaykvykrwr/Build/Intermediates.noindex/SwiftExplicitPrecompiledModules -clang-scanner-module-cache-path /Users/runner/Library/Developer/Xcode/DerivedData/ModuleCache.noindex -sdk-module-cache-path /Users/runner/Library/Developer/Xcode/DerivedData/ModuleCache.noindex -serialize-diagnostics -emit-dependencies -emit-module -emit-module-path /Users/runner/Library/Developer/Xcode/DerivedData/GeoAlarm-bgjyfjejddafizazceyaykvykrwr/Build/Intermediates.noindex/GeoAlarm.build/Debug-iphonesimulator/GeoAlarmTests.build/Objects-normal/arm64/GeoAlarmTests.swiftmodule -validate-clang-modules-once -clang-build-session-file /Users/runner/Library/Developer/Xcode/DerivedData/ModuleCache.noindex/Session.modulevalidation -Xcc -I/Users/runner/Library/Developer/Xcode/DerivedData/GeoAlarm-bgjyfjejddafizazceyaykvykrwr/Build/Intermediates.noindex/GeoAlarm.build/Debug-iphonesimulator/GeoAlarmTests.build/swift-overrides.hmap -emit-const-values -Xfrontend -const-gather-protocols-file -Xfrontend /Users/runner/Library/Developer/Xcode/DerivedData/GeoAlarm-bgjyfjejddafizazceyaykvykrwr/Build/Intermediates.noindex/GeoAlarm.build/Debug-iphonesimulator/GeoAlarmTests.build/Objects-normal/arm64/GeoAlarmTests_const_extract_protocols.json -Xcc -iquote -Xcc /Users/runner/Library/Developer/Xcode/DerivedData/GeoAlarm-bgjyfjejddafizazceyaykvykrwr/Build/Intermediates.noindex/GeoAlarm.build/Debug-iphonesimulator/GeoAlarmTests.build/GeoAlarmTests-generated-files.hmap -Xcc -I/Users/runner/Library/Developer/Xcode/DerivedData/GeoAlarm-bgjyfjejddafizazceyaykvykrwr/Build/Intermediates.noindex/GeoAlarm.build/Debug-iphonesimulator/GeoAlarmTests.build/GeoAlarmTests-own-target-headers.hmap -Xcc -I/Users/runner/Library/Developer/Xcode/DerivedData/GeoAlarm-bgjyfjejddafizazceyaykvykrwr/Build/Intermediates.noindex/GeoAlarm.build/Debug-iphonesimulator/GeoAlarmTests.build/GeoAlarmTests-all-target-headers.hmap -Xcc -iquote -Xcc /Users/runner/Library/Developer/Xcode/DerivedData/GeoAlarm-bgjyfjejddafizazceyaykvykrwr/Build/Intermediates.noindex/GeoAlarm.build/Debug-iphonesimulator/GeoAlarmTests.build/GeoAlarmTests-project-headers.hmap -Xcc -I/Users/runner/Library/Developer/Xcode/DerivedData/GeoAlarm-bgjyfjejddafizazceyaykvykrwr/Build/Products/Debug-iphonesimulator/include -Xcc -I/Users/runner/Library/Developer/Xcode/DerivedData/GeoAlarm-bgjyfjejddafizazceyaykvykrwr/Build/Intermediates.noindex/GeoAlarm.build/Debug-iphonesimulator/GeoAlarmTests.build/DerivedSources-normal/arm64 -Xcc -I/Users/runner/Library/Developer/Xcode/DerivedData/GeoAlarm-bgjyfjejddafizazceyaykvykrwr/Build/Intermediates.noindex/GeoAlarm.build/Debug-iphonesimulator/GeoAlarmTests.build/DerivedSources/arm64 -Xcc -I/Users/runner/Library/Developer/Xcode/DerivedData/GeoAlarm-bgjyfjejddafizazceyaykvykrwr/Build/Intermediates.noindex/GeoAlarm.build/Debug-iphonesimulator/GeoAlarmTests.build/DerivedSources -Xcc -DDEBUG\=1 -emit-objc-header -emit-objc-header-path /Users/runner/Library/Developer/Xcode/DerivedData/GeoAlarm-bgjyfjejddafizazceyaykvykrwr/Build/Intermediates.noindex/GeoAlarm.build/Debug-iphonesimulator/GeoAlarmTests.build/Objects-normal/arm64/GeoAlarmTests-Swift.h -working-directory /Users/runner/work/GeoAlarm-iOS/GeoAlarm-iOS -experimental-emit-module-separately -disable-cmo

Ld /Users/runner/Library/Developer/Xcode/DerivedData/GeoAlarm-bgjyfjejddafizazceyaykvykrwr/Build/Products/Debug-iphonesimulator/GeoAlarm.app/PlugIns/GeoAlarmTests.xctest/GeoAlarmTests normal (in target 'GeoAlarmTests' from project 'GeoAlarm')
    cd /Users/runner/work/GeoAlarm-iOS/GeoAlarm-iOS
    /Applications/Xcode_26.6.app/Contents/Developer/Toolchains/XcodeDefault.xctoolchain/usr/bin/clang -Xlinker -reproducible -target arm64-apple-ios17.0-simulator -bundle -isysroot /Applications/Xcode_26.6.app/Contents/Developer/Platforms/iPhoneSimulator.platform/Developer/SDKs/iPhoneSimulator26.5.sdk -O0 -L/Users/runner/Library/Developer/Xcode/DerivedData/GeoAlarm-bgjyfjejddafizazceyaykvykrwr/Build/Intermediates.noindex/EagerLinkingTBDs/Debug-iphonesimulator -L/Users/runner/Library/Developer/Xcode/DerivedData/GeoAlarm-bgjyfjejddafizazceyaykvykrwr/Build/Products/Debug-iphonesimulator -L/Applications/Xcode_26.6.app/Contents/Developer/Platforms/iPhoneSimulator.platform/Developer/usr/lib -F/Users/runner/Library/Developer/Xcode/DerivedData/GeoAlarm-bgjyfjejddafizazceyaykvykrwr/Build/Intermediates.noindex/EagerLinkingTBDs/Debug-iphonesimulator -F/Users/runner/Library/Developer/Xcode/DerivedData/GeoAlarm-bgjyfjejddafizazceyaykvykrwr/Build/Products/Debug-iphonesimulator -iframework /Applications/Xcode_26.6.app/Contents/Developer/Platforms/iPhoneSimulator.platform/Developer/Library/Frameworks -iframework /Applications/Xcode_26.6.app/Contents/Developer/Platforms/iPhoneSimulator.platform/Developer/SDKs/iPhoneSimulator26.5.sdk/Developer/Library/Frameworks -filelist /Users/runner/Library/Developer/Xcode/DerivedData/GeoAlarm-bgjyfjejddafizazceyaykvykrwr/Build/Intermediates.noindex/GeoAlarm.build/Debug-iphonesimulator/GeoAlarmTests.build/Objects-normal/arm64/GeoAlarmTests.LinkFileList -Xlinker -rpath -Xlinker /usr/lib/swift -Xlinker -rpath -Xlinker @loader_path/Frameworks -Xlinker -rpath -Xlinker @executable_path/Frameworks -Xlinker -dead_strip -bundle_loader /Users/runner/Library/Developer/Xcode/DerivedData/GeoAlarm-bgjyfjejddafizazceyaykvykrwr/Build/Products/Debug-iphonesimulator/GeoAlarm.app/GeoAlarm -Xlinker -object_path_lto -Xlinker /Users/runner/Library/Developer/Xcode/DerivedData/GeoAlarm-bgjyfjejddafizazceyaykvykrwr/Build/Intermediates.noindex/GeoAlarm.build/Debug-iphonesimulator/GeoAlarmTests.build/Objects-normal/arm64/GeoAlarmTests_lto.o -rdynamic -Xlinker -no_deduplicate -Xlinker -objc_abi_version -Xlinker 2 -Xlinker -dependency_info -Xlinker /Users/runner/Library/Developer/Xcode/DerivedData/GeoAlarm-bgjyfjejddafizazceyaykvykrwr/Build/Intermediates.noindex/GeoAlarm.build/Debug-iphonesimulator/GeoAlarmTests.build/Objects-normal/arm64/GeoAlarmTests_dependency_info.dat -fobjc-link-runtime -L/Applications/Xcode_26.6.app/Contents/Developer/Toolchains/XcodeDefault.xctoolchain/usr/lib/swift/iphonesimulator -L/usr/lib/swift -Xlinker -add_ast_path -Xlinker /Users/runner/Library/Developer/Xcode/DerivedData/GeoAlarm-bgjyfjejddafizazceyaykvykrwr/Build/Intermediates.noindex/GeoAlarm.build/Debug-iphonesimulator/GeoAlarmTests.build/Objects-normal/arm64/GeoAlarmTests.swiftmodule @/Users/runner/Library/Developer/Xcode/DerivedData/GeoAlarm-bgjyfjejddafizazceyaykvykrwr/Build/Intermediates.noindex/GeoAlarm.build/Debug-iphonesimulator/GeoAlarmTests.build/Objects-normal/arm64/GeoAlarmTests-linker-args.resp -Xlinker -needed_framework -Xlinker XCTest -framework XCTest -Xlinker -needed-lXCTestSwiftSupport -lXCTestSwiftSupport /Users/runner/Library/Developer/Xcode/DerivedData/GeoAlarm-bgjyfjejddafizazceyaykvykrwr/Build/Products/Debug-iphonesimulator/GeoAlarm.app/GeoAlarm.debug.dylib -o /Users/runner/Library/Developer/Xcode/DerivedData/GeoAlarm-bgjyfjejddafizazceyaykvykrwr/Build/Products/Debug-iphonesimulator/GeoAlarm.app/PlugIns/GeoAlarmTests.xctest/GeoAlarmTests

ExtractAppIntentsMetadata (in target 'GeoAlarmTests' from project 'GeoAlarm')
    cd /Users/runner/work/GeoAlarm-iOS/GeoAlarm-iOS
    /Applications/Xcode_26.6.app/Contents/Developer/Toolchains/XcodeDefault.xctoolchain/usr/bin/appintentsmetadataprocessor --toolchain-dir /var/run/com.apple.security.cryptexd/mnt/com.apple.MobileAsset.MetalToolchain-v17.6.109.0.rpSM0C/Metal.xctoolchain --module-name GeoAlarmTests --sdk-root /Applications/Xcode_26.6.app/Contents/Developer/Platforms/iPhoneSimulator.platform/Developer/SDKs/iPhoneSimulator26.5.sdk --xcode-version 17F113 --platform-family iOS --deployment-target 17.0 --bundle-identifier com.pietrogalastri.geoalarm.tests --output /Users/runner/Library/Developer/Xcode/DerivedData/GeoAlarm-bgjyfjejddafizazceyaykvykrwr/Build/Products/Debug-iphonesimulator/GeoAlarm.app/PlugIns/GeoAlarmTests.xctest --target-triple arm64-apple-ios17.0-simulator --binary-file /Users/runner/Library/Developer/Xcode/DerivedData/GeoAlarm-bgjyfjejddafizazceyaykvykrwr/Build/Products/Debug-iphonesimulator/GeoAlarm.app/PlugIns/GeoAlarmTests.xctest/GeoAlarmTests --dependency-file /Users/runner/Library/Developer/Xcode/DerivedData/GeoAlarm-bgjyfjejddafizazceyaykvykrwr/Build/Intermediates.noindex/GeoAlarm.build/Debug-iphonesimulator/GeoAlarmTests.build/Objects-normal/arm64/GeoAlarmTests_dependency_info.dat --stringsdata-file /Users/runner/Library/Developer/Xcode/DerivedData/GeoAlarm-bgjyfjejddafizazceyaykvykrwr/Build/Intermediates.noindex/GeoAlarm.build/Debug-iphonesimulator/GeoAlarmTests.build/Objects-normal/arm64/ExtractedAppShortcutsMetadata.stringsdata --source-file-list /Users/runner/Library/Developer/Xcode/DerivedData/GeoAlarm-bgjyfjejddafizazceyaykvykrwr/Build/Intermediates.noindex/GeoAlarm.build/Debug-iphonesimulator/GeoAlarmTests.build/Objects-normal/arm64/GeoAlarmTests.SwiftFileList --metadata-file-list /Users/runner/Library/Developer/Xcode/DerivedData/GeoAlarm-bgjyfjejddafizazceyaykvykrwr/Build/Intermediates.noindex/GeoAlarm.build/Debug-iphonesimulator/GeoAlarmTests.build/GeoAlarmTests.DependencyMetadataFileList --static-metadata-file-list /Users/runner/Library/Developer/Xcode/DerivedData/GeoAlarm-bgjyfjejddafizazceyaykvykrwr/Build/Intermediates.noindex/GeoAlarm.build/Debug-iphonesimulator/GeoAlarmTests.build/GeoAlarmTests.DependencyStaticMetadataFileList --swift-const-vals-list /Users/runner/Library/Developer/Xcode/DerivedData/GeoAlarm-bgjyfjejddafizazceyaykvykrwr/Build/Intermediates.noindex/GeoAlarm.build/Debug-iphonesimulator/GeoAlarmTests.build/Objects-normal/arm64/GeoAlarmTests.SwiftConstValuesFileList --compile-time-extraction --deployment-aware-processing --validate-assistant-intents --no-app-shortcuts-localization
2026-10-05 11:48:46.278 appintentsmetadataprocessor[5078:18855] Starting appintentsmetadataprocessor export
2026-10-05 11:48:46.296 appintentsmetadataprocessor[5078:18855] Extracted no relevant App Intents symbols, skipping writing output

CopySwiftLibs /Users/runner/Library/Developer/Xcode/DerivedData/GeoAlarm-bgjyfjejddafizazceyaykvykrwr/Build/Products/Debug-iphonesimulator/GeoAlarm.app/PlugIns/GeoAlarmTests.xctest (in target 'GeoAlarmTests' from project 'GeoAlarm')
    cd /Users/runner/work/GeoAlarm-iOS/GeoAlarm-iOS
    builtin-swiftStdLibTool --copy --verbose --scan-executable /Users/runner/Library/Developer/Xcode/DerivedData/GeoAlarm-bgjyfjejddafizazceyaykvykrwr/Build/Products/Debug-iphonesimulator/GeoAlarm.app/PlugIns/GeoAlarmTests.xctest/GeoAlarmTests --scan-folder /Users/runner/Library/Developer/Xcode/DerivedData/GeoAlarm-bgjyfjejddafizazceyaykvykrwr/Build/Products/Debug-iphonesimulator/GeoAlarm.app/PlugIns/GeoAlarmTests.xctest/Frameworks --scan-folder /Users/runner/Library/Developer/Xcode/DerivedData/GeoAlarm-bgjyfjejddafizazceyaykvykrwr/Build/Products/Debug-iphonesimulator/GeoAlarm.app/PlugIns/GeoAlarmTests.xctest/PlugIns --scan-folder /Users/runner/Library/Developer/Xcode/DerivedData/GeoAlarm-bgjyfjejddafizazceyaykvykrwr/Build/Products/Debug-iphonesimulator/GeoAlarm.app/PlugIns/GeoAlarmTests.xctest/SystemExtensions --scan-folder /Users/runner/Library/Developer/Xcode/DerivedData/GeoAlarm-bgjyfjejddafizazceyaykvykrwr/Build/Products/Debug-iphonesimulator/GeoAlarm.app/PlugIns/GeoAlarmTests.xctest/Extensions --platform iphonesimulator --toolchain /var/run/com.apple.security.cryptexd/mnt/com.apple.MobileAsset.MetalToolchain-v17.6.109.0.rpSM0C/Metal.xctoolchain --toolchain /Applications/Xcode_26.6.app/Contents/Developer/Toolchains/XcodeDefault.xctoolchain --destination /Users/runner/Library/Developer/Xcode/DerivedData/GeoAlarm-bgjyfjejddafizazceyaykvykrwr/Build/Products/Debug-iphonesimulator/GeoAlarm.app/PlugIns/GeoAlarmTests.xctest/Frameworks --strip-bitcode --scan-executable /Applications/Xcode_26.6.app/Contents/Developer/Platforms/iPhoneSimulator.platform/Developer/usr/lib/libXCTestSwiftSupport.dylib --strip-bitcode-tool /Applications/Xcode_26.6.app/Contents/Developer/Toolchains/XcodeDefault.xctoolchain/usr/bin/bitcode_strip --emit-dependency-info /Users/runner/Library/Developer/Xcode/DerivedData/GeoAlarm-bgjyfjejddafizazceyaykvykrwr/Build/Intermediates.noindex/GeoAlarm.build/Debug-iphonesimulator/GeoAlarmTests.build/SwiftStdLibToolInputDependencies.dep --filter-for-swift-os
Ignoring --strip-bitcode because --sign was not passed

AppIntentsSSUTraining (in target 'GeoAlarmTests' from project 'GeoAlarm')
    cd /Users/runner/work/GeoAlarm-iOS/GeoAlarm-iOS
    /Applications/Xcode_26.6.app/Contents/Developer/Toolchains/XcodeDefault.xctoolchain/usr/bin/appintentsnltrainingprocessor --infoplist-path /Users/runner/Library/Developer/Xcode/DerivedData/GeoAlarm-bgjyfjejddafizazceyaykvykrwr/Build/Products/Debug-iphonesimulator/GeoAlarm.app/PlugIns/GeoAlarmTests.xctest/Info.plist --temp-dir-path /Users/runner/Library/Developer/Xcode/DerivedData/GeoAlarm-bgjyfjejddafizazceyaykvykrwr/Build/Intermediates.noindex/GeoAlarm.build/Debug-iphonesimulator/GeoAlarmTests.build/ssu --bundle-id com.pietrogalastri.geoalarm.tests --product-path /Users/runner/Library/Developer/Xcode/DerivedData/GeoAlarm-bgjyfjejddafizazceyaykvykrwr/Build/Products/Debug-iphonesimulator/GeoAlarm.app/PlugIns/GeoAlarmTests.xctest --extracted-metadata-path /Users/runner/Library/Developer/Xcode/DerivedData/GeoAlarm-bgjyfjejddafizazceyaykvykrwr/Build/Products/Debug-iphonesimulator/GeoAlarm.app/PlugIns/GeoAlarmTests.xctest/Metadata.appintents --metadata-file-list /Users/runner/Library/Developer/Xcode/DerivedData/GeoAlarm-bgjyfjejddafizazceyaykvykrwr/Build/Intermediates.noindex/GeoAlarm.build/Debug-iphonesimulator/GeoAlarmTests.build/GeoAlarmTests.DependencyMetadataFileList --source-file /Users/runner/Library/Developer/Xcode/DerivedData/GeoAlarm-bgjyfjejddafizazceyaykvykrwr/Build/Products/Debug-iphonesimulator/GeoAlarm.app/PlugIns/GeoAlarmTests.xctest/Info.plist --archive-ssu-assets
2026-10-05 11:48:46.337 appintentsnltrainingprocessor[5079:18861] Parsing options for appintentsnltrainingprocessor
2026-10-05 11:48:46.337 appintentsnltrainingprocessor[5079:18861] Starting AppIntents SSU YAML Generation
2026-10-05 11:48:46.338 appintentsnltrainingprocessor[5079:18861] No AppShortcuts found - Skipping.

RegisterExecutionPolicyException /Users/runner/Library/Developer/Xcode/DerivedData/GeoAlarm-bgjyfjejddafizazceyaykvykrwr/Build/Products/Debug-iphonesimulator/GeoAlarm.app/PlugIns/GeoAlarmTests.xctest (in target 'GeoAlarmTests' from project 'GeoAlarm')
    cd /Users/runner/work/GeoAlarm-iOS/GeoAlarm-iOS
    builtin-RegisterExecutionPolicyException /Users/runner/Library/Developer/Xcode/DerivedData/GeoAlarm-bgjyfjejddafizazceyaykvykrwr/Build/Products/Debug-iphonesimulator/GeoAlarm.app/PlugIns/GeoAlarmTests.xctest

Touch /Users/runner/Library/Developer/Xcode/DerivedData/GeoAlarm-bgjyfjejddafizazceyaykvykrwr/Build/Products/Debug-iphonesimulator/GeoAlarm.app/PlugIns/GeoAlarmTests.xctest (in target 'GeoAlarmTests' from project 'GeoAlarm')
    cd /Users/runner/work/GeoAlarm-iOS/GeoAlarm-iOS
    /usr/bin/touch -c /Users/runner/Library/Developer/Xcode/DerivedData/GeoAlarm-bgjyfjejddafizazceyaykvykrwr/Build/Products/Debug-iphonesimulator/GeoAlarm.app/PlugIns/GeoAlarmTests.xctest

RegisterExecutionPolicyException /Users/runner/Library/Developer/Xcode/DerivedData/GeoAlarm-bgjyfjejddafizazceyaykvykrwr/Build/Products/Debug-iphonesimulator/GeoAlarm.app (in target 'GeoAlarm' from project 'GeoAlarm')
    cd /Users/runner/work/GeoAlarm-iOS/GeoAlarm-iOS
    builtin-RegisterExecutionPolicyException /Users/runner/Library/Developer/Xcode/DerivedData/GeoAlarm-bgjyfjejddafizazceyaykvykrwr/Build/Products/Debug-iphonesimulator/GeoAlarm.app

Validate /Users/runner/Library/Developer/Xcode/DerivedData/GeoAlarm-bgjyfjejddafizazceyaykvykrwr/Build/Products/Debug-iphonesimulator/GeoAlarm.app (in target 'GeoAlarm' from project 'GeoAlarm')
    cd /Users/runner/work/GeoAlarm-iOS/GeoAlarm-iOS
    builtin-validationUtility /Users/runner/Library/Developer/Xcode/DerivedData/GeoAlarm-bgjyfjejddafizazceyaykvykrwr/Build/Products/Debug-iphonesimulator/GeoAlarm.app -shallow-bundle -infoplist-subpath Info.plist

Touch /Users/runner/Library/Developer/Xcode/DerivedData/GeoAlarm-bgjyfjejddafizazceyaykvykrwr/Build/Products/Debug-iphonesimulator/GeoAlarm.app (in target 'GeoAlarm' from project 'GeoAlarm')
    cd /Users/runner/work/GeoAlarm-iOS/GeoAlarm-iOS
    /usr/bin/touch -c /Users/runner/Library/Developer/Xcode/DerivedData/GeoAlarm-bgjyfjejddafizazceyaykvykrwr/Build/Products/Debug-iphonesimulator/GeoAlarm.app

2026-10-05 11:53:05.451387+0000 GeoAlarm[6925:27429] [error] CoreData: error: Failed to stat path '/Users/runner/Library/Developer/CoreSimulator/Devices/22452A91-4697-4369-8812-53ADB77EB73B/data/Containers/Data/Application/ED30343B-1FF2-4278-A01E-1021BBBF5AF9/Library/Application Support/default.store', errno 2 / No such file or directory.
CoreData: error: Failed to stat path '/Users/runner/Library/Developer/CoreSimulator/Devices/22452A91-4697-4369-8812-53ADB77EB73B/data/Containers/Data/Application/ED30343B-1FF2-4278-A01E-1021BBBF5AF9/Library/Application Support/default.store', errno 2 / No such file or directory.
2026-10-05 11:53:05.451905+0000 GeoAlarm[6925:27429] [error] CoreData: error: Executing as effective user 501
CoreData: error: Executing as effective user 501
2026-10-05 11:53:05.452014+0000 GeoAlarm[6925:27429] [error] CoreData: error:   Sandbox access to file-write-create denied
CoreData: error:   Sandbox access to file-write-create denied
2026-10-05 11:53:05.452093+0000 GeoAlarm[6925:27429] [error] CoreData: error: Failed to statfs file; errno 2 / No such file or directory.
CoreData: error: Failed to statfs file; errno 2 / No such file or directory.
2026-10-05 11:53:05.452708+0000 GeoAlarm[6925:27429] [error] CoreData: error: Information for file system
CoreData: error: Information for file system
2026-10-05 11:53:05.452762+0000 GeoAlarm[6925:27429] [error] CoreData: error: ---------------------------
CoreData: error: ---------------------------
2026-10-05 11:53:05.452807+0000 GeoAlarm[6925:27429] [error] CoreData: error:   File system type: 		0
CoreData: error:   File system type: 		0
2026-10-05 11:53:05.452852+0000 GeoAlarm[6925:27429] [error] CoreData: error:   File system flags: 		0
CoreData: error:   File system flags: 		0
2026-10-05 11:53:05.452895+0000 GeoAlarm[6925:27429] [error] CoreData: error:   Total data blocks: 		0
CoreData: error:   Total data blocks: 		0
2026-10-05 11:53:05.452942+0000 GeoAlarm[6925:27429] [error] CoreData: error:   Free data blocks: 		0
CoreData: error:   Free data blocks: 		0
2026-10-05 11:53:05.501453+0000 GeoAlarm[6925:27429] [error] CoreData: error:   Free blocks for nonsuperuser:	0
CoreData: error:   Free blocks for nonsuperuser:	0
2026-10-05 11:53:05.501733+0000 GeoAlarm[6925:27429] [error] CoreData: error:   Total i-nodes: 			0
CoreData: error:   Total i-nodes: 			0
2026-10-05 11:53:05.501800+0000 GeoAlarm[6925:27429] [error] CoreData: error:   File system ID: 		0, 0
CoreData: error:   File system ID: 		0, 0
2026-10-05 11:53:05.501853+0000 GeoAlarm[6925:27429] [error] CoreData: error:   Free i-nodes: 			0
CoreData: error:   Free i-nodes: 			0
2026-10-05 11:53:05.501901+0000 GeoAlarm[6925:27429] [error] CoreData: error:   Owner UID: 			0
CoreData: error:   Owner UID: 			0
2026-10-05 11:53:05.501948+0000 GeoAlarm[6925:27429] [error] CoreData: error:   Filesystem type name:
CoreData: error:   Filesystem type name: 		
2026-10-05 11:53:05.501997+0000 GeoAlarm[6925:27429] [error] CoreData: error:   Mount on name:
CoreData: error:   Mount on name: 			
2026-10-05 11:53:05.502079+0000 GeoAlarm[6925:27429] [error] CoreData: error:   Mount from name: 		\M-D\M-|\^C\M^@\^A
CoreData: error:   Mount from name: 		ƒ¸Ä
2026-10-05 11:53:05.503526+0000 GeoAlarm[6925:27429] [error] CoreData: error: Failed to stat path '/Users/runner/Library/Developer/CoreSimulator/Devices/22452A91-4697-4369-8812-53ADB77EB73B/data/Containers/Data/Application/ED30343B-1FF2-4278-A01E-1021BBBF5AF9/Library/Application Support', errno 2 / No such file or directory.
CoreData: error: Failed to stat path '/Users/runner/Library/Developer/CoreSimulator/Devices/22452A91-4697-4369-8812-53ADB77EB73B/data/Containers/Data/Application/ED30343B-1FF2-4278-A01E-1021BBBF5AF9/Library/Application Support', errno 2 / No such file or directory.
2026-10-05 11:53:05.503622+0000 GeoAlarm[6925:27429] [error] CoreData: error: Executing as effective user 501
CoreData: error: Executing as effective user 501
2026-10-05 11:53:05.503713+0000 GeoAlarm[6925:27429] [error] CoreData: error:   Sandbox access to file-write-create denied
CoreData: error:   Sandbox access to file-write-create denied
2026-10-05 11:53:05.504057+0000 GeoAlarm[6925:27429] [error] CoreData: error: Failed to statfs file; errno 2 / No such file or directory.
CoreData: error: Failed to statfs file; errno 2 / No such file or directory.
2026-10-05 11:53:05.504151+0000 GeoAlarm[6925:27429] [error] CoreData: error: Information for file system
CoreData: error: Information for file system
2026-10-05 11:53:05.504199+0000 GeoAlarm[6925:27429] [error] CoreData: error: ---------------------------
CoreData: error: ---------------------------
2026-10-05 11:53:05.504260+0000 GeoAlarm[6925:27429] [error] CoreData: error:   File system type: 		0
CoreData: error:   File system type: 		0
2026-10-05 11:53:05.504309+0000 GeoAlarm[6925:27429] [error] CoreData: error:   File system flags: 		0
CoreData: error:   File system flags: 		0
2026-10-05 11:53:05.504358+0000 GeoAlarm[6925:27429] [error] CoreData: error:   Total data blocks: 		0
CoreData: error:   Total data blocks: 		0
2026-10-05 11:53:05.504406+0000 GeoAlarm[6925:27429] [error] CoreData: error:   Free data blocks: 		0
CoreData: error:   Free data blocks: 		0
2026-10-05 11:53:05.507289+0000 GeoAlarm[6925:27429] [error] CoreData: error:   Free blocks for nonsuperuser:	0
CoreData: error:   Free blocks for nonsuperuser:	0
2026-10-05 11:53:05.507392+0000 GeoAlarm[6925:27429] [error] CoreData: error:   Total i-nodes: 			0
CoreData: error:   Total i-nodes: 			0
2026-10-05 11:53:05.507455+0000 GeoAlarm[6925:27429] [error] CoreData: error:   File system ID: 		0, 0
CoreData: error:   File system ID: 		0, 0
2026-10-05 11:53:05.507504+0000 GeoAlarm[6925:27429] [error] CoreData: error:   Free i-nodes: 			0
CoreData: error:   Free i-nodes: 			0
2026-10-05 11:53:05.507551+0000 GeoAlarm[6925:27429] [error] CoreData: error:   Owner UID: 			0
CoreData: error:   Owner UID: 			0
2026-10-05 11:53:05.507599+0000 GeoAlarm[6925:27429] [error] CoreData: error:   Filesystem type name:
CoreData: error:   Filesystem type name: 		
2026-10-05 11:53:05.507679+0000 GeoAlarm[6925:27429] [error] CoreData: error:   Mount on name:
CoreData: error:   Mount on name: 			
2026-10-05 11:53:05.509306+0000 GeoAlarm[6925:27429] [error] CoreData: error:   Mount from name: 		\M-D\M-|\^C\M^@\^A
CoreData: error:   Mount from name: 		ƒ¸Ä
2026-10-05 11:53:05.509434+0000 GeoAlarm[6925:27429] [error] CoreData: error: Executing as effective user 501
CoreData: error: Executing as effective user 501
2026-10-05 11:53:05.509498+0000 GeoAlarm[6925:27429] [error] CoreData: error: Information for /Users/runner/Library/Developer/CoreSimulator/Devices/22452A91-4697-4369-8812-53ADB77EB73B/data/Containers/Data/Application/ED30343B-1FF2-4278-A01E-1021BBBF5AF9/Library
CoreData: error: Information for /Users/runner/Library/Developer/CoreSimulator/Devices/22452A91-4697-4369-8812-53ADB77EB73B/data/Containers/Data/Application/ED30343B-1FF2-4278-A01E-1021BBBF5AF9/Library
2026-10-05 11:53:05.509556+0000 GeoAlarm[6925:27429] [error] CoreData: error: ---------------------------
CoreData: error: ---------------------------
2026-10-05 11:53:05.526511+0000 GeoAlarm[6925:27429] [error] CoreData: error:   File Device ID: 	0
CoreData: error:   File Device ID: 	0
2026-10-05 11:53:05.526664+0000 GeoAlarm[6925:27429] [error] CoreData: error:   Device ID: 		16777226
CoreData: error:   Device ID: 		16777226
2026-10-05 11:53:05.526729+0000 GeoAlarm[6925:27429] [error] CoreData: error:   File Size: 		128 bytes
CoreData: error:   File Size: 		128 bytes
2026-10-05 11:53:05.526783+0000 GeoAlarm[6925:27429] [error] CoreData: error:   File inode: 		2964828
CoreData: error:   File inode: 		2964828
2026-10-05 11:53:05.526858+0000 GeoAlarm[6925:27429] [error] CoreData: error:   File user ID: 		501
CoreData: error:   File user ID: 		501
2026-10-05 11:53:05.526913+0000 GeoAlarm[6925:27429] [error] CoreData: error:   File group ID: 		20
CoreData: error:   File group ID: 		20
2026-10-05 11:53:05.526963+0000 GeoAlarm[6925:27429] [error] CoreData: error:   File Permissions:
CoreData: error:   File Permissions: 	
2026-10-05 11:53:05.527014+0000 GeoAlarm[6925:27429] [error] CoreData: error: d
CoreData: error: d
2026-10-05 11:53:05.527449+0000 GeoAlarm[6925:27429] [error] CoreData: error:   755
CoreData: error:   755
2026-10-05 11:53:05.527503+0000 GeoAlarm[6925:27429] [error] CoreData: error:   file is not a symbolic link
CoreData: error:   file is not a symbolic link
2026-10-05 11:53:05.527639+0000 GeoAlarm[6925:27429] [error] CoreData: error:   Sandbox access to file-write-create allowed
CoreData: error:   Sandbox access to file-write-create allowed
2026-10-05 11:53:05.527711+0000 GeoAlarm[6925:27429] [error] CoreData: error: Information for file system
CoreData: error: Information for file system
2026-10-05 11:53:05.527771+0000 GeoAlarm[6925:27429] [error] CoreData: error: ---------------------------
CoreData: error: ---------------------------
2026-10-05 11:53:05.527826+0000 GeoAlarm[6925:27429] [error] CoreData: error:   File system type: 		0x1a
CoreData: error:   File system type: 		0x1a
2026-10-05 11:53:05.527876+0000 GeoAlarm[6925:27429] [error] CoreData: error:   File system flags: 		0x4909000
CoreData: error:   File system flags: 		0x4909000
2026-10-05 11:53:05.528112+0000 GeoAlarm[6925:27429] [error] CoreData: error:   MNT_JOURNALED
CoreData: error:   MNT_JOURNALED
2026-10-05 11:53:05.528163+0000 GeoAlarm[6925:27429] [error] CoreData: error:   Total data blocks: 		83758080
CoreData: error:   Total data blocks: 		83758080
2026-10-05 11:53:05.528214+0000 GeoAlarm[6925:27429] [error] CoreData: error:   Free data blocks: 		24306227
CoreData: error:   Free data blocks: 		24306227
2026-10-05 11:53:05.528260+0000 GeoAlarm[6925:27429] [error] CoreData: error:   Free blocks for nonsuperuser:	24306227
CoreData: error:   Free blocks for nonsuperuser:	24306227
2026-10-05 11:53:05.528306+0000 GeoAlarm[6925:27429] [error] CoreData: error:   Total i-nodes: 			974144472
CoreData: error:   Total i-nodes: 			974144472
2026-10-05 11:53:05.528353+0000 GeoAlarm[6925:27429] [error] CoreData: error:   File system ID: 		0x100000a, 0x1a
CoreData: error:   File system ID: 		0x100000a, 0x1a
2026-10-05 11:53:05.528772+0000 GeoAlarm[6925:27429] [error] CoreData: error:   Free i-nodes: 			972249080
CoreData: error:   Free i-nodes: 			972249080
2026-10-05 11:53:05.528833+0000 GeoAlarm[6925:27429] [error] CoreData: error:   Owner UID: 			0
CoreData: error:   Owner UID: 			0
2026-10-05 11:53:05.528890+0000 GeoAlarm[6925:27429] [error] CoreData: error:   Filesystem type name: 		apfs
CoreData: error:   Filesystem type name: 		apfs
2026-10-05 11:53:05.528937+0000 GeoAlarm[6925:27429] [error] CoreData: error:   Mount on name: 			/System/Volumes/Data
CoreData: error:   Mount on name: 			/System/Volumes/Data
2026-10-05 11:53:05.528982+0000 GeoAlarm[6925:27429] [error] CoreData: error:   Mount from name: 		/dev/disk2s5
CoreData: error:   Mount from name: 		/dev/disk2s5
2026-10-05 11:53:05.529081+0000 GeoAlarm[6925:27429] [error] CoreData: error: Executing as effective user 501
CoreData: error: Executing as effective user 501
2026-10-05 11:53:05.529136+0000 GeoAlarm[6925:27429] [error] CoreData: error: Information for /Users/runner/Library/Developer/CoreSimulator/Devices/22452A91-4697-4369-8812-53ADB77EB73B/data/Containers/Data/Application/ED30343B-1FF2-4278-A01E-1021BBBF5AF9
CoreData: error: Information for /Users/runner/Library/Developer/CoreSimulator/Devices/22452A91-4697-4369-8812-53ADB77EB73B/data/Containers/Data/Application/ED30343B-1FF2-4278-A01E-1021BBBF5AF9
2026-10-05 11:53:05.529733+0000 GeoAlarm[6925:27429] [error] CoreData: error: ---------------------------
CoreData: error: ---------------------------
2026-10-05 11:53:05.529786+0000 GeoAlarm[6925:27429] [error] CoreData: error:   File Device ID: 	0
CoreData: error:   File Device ID: 	0
2026-10-05 11:53:05.529832+0000 GeoAlarm[6925:27429] [error] CoreData: error:   Device ID: 		16777226
CoreData: error:   Device ID: 		16777226
2026-10-05 11:53:05.529881+0000 GeoAlarm[6925:27429] [error] CoreData: error:   File Size: 		224 bytes
CoreData: error:   File Size: 		224 bytes
2026-10-05 11:53:05.529929+0000 GeoAlarm[6925:27429] [error] CoreData: error:   File inode: 		2964826
CoreData: error:   File inode: 		2964826
2026-10-05 11:53:05.530511+0000 GeoAlarm[6925:27429] [error] CoreData: error:   File user ID: 		501
CoreData: error:   File user ID: 		501
2026-10-05 11:53:05.530565+0000 GeoAlarm[6925:27429] [error] CoreData: error:   File group ID: 		20
CoreData: error:   File group ID: 		20
2026-10-05 11:53:05.530611+0000 GeoAlarm[6925:27429] [error] CoreData: error:   File Permissions:
CoreData: error:   File Permissions: 	
2026-10-05 11:53:05.530658+0000 GeoAlarm[6925:27429] [error] CoreData: error: d
CoreData: error: d
2026-10-05 11:53:05.530702+0000 GeoAlarm[6925:27429] [error] CoreData: error:   755
CoreData: error:   755
2026-10-05 11:53:05.530750+0000 GeoAlarm[6925:27429] [error] CoreData: error:   file is not a symbolic link
CoreData: error:   file is not a symbolic link
2026-10-05 11:53:05.530824+0000 GeoAlarm[6925:27429] [error] CoreData: error:   Sandbox access to file-write-create allowed
CoreData: error:   Sandbox access to file-write-create allowed
2026-10-05 11:53:05.531660+0000 GeoAlarm[6925:27429] [error] CoreData: error: Executing as effective user 501
CoreData: error: Executing as effective user 501
2026-10-05 11:53:05.531749+0000 GeoAlarm[6925:27429] [error] CoreData: error: Information for /Users/runner/Library/Developer/CoreSimulator/Devices/22452A91-4697-4369-8812-53ADB77EB73B/data/Containers/Data/Application
CoreData: error: Information for /Users/runner/Library/Developer/CoreSimulator/Devices/22452A91-4697-4369-8812-53ADB77EB73B/data/Containers/Data/Application
2026-10-05 11:53:05.531808+0000 GeoAlarm[6925:27429] [error] CoreData: error: ---------------------------
CoreData: error: ---------------------------
2026-10-05 11:53:05.531855+0000 GeoAlarm[6925:27429] [error] CoreData: error:   File Device ID: 	0
CoreData: error:   File Device ID: 	0
2026-10-05 11:53:05.531906+0000 GeoAlarm[6925:27429] [error] CoreData: error:   Device ID: 		16777226
CoreData: error:   Device ID: 		16777226
2026-10-05 11:53:05.531952+0000 GeoAlarm[6925:27429] [error] CoreData: error:   File Size: 		4768 bytes
CoreData: error:   File Size: 		4768 bytes
2026-10-05 11:53:05.532786+0000 GeoAlarm[6925:27429] [error] CoreData: error:   File inode: 		2954915
CoreData: error:   File inode: 		2954915
2026-10-05 11:53:05.532849+0000 GeoAlarm[6925:27429] [error] CoreData: error:   File user ID: 		501
CoreData: error:   File user ID: 		501
2026-10-05 11:53:05.532897+0000 GeoAlarm[6925:27429] [error] CoreData: error:   File group ID: 		20
CoreData: error:   File group ID: 		20
2026-10-05 11:53:05.532942+0000 GeoAlarm[6925:27429] [error] CoreData: error:   File Permissions:
CoreData: error:   File Permissions: 	
2026-10-05 11:53:05.533041+0000 GeoAlarm[6925:27429] [error] CoreData: error: d
CoreData: error: d
2026-10-05 11:53:05.533098+0000 GeoAlarm[6925:27429] [error] CoreData: error:   755
CoreData: error:   755
2026-10-05 11:53:05.533149+0000 GeoAlarm[6925:27429] [error] CoreData: error:   file is not a symbolic link
CoreData: error:   file is not a symbolic link
2026-10-05 11:53:05.534067+0000 GeoAlarm[6925:27429] [error] CoreData: error:   Sandbox access to file-write-create allowed
CoreData: error:   Sandbox access to file-write-create allowed
2026-10-05 11:53:05.534175+0000 GeoAlarm[6925:27429] [error] CoreData: error: Executing as effective user 501
CoreData: error: Executing as effective user 501
2026-10-05 11:53:05.534240+0000 GeoAlarm[6925:27429] [error] CoreData: error: Information for /Users/runner/Library/Developer/CoreSimulator/Devices/22452A91-4697-4369-8812-53ADB77EB73B/data/Containers/Data
CoreData: error: Information for /Users/runner/Library/Developer/CoreSimulator/Devices/22452A91-4697-4369-8812-53ADB77EB73B/data/Containers/Data
2026-10-05 11:53:05.534293+0000 GeoAlarm[6925:27429] [error] CoreData: error: ---------------------------
CoreData: error: ---------------------------
2026-10-05 11:53:05.534340+0000 GeoAlarm[6925:27429] [error] CoreData: error:   File Device ID: 	0
CoreData: error:   File Device ID: 	0
2026-10-05 11:53:05.534395+0000 GeoAlarm[6925:27429] [error] CoreData: error:   Device ID: 		16777226
CoreData: error:   Device ID: 		16777226
2026-10-05 11:53:05.536269+0000 GeoAlarm[6925:27429] [error] CoreData: error:   File Size: 		192 bytes
CoreData: error:   File Size: 		192 bytes
2026-10-05 11:53:05.536360+0000 GeoAlarm[6925:27429] [error] CoreData: error:   File inode: 		2954748
CoreData: error:   File inode: 		2954748
2026-10-05 11:53:05.536426+0000 GeoAlarm[6925:27429] [error] CoreData: error:   File user ID: 		501
CoreData: error:   File user ID: 		501
2026-10-05 11:53:05.536478+0000 GeoAlarm[6925:27429] [error] CoreData: error:   File group ID: 		20
CoreData: error:   File group ID: 		20
2026-10-05 11:53:05.536528+0000 GeoAlarm[6925:27429] [error] CoreData: error:   File Permissions:
CoreData: error:   File Permissions: 	
2026-10-05 11:53:05.536599+0000 GeoAlarm[6925:27429] [error] CoreData: error: d
CoreData: error: d
2026-10-05 11:53:05.536654+0000 GeoAlarm[6925:27429] [error] CoreData: error:   755
CoreData: error:   755
2026-10-05 11:53:05.536706+0000 GeoAlarm[6925:27429] [error] CoreData: error:   file is not a symbolic link
CoreData: error:   file is not a symbolic link
2026-10-05 11:53:05.537098+0000 GeoAlarm[6925:27429] [error] CoreData: error:   Sandbox access to file-write-create allowed
CoreData: error:   Sandbox access to file-write-create allowed
2026-10-05 11:53:05.537232+0000 GeoAlarm[6925:27429] [error] CoreData: error: Executing as effective user 501
CoreData: error: Executing as effective user 501
2026-10-05 11:53:05.537300+0000 GeoAlarm[6925:27429] [error] CoreData: error: Information for /Users/runner/Library/Developer/CoreSimulator/Devices/22452A91-4697-4369-8812-53ADB77EB73B/data/Containers
CoreData: error: Information for /Users/runner/Library/Developer/CoreSimulator/Devices/22452A91-4697-4369-8812-53ADB77EB73B/data/Containers
2026-10-05 11:53:05.537374+0000 GeoAlarm[6925:27429] [error] CoreData: error: ---------------------------
CoreData: error: ---------------------------
2026-10-05 11:53:05.537425+0000 GeoAlarm[6925:27429] [error] CoreData: error:   File Device ID: 	0
CoreData: error:   File Device ID: 	0
2026-10-05 11:53:05.537985+0000 GeoAlarm[6925:27429] [error] CoreData: error:   Device ID: 		16777226
CoreData: error:   Device ID: 		16777226
2026-10-05 11:53:05.538049+0000 GeoAlarm[6925:27429] [error] CoreData: error:   File Size: 		224 bytes
CoreData: error:   File Size: 		224 bytes
2026-10-05 11:53:05.538103+0000 GeoAlarm[6925:27429] [error] CoreData: error:   File inode: 		2954732
CoreData: error:   File inode: 		2954732
2026-10-05 11:53:05.538153+0000 GeoAlarm[6925:27429] [error] CoreData: error:   File user ID: 		501
CoreData: error:   File user ID: 		501
2026-10-05 11:53:05.538203+0000 GeoAlarm[6925:27429] [error] CoreData: error:   File group ID: 		20
CoreData: error:   File group ID: 		20
2026-10-05 11:53:05.538252+0000 GeoAlarm[6925:27429] [error] CoreData: error:   File Permissions:
CoreData: error:   File Permissions: 	
2026-10-05 11:53:05.538297+0000 GeoAlarm[6925:27429] [error] CoreData: error: d
CoreData: error: d
2026-10-05 11:53:05.538942+0000 GeoAlarm[6925:27429] [error] CoreData: error:   755
CoreData: error:   755
2026-10-05 11:53:05.539044+0000 GeoAlarm[6925:27429] [error] CoreData: error:   file is not a symbolic link
CoreData: error:   file is not a symbolic link
2026-10-05 11:53:05.539147+0000 GeoAlarm[6925:27429] [error] CoreData: error:   Sandbox access to file-write-create allowed
CoreData: error:   Sandbox access to file-write-create allowed
2026-10-05 11:53:05.539220+0000 GeoAlarm[6925:27429] [error] CoreData: error: Executing as effective user 501
CoreData: error: Executing as effective user 501
2026-10-05 11:53:05.539348+0000 GeoAlarm[6925:27429] [error] CoreData: error: Information for /Users/runner/Library/Developer/CoreSimulator/Devices/22452A91-4697-4369-8812-53ADB77EB73B/data
CoreData: error: Information for /Users/runner/Library/Developer/CoreSimulator/Devices/22452A91-4697-4369-8812-53ADB77EB73B/data
2026-10-05 11:53:05.539443+0000 GeoAlarm[6925:27429] [error] CoreData: error: ---------------------------
CoreData: error: ---------------------------
2026-10-05 11:53:05.539885+0000 GeoAlarm[6925:27429] [error] CoreData: error:   File Device ID: 	0
CoreData: error:   File Device ID: 	0
2026-10-05 11:53:05.539944+0000 GeoAlarm[6925:27429] [error] CoreData: error:   Device ID: 		16777226
CoreData: error:   Device ID: 		16777226
2026-10-05 11:53:05.539993+0000 GeoAlarm[6925:27429] [error] CoreData: error:   File Size: 		384 bytes
CoreData: error:   File Size: 		384 bytes
2026-10-05 11:53:05.540046+0000 GeoAlarm[6925:27429] [error] CoreData: error:   File inode: 		2284950
CoreData: error:   File inode: 		2284950
2026-10-05 11:53:05.540094+0000 GeoAlarm[6925:27429] [error] CoreData: error:   File user ID: 		501
CoreData: error:   File user ID: 		501
2026-10-05 11:53:05.540140+0000 GeoAlarm[6925:27429] [error] CoreData: error:   File group ID: 		20
CoreData: error:   File group ID: 		20
2026-10-05 11:53:05.540187+0000 GeoAlarm[6925:27429] [error] CoreData: error:   File Permissions:
CoreData: error:   File Permissions: 	
2026-10-05 11:53:05.540878+0000 GeoAlarm[6925:27429] [error] CoreData: error: d
CoreData: error: d
2026-10-05 11:53:05.540954+0000 GeoAlarm[6925:27429] [error] CoreData: error:   775
CoreData: error:   775
2026-10-05 11:53:05.541060+0000 GeoAlarm[6925:27429] [error] CoreData: error:   file is not a symbolic link
CoreData: error:   file is not a symbolic link
2026-10-05 11:53:05.541151+0000 GeoAlarm[6925:27429] [error] CoreData: error:   Sandbox access to file-write-create allowed
CoreData: error:   Sandbox access to file-write-create allowed
2026-10-05 11:53:05.541223+0000 GeoAlarm[6925:27429] [error] CoreData: error: Executing as effective user 501
CoreData: error: Executing as effective user 501
2026-10-05 11:53:05.541275+0000 GeoAlarm[6925:27429] [error] CoreData: error: Information for /Users/runner/Library/Developer/CoreSimulator/Devices/22452A91-4697-4369-8812-53ADB77EB73B
CoreData: error: Information for /Users/runner/Library/Developer/CoreSimulator/Devices/22452A91-4697-4369-8812-53ADB77EB73B
2026-10-05 11:53:05.541977+0000 GeoAlarm[6925:27429] [error] CoreData: error: ---------------------------
CoreData: error: ---------------------------
2026-10-05 11:53:05.542079+0000 GeoAlarm[6925:27429] [error] CoreData: error:   File Device ID: 	0
CoreData: error:   File Device ID: 	0
2026-10-05 11:53:05.542188+0000 GeoAlarm[6925:27429] [error] CoreData: error:   Device ID: 		16777226
CoreData: error:   Device ID: 		16777226
2026-10-05 11:53:05.542249+0000 GeoAlarm[6925:27429] [error] CoreData: error:   File Size: 		160 bytes
CoreData: error:   File Size: 		160 bytes
2026-10-05 11:53:05.542299+0000 GeoAlarm[6925:27429] [error] CoreData: error:   File inode: 		2284948
CoreData: error:   File inode: 		2284948
2026-10-05 11:53:05.542346+0000 GeoAlarm[6925:27429] [error] CoreData: error:   File user ID: 		501
CoreData: error:   File user ID: 		501
2026-10-05 11:53:05.542393+0000 GeoAlarm[6925:27429] [error] CoreData: error:   File group ID: 		20
CoreData: error:   File group ID: 		20
2026-10-05 11:53:05.543140+0000 GeoAlarm[6925:27429] [error] CoreData: error:   File Permissions:
CoreData: error:   File Permissions: 	
2026-10-05 11:53:05.543208+0000 GeoAlarm[6925:27429] [error] CoreData: error: d
CoreData: error: d
2026-10-05 11:53:05.543306+0000 GeoAlarm[6925:27429] [error] CoreData: error:   755
CoreData: error:   755
2026-10-05 11:53:05.543366+0000 GeoAlarm[6925:27429] [error] CoreData: error:   file is not a symbolic link
CoreData: error:   file is not a symbolic link
2026-10-05 11:53:05.543470+0000 GeoAlarm[6925:27429] [error] CoreData: error:   Sandbox access to file-write-create allowed
CoreData: error:   Sandbox access to file-write-create allowed
2026-10-05 11:53:05.543545+0000 GeoAlarm[6925:27429] [error] CoreData: error: Executing as effective user 501
CoreData: error: Executing as effective user 501
2026-10-05 11:53:05.543602+0000 GeoAlarm[6925:27429] [error] CoreData: error: Information for /Users/runner/Library/Developer/CoreSimulator/Devices
CoreData: error: Information for /Users/runner/Library/Developer/CoreSimulator/Devices
2026-10-05 11:53:05.544330+0000 GeoAlarm[6925:27429] [error] CoreData: error: ---------------------------
CoreData: error: ---------------------------
2026-10-05 11:53:05.544437+0000 GeoAlarm[6925:27429] [error] CoreData: error:   File Device ID: 	0
CoreData: error:   File Device ID: 	0
2026-10-05 11:53:05.544490+0000 GeoAlarm[6925:27429] [error] CoreData: error:   Device ID: 		16777226
CoreData: error:   Device ID: 		16777226
2026-10-05 11:53:05.544543+0000 GeoAlarm[6925:27429] [error] CoreData: error:   File Size: 		2016 bytes
CoreData: error:   File Size: 		2016 bytes
2026-10-05 11:53:05.544594+0000 GeoAlarm[6925:27429] [error] CoreData: error:   File inode: 		2263005
CoreData: error:   File inode: 		2263005
2026-10-05 11:53:05.544642+0000 GeoAlarm[6925:27429] [error] CoreData: error:   File user ID: 		501
CoreData: error:   File user ID: 		501
2026-10-05 11:53:05.544690+0000 GeoAlarm[6925:27429] [error] CoreData: error:   File group ID: 		20
CoreData: error:   File group ID: 		20
2026-10-05 11:53:05.548181+0000 GeoAlarm[6925:27429] [error] CoreData: error:   File Permissions:
CoreData: error:   File Permissions: 	
2026-10-05 11:53:05.548478+0000 GeoAlarm[6925:27429] [error] CoreData: error: d
CoreData: error: d
2026-10-05 11:53:05.548578+0000 GeoAlarm[6925:27429] [error] CoreData: error:   755
CoreData: error:   755
2026-10-05 11:53:05.548637+0000 GeoAlarm[6925:27429] [error] CoreData: error:   file is not a symbolic link
CoreData: error:   file is not a symbolic link
2026-10-05 11:53:05.548746+0000 GeoAlarm[6925:27429] [error] CoreData: error:   Sandbox access to file-write-create allowed
CoreData: error:   Sandbox access to file-write-create allowed
2026-10-05 11:53:05.548818+0000 GeoAlarm[6925:27429] [error] CoreData: error: Executing as effective user 501
CoreData: error: Executing as effective user 501
2026-10-05 11:53:05.548869+0000 GeoAlarm[6925:27429] [error] CoreData: error: Information for /Users/runner/Library/Developer/CoreSimulator
CoreData: error: Information for /Users/runner/Library/Developer/CoreSimulator
2026-10-05 11:53:05.554372+0000 GeoAlarm[6925:27429] [error] CoreData: error: ---------------------------
CoreData: error: ---------------------------
2026-10-05 11:53:05.554534+0000 GeoAlarm[6925:27429] [error] CoreData: error:   File Device ID: 	0
CoreData: error:   File Device ID: 	0
2026-10-05 11:53:05.554613+0000 GeoAlarm[6925:27429] [error] CoreData: error:   Device ID: 		16777226
CoreData: error:   Device ID: 		16777226
2026-10-05 11:53:05.554684+0000 GeoAlarm[6925:27429] [error] CoreData: error:   File Size: 		160 bytes
CoreData: error:   File Size: 		160 bytes
2026-10-05 11:53:05.554759+0000 GeoAlarm[6925:27429] [error] CoreData: error:   File inode: 		2262957
CoreData: error:   File inode: 		2262957
2026-10-05 11:53:05.554815+0000 GeoAlarm[6925:27429] [error] CoreData: error:   File user ID: 		501
CoreData: error:   File user ID: 		501
2026-10-05 11:53:05.554864+0000 GeoAlarm[6925:27429] [error] CoreData: error:   File group ID: 		20
CoreData: error:   File group ID: 		20
2026-10-05 11:53:05.574285+0000 GeoAlarm[6925:27429] [error] CoreData: error:   File Permissions:
CoreData: error:   File Permissions: 	
2026-10-05 11:53:05.574388+0000 GeoAlarm[6925:27429] [error] CoreData: error: d
CoreData: error: d
2026-10-05 11:53:05.574454+0000 GeoAlarm[6925:27429] [error] CoreData: error:   755
CoreData: error:   755
2026-10-05 11:53:05.574510+0000 GeoAlarm[6925:27429] [error] CoreData: error:   file is not a symbolic link
CoreData: error:   file is not a symbolic link
2026-10-05 11:53:05.574654+0000 GeoAlarm[6925:27429] [error] CoreData: error:   Sandbox access to file-write-create allowed
CoreData: error:   Sandbox access to file-write-create allowed
2026-10-05 11:53:05.574766+0000 GeoAlarm[6925:27429] [error] CoreData: error: Executing as effective user 501
CoreData: error: Executing as effective user 501
2026-10-05 11:53:05.574832+0000 GeoAlarm[6925:27429] [error] CoreData: error: Information for /Users/runner/Library/Developer
CoreData: error: Information for /Users/runner/Library/Developer
2026-10-05 11:53:05.575082+0000 GeoAlarm[6925:27429] [error] CoreData: error: ---------------------------
CoreData: error: ---------------------------
2026-10-05 11:53:05.575148+0000 GeoAlarm[6925:27429] [error] CoreData: error:   File Device ID: 	0
CoreData: error:   File Device ID: 	0
2026-10-05 11:53:05.575199+0000 GeoAlarm[6925:27429] [error] CoreData: error:   Device ID: 		16777226
CoreData: error:   Device ID: 		16777226
2026-10-05 11:53:05.575264+0000 GeoAlarm[6925:27429] [error] CoreData: error:   File Size: 		160 bytes
CoreData: error:   File Size: 		160 bytes
2026-10-05 11:53:05.575314+0000 GeoAlarm[6925:27429] [error] CoreData: error:   File inode: 		2262946
CoreData: error:   File inode: 		2262946
2026-10-05 11:53:05.575362+0000 GeoAlarm[6925:27429] [error] CoreData: error:   File user ID: 		501
CoreData: error:   File user ID: 		501
2026-10-05 11:53:05.575416+0000 GeoAlarm[6925:27429] [error] CoreData: error:   File group ID: 		20
CoreData: error:   File group ID: 		20
2026-10-05 11:53:05.575691+0000 GeoAlarm[6925:27429] [error] CoreData: error:   File Permissions:
CoreData: error:   File Permissions: 	
2026-10-05 11:53:05.575748+0000 GeoAlarm[6925:27429] [error] CoreData: error: d
CoreData: error: d
2026-10-05 11:53:05.575797+0000 GeoAlarm[6925:27429] [error] CoreData: error:   755
CoreData: error:   755
2026-10-05 11:53:05.575844+0000 GeoAlarm[6925:27429] [error] CoreData: error:   file is not a symbolic link
CoreData: error:   file is not a symbolic link
2026-10-05 11:53:05.575917+0000 GeoAlarm[6925:27429] [error] CoreData: error:   Sandbox access to file-write-create allowed
CoreData: error:   Sandbox access to file-write-create allowed
2026-10-05 11:53:05.575991+0000 GeoAlarm[6925:27429] [error] CoreData: error: Executing as effective user 501
CoreData: error: Executing as effective user 501
2026-10-05 11:53:05.576043+0000 GeoAlarm[6925:27429] [error] CoreData: error: Information for /Users/runner/Library
CoreData: error: Information for /Users/runner/Library
2026-10-05 11:53:05.576442+0000 GeoAlarm[6925:27429] [error] CoreData: error: ---------------------------
CoreData: error: ---------------------------
2026-10-05 11:53:05.576536+0000 GeoAlarm[6925:27429] [error] CoreData: error:   File Device ID: 	0
CoreData: error:   File Device ID: 	0
2026-10-05 11:53:05.576618+0000 GeoAlarm[6925:27429] [error] CoreData: error:   Device ID: 		16777226
CoreData: error:   Device ID: 		16777226
2026-10-05 11:53:05.576700+0000 GeoAlarm[6925:27429] [error] CoreData: error:   File Size: 		2688 bytes
CoreData: error:   File Size: 		2688 bytes
2026-10-05 11:53:05.576800+0000 GeoAlarm[6925:27429] [error] CoreData: error:   File inode: 		35809
CoreData: error:   File inode: 		35809
2026-10-05 11:53:05.576884+0000 GeoAlarm[6925:27429] [error] CoreData: error:   File user ID: 		501
CoreData: error:   File user ID: 		501
2026-10-05 11:53:05.576973+0000 GeoAlarm[6925:27429] [error] CoreData: error:   File group ID: 		20
CoreData: error:   File group ID: 		20
2026-10-05 11:53:05.577089+0000 GeoAlarm[6925:27429] [error] CoreData: error:   File Permissions:
CoreData: error:   File Permissions: 	
2026-10-05 11:53:05.577566+0000 GeoAlarm[6925:27429] [error] CoreData: error: d
CoreData: error: d
2026-10-05 11:53:05.577632+0000 GeoAlarm[6925:27429] [error] CoreData: error:   700
CoreData: error:   700
2026-10-05 11:53:05.577679+0000 GeoAlarm[6925:27429] [error] CoreData: error:   file is not a symbolic link
CoreData: error:   file is not a symbolic link
2026-10-05 11:53:05.577749+0000 GeoAlarm[6925:27429] [error] CoreData: error:   Sandbox access to file-write-create allowed
CoreData: error:   Sandbox access to file-write-create allowed
2026-10-05 11:53:05.577817+0000 GeoAlarm[6925:27429] [error] CoreData: error: Executing as effective user 501
CoreData: error: Executing as effective user 501
2026-10-05 11:53:05.577868+0000 GeoAlarm[6925:27429] [error] CoreData: error: Information for /Users/runner
CoreData: error: Information for /Users/runner
2026-10-05 11:53:05.577912+0000 GeoAlarm[6925:27429] [error] CoreData: error: ---------------------------
CoreData: error: ---------------------------
2026-10-05 11:53:05.578402+0000 GeoAlarm[6925:27429] [error] CoreData: error:   File Device ID: 	0
CoreData: error:   File Device ID: 	0
2026-10-05 11:53:05.578455+0000 GeoAlarm[6925:27429] [error] CoreData: error:   Device ID: 		16777226
CoreData: error:   Device ID: 		16777226
2026-10-05 11:53:05.578510+0000 GeoAlarm[6925:27429] [error] CoreData: error:   File Size: 		1312 bytes
CoreData: error:   File Size: 		1312 bytes
2026-10-05 11:53:05.578558+0000 GeoAlarm[6925:27429] [error] CoreData: error:   File inode: 		35800
CoreData: error:   File inode: 		35800
2026-10-05 11:53:05.578602+0000 GeoAlarm[6925:27429] [error] CoreData: error:   File user ID: 		501
CoreData: error:   File user ID: 		501
2026-10-05 11:53:05.578647+0000 GeoAlarm[6925:27429] [error] CoreData: error:   File group ID: 		20
CoreData: error:   File group ID: 		20
2026-10-05 11:53:05.578692+0000 GeoAlarm[6925:27429] [error] CoreData: error:   File Permissions:
CoreData: error:   File Permissions: 	
2026-10-05 11:53:05.579478+0000 GeoAlarm[6925:27429] [error] CoreData: error: d
CoreData: error: d
2026-10-05 11:53:05.579538+0000 GeoAlarm[6925:27429] [error] CoreData: error:   750
CoreData: error:   750
2026-10-05 11:53:05.579584+0000 GeoAlarm[6925:27429] [error] CoreData: error:   file is not a symbolic link
CoreData: error:   file is not a symbolic link
2026-10-05 11:53:05.579666+0000 GeoAlarm[6925:27429] [error] CoreData: error:   Sandbox access to file-write-create allowed
CoreData: error:   Sandbox access to file-write-create allowed
2026-10-05 11:53:05.579737+0000 GeoAlarm[6925:27429] [error] CoreData: error: Executing as effective user 501
CoreData: error: Executing as effective user 501
2026-10-05 11:53:05.579788+0000 GeoAlarm[6925:27429] [error] CoreData: error: Information for /Users
CoreData: error: Information for /Users
2026-10-05 11:53:05.579857+0000 GeoAlarm[6925:27429] [error] CoreData: error: ---------------------------
CoreData: error: ---------------------------
2026-10-05 11:53:05.582318+0000 GeoAlarm[6925:27429] [error] CoreData: error:   File Device ID: 	0
CoreData: error:   File Device ID: 	0
2026-10-05 11:53:05.582413+0000 GeoAlarm[6925:27429] [error] CoreData: error:   Device ID: 		16777226
CoreData: error:   Device ID: 		16777226
2026-10-05 11:53:05.582474+0000 GeoAlarm[6925:27429] [error] CoreData: error:   File Size: 		160 bytes
CoreData: error:   File Size: 		160 bytes
2026-10-05 11:53:05.582531+0000 GeoAlarm[6925:27429] [error] CoreData: error:   File inode: 		18483
CoreData: error:   File inode: 		18483
2026-10-05 11:53:05.582582+0000 GeoAlarm[6925:27429] [error] CoreData: error:   File user ID: 		0
CoreData: error:   File user ID: 		0
2026-10-05 11:53:05.582630+0000 GeoAlarm[6925:27429] [error] CoreData: error:   File group ID: 		80
CoreData: error:   File group ID: 		80
2026-10-05 11:53:05.582679+0000 GeoAlarm[6925:27429] [error] CoreData: error:   File Permissions:
CoreData: error:   File Permissions: 	
2026-10-05 11:53:05.582725+0000 GeoAlarm[6925:27429] [error] CoreData: error: d
CoreData: error: d
2026-10-05 11:53:05.582994+0000 GeoAlarm[6925:27429] [error] CoreData: error:   755
CoreData: error:   755
2026-10-05 11:53:05.583049+0000 GeoAlarm[6925:27429] [error] CoreData: error:   file is not a symbolic link
CoreData: error:   file is not a symbolic link
2026-10-05 11:53:05.583229+0000 GeoAlarm[6925:27429] [error] CoreData: error:   Sandbox access to file-write-create allowed
CoreData: error:   Sandbox access to file-write-create allowed
2026-10-05 11:53:05.583320+0000 GeoAlarm[6925:27429] [error] CoreData: error: Executing as effective user 501
CoreData: error: Executing as effective user 501
2026-10-05 11:53:05.583374+0000 GeoAlarm[6925:27429] [error] CoreData: error: Information for /
CoreData: error: Information for /
2026-10-05 11:53:05.583425+0000 GeoAlarm[6925:27429] [error] CoreData: error: ---------------------------
CoreData: error: ---------------------------
2026-10-05 11:53:05.583468+0000 GeoAlarm[6925:27429] [error] CoreData: error:   File Device ID: 	0
CoreData: error:   File Device ID: 	0
2026-10-05 11:53:05.583934+0000 GeoAlarm[6925:27429] [error] CoreData: error:   Device ID: 		16777226
CoreData: error:   Device ID: 		16777226
2026-10-05 11:53:05.583999+0000 GeoAlarm[6925:27429] [error] CoreData: error:   File Size: 		704 bytes
CoreData: error:   File Size: 		704 bytes
2026-10-05 11:53:05.584054+0000 GeoAlarm[6925:27429] [error] CoreData: error:   File inode: 		2
CoreData: error:   File inode: 		2
2026-10-05 11:53:05.584152+0000 GeoAlarm[6925:27429] [error] CoreData: error:   File user ID: 		0
CoreData: error:   File user ID: 		0
2026-10-05 11:53:05.584209+0000 GeoAlarm[6925:27429] [error] CoreData: error:   File group ID: 		0
CoreData: error:   File group ID: 		0
2026-10-05 11:53:05.584258+0000 GeoAlarm[6925:27429] [error] CoreData: error:   File Permissions:
CoreData: error:   File Permissions: 	
2026-10-05 11:53:05.584307+0000 GeoAlarm[6925:27429] [error] CoreData: error: d
CoreData: error: d
2026-10-05 11:53:05.585035+0000 GeoAlarm[6925:27429] [error] CoreData: error:   755
CoreData: error:   755
2026-10-05 11:53:05.585113+0000 GeoAlarm[6925:27429] [error] CoreData: error:   file is not a symbolic link
CoreData: error:   file is not a symbolic link
2026-10-05 11:53:05.585274+0000 GeoAlarm[6925:27429] [error] CoreData: error:   Sandbox access to file-write-create allowed
CoreData: error:   Sandbox access to file-write-create allowed
2026-10-05 11:53:05.585386+0000 GeoAlarm[6925:27429] [error] CoreData: error: Logging status information for directory path: /Users/runner/Library/Developer/CoreSimulator/Devices/22452A91-4697-4369-8812-53ADB77EB73B/data/Containers/Data/Application/ED30343B-1FF2-4278-A01E-1021BBBF5AF9/Library/Application Support
CoreData: error: Logging status information for directory path: /Users/runner/Library/Developer/CoreSimulator/Devices/22452A91-4697-4369-8812-53ADB77EB73B/data/Containers/Data/Application/ED30343B-1FF2-4278-A01E-1021BBBF5AF9/Library/Application Support
2026-10-05 11:53:05.585461+0000 GeoAlarm[6925:27429] [error] CoreData: error: Executing as effective user 501
CoreData: error: Executing as effective user 501
2026-10-05 11:53:05.585915+0000 GeoAlarm[6925:27429] [error] CoreData: error: Information for /
CoreData: error: Information for /
2026-10-05 11:53:05.585972+0000 GeoAlarm[6925:27429] [error] CoreData: error:   File Device ID: 	0
CoreData: error:   File Device ID: 	0
2026-10-05 11:53:05.586018+0000 GeoAlarm[6925:27429] [error] CoreData: error:   Device ID: 		16777226
CoreData: error:   Device ID: 		16777226
2026-10-05 11:53:05.586065+0000 GeoAlarm[6925:27429] [error] CoreData: error:   File Size: 		704 bytes
CoreData: error:   File Size: 		704 bytes
2026-10-05 11:53:05.586114+0000 GeoAlarm[6925:27429] [error] CoreData: error:   File inode: 		2
CoreData: error:   File inode: 		2
2026-10-05 11:53:05.586161+0000 GeoAlarm[6925:27429] [error] CoreData: error:   File user ID: 		0
CoreData: error:   File user ID: 		0
2026-10-05 11:53:05.586209+0000 GeoAlarm[6925:27429] [error] CoreData: error:   File group ID: 		0
CoreData: error:   File group ID: 		0
2026-10-05 11:53:05.586572+0000 GeoAlarm[6925:27429] [error] CoreData: error:   File Permissions:
CoreData: error:   File Permissions: 	
2026-10-05 11:53:05.586620+0000 GeoAlarm[6925:27429] [error] CoreData: error: d
CoreData: error: d
2026-10-05 11:53:05.586672+0000 GeoAlarm[6925:27429] [error] CoreData: error:   755
CoreData: error:   755
2026-10-05 11:53:05.586719+0000 GeoAlarm[6925:27429] [error] CoreData: error:   component is not a symbolic link
CoreData: error:   component is not a symbolic link
2026-10-05 11:53:05.586784+0000 GeoAlarm[6925:27429] [error] CoreData: error:   component is readable
CoreData: error:   component is readable
2026-10-05 11:53:05.586842+0000 GeoAlarm[6925:27429] [error] CoreData: error:   component is not writeable with errno 30
CoreData: error:   component is not writeable with errno 30
2026-10-05 11:53:05.586905+0000 GeoAlarm[6925:27429] [error] CoreData: error: Information for /Users
CoreData: error: Information for /Users
2026-10-05 11:53:05.587306+0000 GeoAlarm[6925:27429] [error] CoreData: error:   File Device ID: 	0
CoreData: error:   File Device ID: 	0
2026-10-05 11:53:05.587362+0000 GeoAlarm[6925:27429] [error] CoreData: error:   Device ID: 		16777226
CoreData: error:   Device ID: 		16777226
2026-10-05 11:53:05.587414+0000 GeoAlarm[6925:27429] [error] CoreData: error:   File Size: 		160 bytes
CoreData: error:   File Size: 		160 bytes
2026-10-05 11:53:05.587481+0000 GeoAlarm[6925:27429] [error] CoreData: error:   File inode: 		18483
CoreData: error:   File inode: 		18483
2026-10-05 11:53:05.587543+0000 GeoAlarm[6925:27429] [error] CoreData: error:   File user ID: 		0
CoreData: error:   File user ID: 		0
2026-10-05 11:53:05.587586+0000 GeoAlarm[6925:27429] [error] CoreData: error:   File group ID: 		80
CoreData: error:   File group ID: 		80
2026-10-05 11:53:05.587630+0000 GeoAlarm[6925:27429] [error] CoreData: error:   File Permissions:
CoreData: error:   File Permissions: 	
2026-10-05 11:53:05.587789+0000 GeoAlarm[6925:27429] [error] CoreData: error: d
CoreData: error: d
2026-10-05 11:53:05.589143+0000 GeoAlarm[6925:27429] [error] CoreData: error:   755
CoreData: error:   755
2026-10-05 11:53:05.589359+0000 GeoAlarm[6925:27429] [error] CoreData: error:   component is not a symbolic link
CoreData: error:   component is not a symbolic link
2026-10-05 11:53:05.589563+0000 GeoAlarm[6925:27429] [error] CoreData: error:   component is readable
CoreData: error:   component is readable
2026-10-05 11:53:05.589647+0000 GeoAlarm[6925:27429] [error] CoreData: error:   component is not writeable with errno 13
CoreData: error:   component is not writeable with errno 13
2026-10-05 11:53:05.589734+0000 GeoAlarm[6925:27429] [error] CoreData: error: Information for /Users/runner
CoreData: error: Information for /Users/runner
2026-10-05 11:53:05.589793+0000 GeoAlarm[6925:27429] [error] CoreData: error:   File Device ID: 	0
CoreData: error:   File Device ID: 	0
2026-10-05 11:53:05.589863+0000 GeoAlarm[6925:27429] [error] CoreData: error:   Device ID: 		16777226
CoreData: error:   Device ID: 		16777226
2026-10-05 11:53:05.592397+0000 GeoAlarm[6925:27429] [error] CoreData: error:   File Size: 		1312 bytes
CoreData: error:   File Size: 		1312 bytes
2026-10-05 11:53:05.592495+0000 GeoAlarm[6925:27429] [error] CoreData: error:   File inode: 		35800
CoreData: error:   File inode: 		35800
2026-10-05 11:53:05.592571+0000 GeoAlarm[6925:27429] [error] CoreData: error:   File user ID: 		501
CoreData: error:   File user ID: 		501
2026-10-05 11:53:05.592623+0000 GeoAlarm[6925:27429] [error] CoreData: error:   File group ID: 		20
CoreData: error:   File group ID: 		20
2026-10-05 11:53:05.592709+0000 GeoAlarm[6925:27429] [error] CoreData: error:   File Permissions:
CoreData: error:   File Permissions: 	
2026-10-05 11:53:05.592765+0000 GeoAlarm[6925:27429] [error] CoreData: error: d
CoreData: error: d
2026-10-05 11:53:05.592936+0000 GeoAlarm[6925:27429] [error] CoreData: error:   750
CoreData: error:   750
2026-10-05 11:53:05.593047+0000 GeoAlarm[6925:27429] [error] CoreData: error:   component is not a symbolic link
CoreData: error:   component is not a symbolic link
2026-10-05 11:53:05.598193+0000 GeoAlarm[6925:27429] [error] CoreData: error:   component is readable
CoreData: error:   component is readable
2026-10-05 11:53:05.598371+0000 GeoAlarm[6925:27429] [error] CoreData: error:   component is writeable
CoreData: error:   component is writeable
2026-10-05 11:53:05.598477+0000 GeoAlarm[6925:27429] [error] CoreData: error: Information for /Users/runner/Library
CoreData: error: Information for /Users/runner/Library
2026-10-05 11:53:05.598540+0000 GeoAlarm[6925:27429] [error] CoreData: error:   File Device ID: 	0
CoreData: error:   File Device ID: 	0
2026-10-05 11:53:05.598603+0000 GeoAlarm[6925:27429] [error] CoreData: error:   Device ID: 		16777226
CoreData: error:   Device ID: 		16777226
2026-10-05 11:53:05.598710+0000 GeoAlarm[6925:27429] [error] CoreData: error:   File Size: 		2688 bytes
CoreData: error:   File Size: 		2688 bytes
2026-10-05 11:53:05.599502+0000 GeoAlarm[6925:27429] [error] CoreData: error:   File inode: 		35809
CoreData: error:   File inode: 		35809
2026-10-05 11:53:05.599571+0000 GeoAlarm[6925:27429] [error] CoreData: error:   File user ID: 		501
CoreData: error:   File user ID: 		501
2026-10-05 11:53:05.599620+0000 GeoAlarm[6925:27429] [error] CoreData: error:   File group ID: 		20
CoreData: error:   File group ID: 		20
2026-10-05 11:53:05.599667+0000 GeoAlarm[6925:27429] [error] CoreData: error:   File Permissions:
CoreData: error:   File Permissions: 	
2026-10-05 11:53:05.599712+0000 GeoAlarm[6925:27429] [error] CoreData: error: d
CoreData: error: d
2026-10-05 11:53:05.599760+0000 GeoAlarm[6925:27429] [error] CoreData: error:   700
CoreData: error:   700
2026-10-05 11:53:05.599919+0000 GeoAlarm[6925:27429] [error] CoreData: error:   component is not a symbolic link
CoreData: error:   component is not a symbolic link
2026-10-05 11:53:05.600032+0000 GeoAlarm[6925:27429] [error] CoreData: error:   component is readable
CoreData: error:   component is readable
2026-10-05 11:53:05.614483+0000 GeoAlarm[6925:27429] [error] CoreData: error:   component is writeable
CoreData: error:   component is writeable
2026-10-05 11:53:05.614599+0000 GeoAlarm[6925:27429] [error] CoreData: error: Information for /Users/runner/Library/Developer
CoreData: error: Information for /Users/runner/Library/Developer
2026-10-05 11:53:05.614664+0000 GeoAlarm[6925:27429] [error] CoreData: error:   File Device ID: 	0
CoreData: error:   File Device ID: 	0
2026-10-05 11:53:05.614714+0000 GeoAlarm[6925:27429] [error] CoreData: error:   Device ID: 		16777226
CoreData: error:   Device ID: 		16777226
2026-10-05 11:53:05.614761+0000 GeoAlarm[6925:27429] [error] CoreData: error:   File Size: 		160 bytes
CoreData: error:   File Size: 		160 bytes
2026-10-05 11:53:05.614812+0000 GeoAlarm[6925:27429] [error] CoreData: error:   File inode: 		2262946
CoreData: error:   File inode: 		2262946
2026-10-05 11:53:05.614881+0000 GeoAlarm[6925:27429] [error] CoreData: error:   File user ID: 		501
CoreData: error:   File user ID: 		501
2026-10-05 11:53:05.615781+0000 GeoAlarm[6925:27429] [error] CoreData: error:   File group ID: 		20
CoreData: error:   File group ID: 		20
2026-10-05 11:53:05.615897+0000 GeoAlarm[6925:27429] [error] CoreData: error:   File Permissions:
CoreData: error:   File Permissions: 	
2026-10-05 11:53:05.615979+0000 GeoAlarm[6925:27429] [error] CoreData: error: d
CoreData: error: d
2026-10-05 11:53:05.616039+0000 GeoAlarm[6925:27429] [error] CoreData: error:   755
CoreData: error:   755
2026-10-05 11:53:05.616154+0000 GeoAlarm[6925:27429] [error] CoreData: error:   component is not a symbolic link
CoreData: error:   component is not a symbolic link
2026-10-05 11:53:05.616258+0000 GeoAlarm[6925:27429] [error] CoreData: error:   component is readable
CoreData: error:   component is readable
2026-10-05 11:53:05.616348+0000 GeoAlarm[6925:27429] [error] CoreData: error:   component is writeable
CoreData: error:   component is writeable
2026-10-05 11:53:05.616630+0000 GeoAlarm[6925:27429] [error] CoreData: error: Information for /Users/runner/Library/Developer/CoreSimulator
CoreData: error: Information for /Users/runner/Library/Developer/CoreSimulator
2026-10-05 11:53:05.616781+0000 GeoAlarm[6925:27429] [error] CoreData: error:   File Device ID: 	0
CoreData: error:   File Device ID: 	0
2026-10-05 11:53:05.616844+0000 GeoAlarm[6925:27429] [error] CoreData: error:   Device ID: 		16777226
CoreData: error:   Device ID: 		16777226
2026-10-05 11:53:05.616893+0000 GeoAlarm[6925:27429] [error] CoreData: error:   File Size: 		160 bytes
CoreData: error:   File Size: 		160 bytes
2026-10-05 11:53:05.616948+0000 GeoAlarm[6925:27429] [error] CoreData: error:   File inode: 		2262957
CoreData: error:   File inode: 		2262957
2026-10-05 11:53:05.617039+0000 GeoAlarm[6925:27429] [error] CoreData: error:   File user ID: 		501
CoreData: error:   File user ID: 		501
2026-10-05 11:53:05.617110+0000 GeoAlarm[6925:27429] [error] CoreData: error:   File group ID: 		20
CoreData: error:   File group ID: 		20
2026-10-05 11:53:05.617745+0000 GeoAlarm[6925:27429] [error] CoreData: error:   File Permissions:
CoreData: error:   File Permissions: 	
2026-10-05 11:53:05.617803+0000 GeoAlarm[6925:27429] [error] CoreData: error: d
CoreData: error: d
2026-10-05 11:53:05.617849+0000 GeoAlarm[6925:27429] [error] CoreData: error:   755
CoreData: error:   755
2026-10-05 11:53:05.617903+0000 GeoAlarm[6925:27429] [error] CoreData: error:   component is not a symbolic link
CoreData: error:   component is not a symbolic link
2026-10-05 11:53:05.617983+0000 GeoAlarm[6925:27429] [error] CoreData: error:   component is readable
CoreData: error:   component is readable
2026-10-05 11:53:05.618045+0000 GeoAlarm[6925:27429] [error] CoreData: error:   component is writeable
CoreData: error:   component is writeable
2026-10-05 11:53:05.618120+0000 GeoAlarm[6925:27429] [error] CoreData: error: Information for /Users/runner/Library/Developer/CoreSimulator/Devices
CoreData: error: Information for /Users/runner/Library/Developer/CoreSimulator/Devices
2026-10-05 11:53:05.619061+0000 GeoAlarm[6925:27429] [error] CoreData: error:   File Device ID: 	0
CoreData: error:   File Device ID: 	0
2026-10-05 11:53:05.619240+0000 GeoAlarm[6925:27429] [error] CoreData: error:   Device ID: 		16777226
CoreData: error:   Device ID: 		16777226
2026-10-05 11:53:05.619316+0000 GeoAlarm[6925:27429] [error] CoreData: error:   File Size: 		2016 bytes
CoreData: error:   File Size: 		2016 bytes
2026-10-05 11:53:05.619376+0000 GeoAlarm[6925:27429] [error] CoreData: error:   File inode: 		2263005
CoreData: error:   File inode: 		2263005
2026-10-05 11:53:05.619496+0000 GeoAlarm[6925:27429] [error] CoreData: error:   File user ID: 		501
CoreData: error:   File user ID: 		501
2026-10-05 11:53:05.619563+0000 GeoAlarm[6925:27429] [error] CoreData: error:   File group ID: 		20
CoreData: error:   File group ID: 		20
2026-10-05 11:53:05.619621+0000 GeoAlarm[6925:27429] [error] CoreData: error:   File Permissions:
CoreData: error:   File Permissions: 	
2026-10-05 11:53:05.619836+0000 GeoAlarm[6925:27429] [error] CoreData: error: d
CoreData: error: d
2026-10-05 11:53:05.619892+0000 GeoAlarm[6925:27429] [error] CoreData: error:   755
CoreData: error:   755
2026-10-05 11:53:05.619954+0000 GeoAlarm[6925:27429] [error] CoreData: error:   component is not a symbolic link
CoreData: error:   component is not a symbolic link
2026-10-05 11:53:05.620052+0000 GeoAlarm[6925:27429] [error] CoreData: error:   component is readable
CoreData: error:   component is readable
2026-10-05 11:53:05.620126+0000 GeoAlarm[6925:27429] [error] CoreData: error:   component is writeable
CoreData: error:   component is writeable
2026-10-05 11:53:05.620215+0000 GeoAlarm[6925:27429] [error] CoreData: error: Information for /Users/runner/Library/Developer/CoreSimulator/Devices/22452A91-4697-4369-8812-53ADB77EB73B
CoreData: error: Information for /Users/runner/Library/Developer/CoreSimulator/Devices/22452A91-4697-4369-8812-53ADB77EB73B
2026-10-05 11:53:05.620282+0000 GeoAlarm[6925:27429] [error] CoreData: error:   File Device ID: 	0
CoreData: error:   File Device ID: 	0
2026-10-05 11:53:05.620567+0000 GeoAlarm[6925:27429] [error] CoreData: error:   Device ID: 		16777226
CoreData: error:   Device ID: 		16777226
2026-10-05 11:53:05.620654+0000 GeoAlarm[6925:27429] [error] CoreData: error:   File Size: 		160 bytes
CoreData: error:   File Size: 		160 bytes
2026-10-05 11:53:05.620704+0000 GeoAlarm[6925:27429] [error] CoreData: error:   File inode: 		2284948
CoreData: error:   File inode: 		2284948
2026-10-05 11:53:05.620759+0000 GeoAlarm[6925:27429] [error] CoreData: error:   File user ID: 		501
CoreData: error:   File user ID: 		501
2026-10-05 11:53:05.620807+0000 GeoAlarm[6925:27429] [error] CoreData: error:   File group ID: 		20
CoreData: error:   File group ID: 		20
2026-10-05 11:53:05.620860+0000 GeoAlarm[6925:27429] [error] CoreData: error:   File Permissions:
CoreData: error:   File Permissions: 	
2026-10-05 11:53:05.620919+0000 GeoAlarm[6925:27429] [error] CoreData: error: d
CoreData: error: d
2026-10-05 11:53:05.621402+0000 GeoAlarm[6925:27429] [error] CoreData: error:   755
CoreData: error:   755
2026-10-05 11:53:05.621574+0000 GeoAlarm[6925:27429] [error] CoreData: error:   component is not a symbolic link
CoreData: error:   component is not a symbolic link
2026-10-05 11:53:05.621799+0000 GeoAlarm[6925:27429] [error] CoreData: error:   component is readable
CoreData: error:   component is readable
2026-10-05 11:53:05.621960+0000 GeoAlarm[6925:27429] [error] CoreData: error:   component is writeable
CoreData: error:   component is writeable
2026-10-05 11:53:05.622075+0000 GeoAlarm[6925:27429] [error] CoreData: error: Information for /Users/runner/Library/Developer/CoreSimulator/Devices/22452A91-4697-4369-8812-53ADB77EB73B/data
CoreData: error: Information for /Users/runner/Library/Developer/CoreSimulator/Devices/22452A91-4697-4369-8812-53ADB77EB73B/data
2026-10-05 11:53:05.622143+0000 GeoAlarm[6925:27429] [error] CoreData: error:   File Device ID: 	0
CoreData: error:   File Device ID: 	0
2026-10-05 11:53:05.627816+0000 GeoAlarm[6925:27429] [error] CoreData: error:   Device ID: 		16777226
CoreData: error:   Device ID: 		16777226
2026-10-05 11:53:05.628085+0000 GeoAlarm[6925:27429] [error] CoreData: error:   File Size: 		384 bytes
CoreData: error:   File Size: 		384 bytes
2026-10-05 11:53:05.628237+0000 GeoAlarm[6925:27429] [error] CoreData: error:   File inode: 		2284950
CoreData: error:   File inode: 		2284950
2026-10-05 11:53:05.628300+0000 GeoAlarm[6925:27429] [error] CoreData: error:   File user ID: 		501
CoreData: error:   File user ID: 		501
2026-10-05 11:53:05.628355+0000 GeoAlarm[6925:27429] [error] CoreData: error:   File group ID: 		20
CoreData: error:   File group ID: 		20
2026-10-05 11:53:05.628426+0000 GeoAlarm[6925:27429] [error] CoreData: error:   File Permissions:
CoreData: error:   File Permissions: 	
2026-10-05 11:53:05.628481+0000 GeoAlarm[6925:27429] [error] CoreData: error: d
CoreData: error: d
2026-10-05 11:53:05.628536+0000 GeoAlarm[6925:27429] [error] CoreData: error:   775
CoreData: error:   775
2026-10-05 11:53:05.629140+0000 GeoAlarm[6925:27429] [error] CoreData: error:   component is not a symbolic link
CoreData: error:   component is not a symbolic link
2026-10-05 11:53:05.629391+0000 GeoAlarm[6925:27429] [error] CoreData: error:   component is readable
CoreData: error:   component is readable
2026-10-05 11:53:05.629566+0000 GeoAlarm[6925:27429] [error] CoreData: error:   component is writeable
CoreData: error:   component is writeable
2026-10-05 11:53:05.629730+0000 GeoAlarm[6925:27429] [error] CoreData: error: Information for /Users/runner/Library/Developer/CoreSimulator/Devices/22452A91-4697-4369-8812-53ADB77EB73B/data/Containers
CoreData: error: Information for /Users/runner/Library/Developer/CoreSimulator/Devices/22452A91-4697-4369-8812-53ADB77EB73B/data/Containers
2026-10-05 11:53:05.629816+0000 GeoAlarm[6925:27429] [error] CoreData: error:   File Device ID: 	0
CoreData: error:   File Device ID: 	0
2026-10-05 11:53:05.629869+0000 GeoAlarm[6925:27429] [error] CoreData: error:   Device ID: 		16777226
CoreData: error:   Device ID: 		16777226
2026-10-05 11:53:05.630392+0000 GeoAlarm[6925:27429] [error] CoreData: error:   File Size: 		224 bytes
CoreData: error:   File Size: 		224 bytes
2026-10-05 11:53:05.630456+0000 GeoAlarm[6925:27429] [error] CoreData: error:   File inode: 		2954732
CoreData: error:   File inode: 		2954732
2026-10-05 11:53:05.630573+0000 GeoAlarm[6925:27429] [error] CoreData: error:   File user ID: 		501
CoreData: error:   File user ID: 		501
2026-10-05 11:53:05.630654+0000 GeoAlarm[6925:27429] [error] CoreData: error:   File group ID: 		20
CoreData: error:   File group ID: 		20
2026-10-05 11:53:05.630708+0000 GeoAlarm[6925:27429] [error] CoreData: error:   File Permissions:
CoreData: error:   File Permissions: 	
2026-10-05 11:53:05.630755+0000 GeoAlarm[6925:27429] [error] CoreData: error: d
CoreData: error: d
2026-10-05 11:53:05.630845+0000 GeoAlarm[6925:27429] [error] CoreData: error:   755
CoreData: error:   755
2026-10-05 11:53:05.630902+0000 GeoAlarm[6925:27429] [error] CoreData: error:   component is not a symbolic link
CoreData: error:   component is not a symbolic link
2026-10-05 11:53:05.631306+0000 GeoAlarm[6925:27429] [error] CoreData: error:   component is readable
CoreData: error:   component is readable
2026-10-05 11:53:05.631397+0000 GeoAlarm[6925:27429] [error] CoreData: error:   component is writeable
CoreData: error:   component is writeable
2026-10-05 11:53:05.631620+0000 GeoAlarm[6925:27429] [error] CoreData: error: Information for /Users/runner/Library/Developer/CoreSimulator/Devices/22452A91-4697-4369-8812-53ADB77EB73B/data/Containers/Data
CoreData: error: Information for /Users/runner/Library/Developer/CoreSimulator/Devices/22452A91-4697-4369-8812-53ADB77EB73B/data/Containers/Data
2026-10-05 11:53:05.631752+0000 GeoAlarm[6925:27429] [error] CoreData: error:   File Device ID: 	0
CoreData: error:   File Device ID: 	0
2026-10-05 11:53:05.631820+0000 GeoAlarm[6925:27429] [error] CoreData: error:   Device ID: 		16777226
CoreData: error:   Device ID: 		16777226
2026-10-05 11:53:05.633068+0000 GeoAlarm[6925:27429] [error] CoreData: error:   File Size: 		192 bytes
CoreData: error:   File Size: 		192 bytes
2026-10-05 11:53:05.633269+0000 GeoAlarm[6925:27429] [error] CoreData: error:   File inode: 		2954748
CoreData: error:   File inode: 		2954748
2026-10-05 11:53:05.633393+0000 GeoAlarm[6925:27429] [error] CoreData: error:   File user ID: 		501
CoreData: error:   File user ID: 		501
2026-10-05 11:53:05.633445+0000 GeoAlarm[6925:27429] [error] CoreData: error:   File group ID: 		20
CoreData: error:   File group ID: 		20
2026-10-05 11:53:05.633500+0000 GeoAlarm[6925:27429] [error] CoreData: error:   File Permissions:
CoreData: error:   File Permissions: 	
2026-10-05 11:53:05.633552+0000 GeoAlarm[6925:27429] [error] CoreData: error: d
CoreData: error: d
2026-10-05 11:53:05.633604+0000 GeoAlarm[6925:27429] [error] CoreData: error:   755
CoreData: error:   755
2026-10-05 11:53:05.633654+0000 GeoAlarm[6925:27429] [error] CoreData: error:   component is not a symbolic link
CoreData: error:   component is not a symbolic link
2026-10-05 11:53:05.640433+0000 GeoAlarm[6925:27429] [error] CoreData: error:   component is readable
CoreData: error:   component is readable
2026-10-05 11:53:05.640557+0000 GeoAlarm[6925:27429] [error] CoreData: error:   component is writeable
CoreData: error:   component is writeable
2026-10-05 11:53:05.640644+0000 GeoAlarm[6925:27429] [error] CoreData: error: Information for /Users/runner/Library/Developer/CoreSimulator/Devices/22452A91-4697-4369-8812-53ADB77EB73B/data/Containers/Data/Application
CoreData: error: Information for /Users/runner/Library/Developer/CoreSimulator/Devices/22452A91-4697-4369-8812-53ADB77EB73B/data/Containers/Data/Application
2026-10-05 11:53:05.640710+0000 GeoAlarm[6925:27429] [error] CoreData: error:   File Device ID: 	0
CoreData: error:   File Device ID: 	0
2026-10-05 11:53:05.640766+0000 GeoAlarm[6925:27429] [error] CoreData: error:   Device ID: 		16777226
CoreData: error:   Device ID: 		16777226
2026-10-05 11:53:05.640823+0000 GeoAlarm[6925:27429] [error] CoreData: error:   File Size: 		4768 bytes
CoreData: error:   File Size: 		4768 bytes
2026-10-05 11:53:05.641721+0000 GeoAlarm[6925:27429] [error] CoreData: error:   File inode: 		2954915
CoreData: error:   File inode: 		2954915
2026-10-05 11:53:05.641777+0000 GeoAlarm[6925:27429] [error] CoreData: error:   File user ID: 		501
CoreData: error:   File user ID: 		501
2026-10-05 11:53:05.641955+0000 GeoAlarm[6925:27429] [error] CoreData: error:   File group ID: 		20
CoreData: error:   File group ID: 		20
2026-10-05 11:53:05.642040+0000 GeoAlarm[6925:27429] [error] CoreData: error:   File Permissions:
CoreData: error:   File Permissions: 	
2026-10-05 11:53:05.642086+0000 GeoAlarm[6925:27429] [error] CoreData: error: d
CoreData: error: d
2026-10-05 11:53:05.642181+0000 GeoAlarm[6925:27429] [error] CoreData: error:   755
CoreData: error:   755
2026-10-05 11:53:05.642253+0000 GeoAlarm[6925:27429] [error] CoreData: error:   component is not a symbolic link
CoreData: error:   component is not a symbolic link
2026-10-05 11:53:05.643093+0000 GeoAlarm[6925:27429] [error] CoreData: error:   component is readable
CoreData: error:   component is readable
2026-10-05 11:53:05.643209+0000 GeoAlarm[6925:27429] [error] CoreData: error:   component is writeable
CoreData: error:   component is writeable
2026-10-05 11:53:05.643293+0000 GeoAlarm[6925:27429] [error] CoreData: error: Information for /Users/runner/Library/Developer/CoreSimulator/Devices/22452A91-4697-4369-8812-53ADB77EB73B/data/Containers/Data/Application/ED30343B-1FF2-4278-A01E-1021BBBF5AF9
CoreData: error: Information for /Users/runner/Library/Developer/CoreSimulator/Devices/22452A91-4697-4369-8812-53ADB77EB73B/data/Containers/Data/Application/ED30343B-1FF2-4278-A01E-1021BBBF5AF9
2026-10-05 11:53:05.643376+0000 GeoAlarm[6925:27429] [error] CoreData: error:   File Device ID: 	0
CoreData: error:   File Device ID: 	0
2026-10-05 11:53:05.643428+0000 GeoAlarm[6925:27429] [error] CoreData: error:   Device ID: 		16777226
CoreData: error:   Device ID: 		16777226
2026-10-05 11:53:05.653680+0000 GeoAlarm[6925:27429] [error] CoreData: error:   File Size: 		224 bytes
CoreData: error:   File Size: 		224 bytes
2026-10-05 11:53:05.653812+0000 GeoAlarm[6925:27429] [error] CoreData: error:   File inode: 		2964826
CoreData: error:   File inode: 		2964826
2026-10-05 11:53:05.653894+0000 GeoAlarm[6925:27429] [error] CoreData: error:   File user ID: 		501
CoreData: error:   File user ID: 		501
2026-10-05 11:53:05.653950+0000 GeoAlarm[6925:27429] [error] CoreData: error:   File group ID: 		20
CoreData: error:   File group ID: 		20
2026-10-05 11:53:05.654000+0000 GeoAlarm[6925:27429] [error] CoreData: error:   File Permissions:
CoreData: error:   File Permissions: 	
2026-10-05 11:53:05.654047+0000 GeoAlarm[6925:27429] [error] CoreData: error: d
CoreData: error: d
2026-10-05 11:53:05.654093+0000 GeoAlarm[6925:27429] [error] CoreData: error:   755
CoreData: error:   755
2026-10-05 11:53:05.654137+0000 GeoAlarm[6925:27429] [error] CoreData: error:   component is not a symbolic link
CoreData: error:   component is not a symbolic link
2026-10-05 11:53:05.656685+0000 GeoAlarm[6925:27429] [error] CoreData: error:   component is readable
CoreData: error:   component is readable
2026-10-05 11:53:05.656791+0000 GeoAlarm[6925:27429] [error] CoreData: error:   component is writeable
CoreData: error:   component is writeable
2026-10-05 11:53:05.656876+0000 GeoAlarm[6925:27429] [error] CoreData: error: Information for /Users/runner/Library/Developer/CoreSimulator/Devices/22452A91-4697-4369-8812-53ADB77EB73B/data/Containers/Data/Application/ED30343B-1FF2-4278-A01E-1021BBBF5AF9/Library
CoreData: error: Information for /Users/runner/Library/Developer/CoreSimulator/Devices/22452A91-4697-4369-8812-53ADB77EB73B/data/Containers/Data/Application/ED30343B-1FF2-4278-A01E-1021BBBF5AF9/Library
2026-10-05 11:53:05.656938+0000 GeoAlarm[6925:27429] [error] CoreData: error:   File Device ID: 	0
CoreData: error:   File Device ID: 	0
2026-10-05 11:53:05.657096+0000 GeoAlarm[6925:27429] [error] CoreData: error:   Device ID: 		16777226
CoreData: error:   Device ID: 		16777226
2026-10-05 11:53:05.657436+0000 GeoAlarm[6925:27429] [error] CoreData: error:   File Size: 		128 bytes
CoreData: error:   File Size: 		128 bytes
2026-10-05 11:53:05.657497+0000 GeoAlarm[6925:27429] [error] CoreData: error:   File inode: 		2964828
CoreData: error:   File inode: 		2964828
2026-10-05 11:53:05.657548+0000 GeoAlarm[6925:27429] [error] CoreData: error:   File user ID: 		501
CoreData: error:   File user ID: 		501
2026-10-05 11:53:05.657710+0000 GeoAlarm[6925:27429] [error] CoreData: error:   File group ID: 		20
CoreData: error:   File group ID: 		20
2026-10-05 11:53:05.657800+0000 GeoAlarm[6925:27429] [error] CoreData: error:   File Permissions:
CoreData: error:   File Permissions: 	
2026-10-05 11:53:05.657898+0000 GeoAlarm[6925:27429] [error] CoreData: error: d
CoreData: error: d
2026-10-05 11:53:05.657981+0000 GeoAlarm[6925:27429] [error] CoreData: error:   755
CoreData: error:   755
2026-10-05 11:53:05.658032+0000 GeoAlarm[6925:27429] [error] CoreData: error:   component is not a symbolic link
CoreData: error:   component is not a symbolic link
2026-10-05 11:53:05.658513+0000 GeoAlarm[6925:27429] [error] CoreData: error:   component is readable
CoreData: error:   component is readable
2026-10-05 11:53:05.658588+0000 GeoAlarm[6925:27429] [error] CoreData: error:   component is writeable
CoreData: error:   component is writeable
2026-10-05 11:53:05.658668+0000 GeoAlarm[6925:27429] [error] CoreData: error: Failed to stat path '/Users/runner/Library/Developer/CoreSimulator/Devices/22452A91-4697-4369-8812-53ADB77EB73B/data/Containers/Data/Application/ED30343B-1FF2-4278-A01E-1021BBBF5AF9/Library/Application Support', errno 2 / No such file or directory.
CoreData: error: Failed to stat path '/Users/runner/Library/Developer/CoreSimulator/Devices/22452A91-4697-4369-8812-53ADB77EB73B/data/Containers/Data/Application/ED30343B-1FF2-4278-A01E-1021BBBF5AF9/Library/Application Support', errno 2 / No such file or directory.
2026-10-05 11:53:05.659241+0000 GeoAlarm[6925:27429] [error] CoreData: error:   Sandbox access to file-write-create denied
CoreData: error:   Sandbox access to file-write-create denied
2026-10-05 11:53:05.660141+0000 GeoAlarm[6925:27429] [error] CoreData: error: addPersistentStoreWithType:configuration:URL:options:error: returned error NSCocoaErrorDomain (512)
CoreData: error: addPersistentStoreWithType:configuration:URL:options:error: returned error NSCocoaErrorDomain (512)
2026-10-05 11:53:05.660313+0000 GeoAlarm[6925:27429] [error] CoreData: error: userInfo:
CoreData: error: userInfo:
2026-10-05 11:53:05.660401+0000 GeoAlarm[6925:27429] [error] CoreData: error: 	reason : Failed to create file; code = 2
CoreData: error: 	reason : Failed to create file; code = 2
2026-10-05 11:53:05.660459+0000 GeoAlarm[6925:27429] [error] CoreData: error: storeType: SQLite
CoreData: error: storeType: SQLite
2026-10-05 11:53:05.660529+0000 GeoAlarm[6925:27429] [error] CoreData: error: configuration: default
CoreData: error: configuration: default
2026-10-05 11:53:05.660614+0000 GeoAlarm[6925:27429] [error] CoreData: error: URL: file:///Users/runner/Library/Developer/CoreSimulator/Devices/22452A91-4697-4369-8812-53ADB77EB73B/data/Containers/Data/Application/ED30343B-1FF2-4278-A01E-1021BBBF5AF9/Library/Application%20Support/default.store
CoreData: error: URL: file:///Users/runner/Library/Developer/CoreSimulator/Devices/22452A91-4697-4369-8812-53ADB77EB73B/data/Containers/Data/Application/ED30343B-1FF2-4278-A01E-1021BBBF5AF9/Library/Application%20Support/default.store
CoreData: annotation: options:
CoreData: annotation: 	NSMigratePersistentStoresAutomaticallyOption : 1
CoreData: annotation: 	NSInferMappingModelAutomaticallyOption : 1
CoreData: annotation: 	NSPersistentStoreRemoteChangeNotificationOptionKey : 1
CoreData: annotation: 	NSPersistentHistoryTrackingKey : 1
2026-10-05 11:53:05.663381+0000 GeoAlarm[6925:27429] [error] CoreData: error: <NSPersistentStoreCoordinator: 0x1048ea780>: Attempting recovery from error encountered during addPersistentStore: 0x104868570 Error Domain=NSCocoaErrorDomain Code=512 "The file couldn’t be saved." UserInfo={reason=Failed to create file; code = 2}
CoreData: error: <NSPersistentStoreCoordinator: 0x1048ea780>: Attempting recovery from error encountered during addPersistentStore: 0x104868570 Error Domain=NSCocoaErrorDomain Code=512 "The file couldn’t be saved." UserInfo={reason=Failed to create file; code = 2}
2026-10-05 11:53:05.663716+0000 GeoAlarm[6925:27429] [error] CoreData: error: During recovery, parent directory path reported as missing
CoreData: error: During recovery, parent directory path reported as missing
2026-10-05 11:53:05.674770+0000 GeoAlarm[6925:27429] [error] CoreData: error: Recovery attempt while adding <NSPersistentStoreDescription: 0x104868570> (type: SQLite, url: file:///Users/runner/Library/Developer/CoreSimulator/Devices/22452A91-4697-4369-8812-53ADB77EB73B/data/Containers/Data/Application/ED30343B-1FF2-4278-A01E-1021BBBF5AF9/Library/Application%20Support/default.store) was successful!
CoreData: error: Recovery attempt while adding <NSPersistentStoreDescription: 0x104868570> (type: SQLite, url: file:///Users/runner/Library/Developer/CoreSimulator/Devices/22452A91-4697-4369-8812-53ADB77EB73B/data/Containers/Data/Application/ED30343B-1FF2-4278-A01E-1021BBBF5AF9/Library/Application%20Support/default.store) was successful!
Test Suite 'All tests' started at 2026-10-05 11:53:08.314.
Test Suite 'GeoAlarmTests.xctest' started at 2026-10-05 11:53:08.316.
Test Suite 'GeoAlarmTests' started at 2026-10-05 11:53:08.317.
Test Case '-[GeoAlarmTests.GeoAlarmTests testDisplayTitleFallback]' started.
Test Case '-[GeoAlarmTests.GeoAlarmTests testDisplayTitleFallback]' passed (0.004 seconds).
Test Case '-[GeoAlarmTests.GeoAlarmTests testDistanceSnoozeRingsAgainOnlyWhenClose]' started.
Test Case '-[GeoAlarmTests.GeoAlarmTests testDistanceSnoozeRingsAgainOnlyWhenClose]' passed (0.002 seconds).
Test Case '-[GeoAlarmTests.GeoAlarmTests testEffectiveRadiusIsClamped]' started.
Test Case '-[GeoAlarmTests.GeoAlarmTests testEffectiveRadiusIsClamped]' passed (0.002 seconds).
Test Case '-[GeoAlarmTests.GeoAlarmTests testIsActiveHonorsDaysAndMasterSwitch]' started.
Test Case '-[GeoAlarmTests.GeoAlarmTests testIsActiveHonorsDaysAndMasterSwitch]' passed (0.002 seconds).
Test Case '-[GeoAlarmTests.GeoAlarmTests testRegionSelectorIgnoresDisabledAlarms]' started.
Test Case '-[GeoAlarmTests.GeoAlarmTests testRegionSelectorIgnoresDisabledAlarms]' passed (0.001 seconds).
Test Case '-[GeoAlarmTests.GeoAlarmTests testRegionSelectorKeepsEverythingUnderLimit]' started.
Test Case '-[GeoAlarmTests.GeoAlarmTests testRegionSelectorKeepsEverythingUnderLimit]' passed (0.001 seconds).
Test Case '-[GeoAlarmTests.GeoAlarmTests testRegionSelectorPicksNearestTwenty]' started.
Test Case '-[GeoAlarmTests.GeoAlarmTests testRegionSelectorPicksNearestTwenty]' passed (0.002 seconds).
Test Case '-[GeoAlarmTests.GeoAlarmTests testRegionSelectorRespectsCustomLimit]' started.
Test Case '-[GeoAlarmTests.GeoAlarmTests testRegionSelectorRespectsCustomLimit]' passed (0.002 seconds).
Test Case '-[GeoAlarmTests.GeoAlarmTests testRegionSelectorUsesDistanceToEdgeNotCenter]' started.
Test Case '-[GeoAlarmTests.GeoAlarmTests testRegionSelectorUsesDistanceToEdgeNotCenter]' passed (0.003 seconds).
Test Case '-[GeoAlarmTests.GeoAlarmTests testShouldFireIsFalseOnInactiveDay]' started.
Test Case '-[GeoAlarmTests.GeoAlarmTests testShouldFireIsFalseOnInactiveDay]' passed (0.001 seconds).
Test Case '-[GeoAlarmTests.GeoAlarmTests testShouldFireRequiresMatchingTransition]' started.
Test Case '-[GeoAlarmTests.GeoAlarmTests testShouldFireRequiresMatchingTransition]' passed (0.001 seconds).
Test Case '-[GeoAlarmTests.GeoAlarmTests testSoundReferenceRoundTrip]' started.
Test Case '-[GeoAlarmTests.GeoAlarmTests testSoundReferenceRoundTrip]' passed (0.001 seconds).
Test Case '-[GeoAlarmTests.GeoAlarmTests testWeekdayFromDate]' started.
Test Case '-[GeoAlarmTests.GeoAlarmTests testWeekdayFromDate]' passed (0.001 seconds).
Test Suite 'GeoAlarmTests' passed at 2026-10-05 11:53:08.484.
	 Executed 13 tests, with 0 failures (0 unexpected) in 0.022 (0.167) seconds
Test Suite 'GeoTests' started at 2026-10-05 11:53:08.484.
Test Case '-[GeoAlarmTests.GeoTests testCoordinateValidity]' started.
Test Case '-[GeoAlarmTests.GeoTests testCoordinateValidity]' passed (0.001 seconds).
Test Case '-[GeoAlarmTests.GeoTests testDistanceToSelfIsZero]' started.
Test Case '-[GeoAlarmTests.GeoTests testDistanceToSelfIsZero]' passed (0.158 seconds).
Test Case '-[GeoAlarmTests.GeoTests testFormatDistance]' started.
Test Case '-[GeoAlarmTests.GeoTests testFormatDistance]' passed (0.001 seconds).
Test Case '-[GeoAlarmTests.GeoTests testIsWithinRadius]' started.
Test Case '-[GeoAlarmTests.GeoTests testIsWithinRadius]' passed (0.001 seconds).
Test Case '-[GeoAlarmTests.GeoTests testOneDegreeOfLatitudeIsAbout111Km]' started.
Test Case '-[GeoAlarmTests.GeoTests testOneDegreeOfLatitudeIsAbout111Km]' passed (0.002 seconds).
Test Case '-[GeoAlarmTests.GeoTests testSaoPauloToRioIsAbout357Km]' started.
Test Case '-[GeoAlarmTests.GeoTests testSaoPauloToRioIsAbout357Km]' passed (0.002 seconds).
Test Suite 'GeoTests' passed at 2026-10-05 11:53:08.651.
	 Executed 6 tests, with 0 failures (0 unexpected) in 0.164 (0.167) seconds
Test Suite 'RepositoryTests' started at 2026-10-05 11:53:08.652.
Test Case '-[GeoAlarmTests.RepositoryTests testDeleteRemovesAlarm]' started.
Test Case '-[GeoAlarmTests.RepositoryTests testDeleteRemovesAlarm]' passed (0.059 seconds).
Test Case '-[GeoAlarmTests.RepositoryTests testSaveAndLoadPreservesEveryField]' started.
Test Case '-[GeoAlarmTests.RepositoryTests testSaveAndLoadPreservesEveryField]' passed (0.005 seconds).
Test Case '-[GeoAlarmTests.RepositoryTests testSaveTwiceUpdatesInsteadOfDuplicating]' started.
Test Case '-[GeoAlarmTests.RepositoryTests testSaveTwiceUpdatesInsteadOfDuplicating]' passed (0.011 seconds).
Test Case '-[GeoAlarmTests.RepositoryTests testSetEnabled]' started.
Test Case '-[GeoAlarmTests.RepositoryTests testSetEnabled]' passed (0.006 seconds).
Test Suite 'RepositoryTests' passed at 2026-10-05 11:53:08.770.
	 Executed 4 tests, with 0 failures (0 unexpected) in 0.081 (0.118) seconds
Test Suite 'SettingsRepositoryTests' started at 2026-10-05 11:53:08.770.
Test Case '-[GeoAlarmTests.SettingsRepositoryTests testPersistsThemeAndAccent]' started.
Test Case '-[GeoAlarmTests.SettingsRepositoryTests testPersistsThemeAndAccent]' passed (0.005 seconds).
Test Suite 'SettingsRepositoryTests' passed at 2026-10-05 11:53:08.777.
	 Executed 1 test, with 0 failures (0 unexpected) in 0.005 (0.006) seconds
Test Suite 'SmokeTests' started at 2026-10-05 11:53:08.777.
Test Case '-[GeoAlarmTests.SmokeTests testPipelineRuns]' started.
Test Case '-[GeoAlarmTests.SmokeTests testPipelineRuns]' passed (0.001 seconds).
Test Suite 'SmokeTests' passed at 2026-10-05 11:53:08.782.
	 Executed 1 test, with 0 failures (0 unexpected) in 0.001 (0.005) seconds
Test Suite 'VibrationTimelineTests' started at 2026-10-05 11:53:08.782.
Test Case '-[GeoAlarmTests.VibrationTimelineTests testContinuousTiming]' started.
Test Case '-[GeoAlarmTests.VibrationTimelineTests testContinuousTiming]' passed (0.002 seconds).
Test Case '-[GeoAlarmTests.VibrationTimelineTests testEveryPatternStartsWithVibrationAndHasPause]' started.
Test Case '-[GeoAlarmTests.VibrationTimelineTests testEveryPatternStartsWithVibrationAndHasPause]' passed (0.001 seconds).
Test Case '-[GeoAlarmTests.VibrationTimelineTests testNoneHasNoSegments]' started.
Test Case '-[GeoAlarmTests.VibrationTimelineTests testNoneHasNoSegments]' passed (0.010 seconds).
Test Case '-[GeoAlarmTests.VibrationTimelineTests testSosHasNineVibrations]' started.
Test Case '-[GeoAlarmTests.VibrationTimelineTests testSosHasNineVibrations]' passed (0.001 seconds).
Test Suite 'VibrationTimelineTests' passed at 2026-10-05 11:53:08.799.
	 Executed 4 tests, with 0 failures (0 unexpected) in 0.014 (0.016) seconds
Test Suite 'GeoAlarmTests.xctest' passed at 2026-10-05 11:53:08.799.
	 Executed 29 tests, with 0 failures (0 unexpected) in 0.287 (0.482) seconds
Test Suite 'All tests' passed at 2026-10-05 11:53:08.799.
	 Executed 29 tests, with 0 failures (0 unexpected) in 0.287 (0.485) seconds
2026-10-05 11:53:09.693 xcodebuild[4322:16828] [MT] IDETestOperationsObserverDebug: 263.226 elapsed -- Testing started completed.
2026-10-05 11:53:09.693 xcodebuild[4322:16828] [MT] IDETestOperationsObserverDebug: 0.000 sec, +0.000 sec -- start
2026-10-05 11:53:09.695 xcodebuild[4322:16828] [MT] IDETestOperationsObserverDebug: 263.226 sec, +263.226 sec -- end

Test session results, code coverage, and logs:
	/Users/runner/work/GeoAlarm-iOS/GeoAlarm-iOS/build/test.xcresult

** TEST SUCCEEDED **

Testing started
